dexNum,speciesId,preFormKey,evoFormKey,en,es-ES,es-419,fr,de,it,pr-BR,ko,ja,zh-Hans,zh-Hant,th,ca,eu,tr,ru,uk,pl,id,hi,vi,da,sv,tl
3,VENUSAUR,,mega,Activating Venusaurite,Activando Venusaurita,Activating Venusaurita,Avec l’objet Florizarrite activé,Bisaflornit aktivieren,Attivando Venusaurite,Activating Venusaurite,이상해꽃나이트[[를]] 통해 폼체인지,フシギバナイトを 有効に すれば,激活了妙蛙花进化石,活化了妙蛙花進化石,Activating Venusaurite,Activant Venusaurite,Activating Venusaurite,Activating Venusaurite,Активация Венузаврит,Activating Венузаврит,Aktywując: Venusauryt,Activating Venusaurite,Activating Venusaurite,Kích hoạt Venusaurite,Activating Venusaurite,Vid aktivering av Venusaurit,Activating Venusaurite
3,VENUSAUR,,gigantamax,Activating Max Mushrooms,Activando Maxisetas,Activating Maxihongo,Avec l’objet Maxi Champis activé,Dyna-Pilz aktivieren,Attivando Fungomax,Activating Max Mushrooms,다이버섯[[를]] 통해 폼체인지,ダイキノコを 有効に すれば,激活了极巨菇菇,活化了極巨菇菇,Activating Max Mushrooms,Activant Max Mushrooms,Activating Max Mushrooms,Activating Maksi Mantarlar,Активация Макс-Грибы,Activating Max Mushrooms,Aktywując: Max Mushrooms,Activating Jamur Max,Activating मैक्स मुशरूम,Kích hoạt Nấm Max,Activating Max Mushrooms,Vid aktivering av Maxsvampar,Activating Max Mushrooms
3,VENUSAUR,mega,,Deactivating Venusaurite,Desactivando Venusaurita,Deactivating Venusaurita,Avec l’objet Florizarrite désactivé,Bisaflornit deaktivieren,Disattivando Venusaurite,Deactivating Venusaurite,이상해꽃나이트[[를]] 통해 비활성화,フシギバナイトを 無効に すれば,禁用了妙蛙花进化石,禁用了妙蛙花進化石,Deactivating Venusaurite,Desactivant Venusaurite,Deactivating Venusaurite,Deactivating Venusaurite,Деактивация Венузаврит,Deactivating Венузаврит,Dezaktywując: Venusauryt,Deactivating Venusaurite,Deactivating Venusaurite,Vô Hiệu Hoá Venusaurite,Deactivating Venusaurite,Vid avaktivering av Venusaurit,Deactivating Venusaurite
3,VENUSAUR,gigantamax,,Deactivating Max Mushrooms,Desactivando Maxisetas,Deactivating Maxihongo,Avec l’objet Maxi Champis désactivé,Dyna-Pilz deaktivieren,Disattivando Fungomax,Deactivating Max Mushrooms,다이버섯[[를]] 통해 비활성화,ダイキノコを 無効に すれば,禁用了极巨菇菇,禁用了極巨菇菇,Deactivating Max Mushrooms,Desactivant Max Mushrooms,Deactivating Max Mushrooms,Deactivating Maksi Mantarlar,Деактивация Макс-Грибы,Deactivating Max Mushrooms,Dezaktywując: Max Mushrooms,Deactivating Jamur Max,Deactivating मैक्स मुशरूम,Vô Hiệu Hoá Nấm Max,Deactivating Max Mushrooms,Vid avaktivering av Maxsvampar,Deactivating Max Mushrooms
6,CHARIZARD,,mega-x,Activating Charizardite X,Activando Charizardita X,Activating Charizardita X,Avec l’objet Dracaufite X activé,Gluraknit X aktivieren,Attivando Charizardite X,Activating Charizardite X,리자몽나이트 X[[를]] 통해 폼체인지,リザードナイトＸを 有効に すれば,激活了喷火龙进化石Ｘ,活化了噴火龍進化石Ｘ,Activating Charizardite X,Activant Charizardite X,Activating Charizardite X,Activating Charizardite X,Активация Чаризардит X,Activating Чарізардит X,Aktywując: Charizardyt X,Activating Charizardite X,Activating Charizardite X,Kích hoạt Charizardite X,Activating Charizardite X,Vid aktivering av Charizardit X,Activating Charizardite X
6,CHARIZARD,,mega-y,Activating Charizardite Y,Activando Charizardita Y,Activating Charizardita Y,Avec l’objet Dracaufite Y activé,Gluraknit Y aktivieren,Attivando Charizardite Y,Activating Charizardite Y,리자몽나이트 Y[[를]] 통해 폼체인지,リザードナイトＹを 有効に すれば,激活了喷火龙进化石Ｙ,活化了噴火龍進化石Ｙ,Activating Charizardite Y,Activant Charizardite Y,Activating Charizardite Y,Activating Charizardite Y,Активация Чаризардит Y,Activating Чарізардит Y,Aktywując: Charizardyt Y,Activating Charizardite Y,Activating Charizardite Y,Kích hoạt Charizardite Y,Activating Charizardite Y,Vid aktivering av Charizardit Y,Activating Charizardite Y
6,CHARIZARD,,gigantamax,Activating Max Mushrooms,Activando Maxisetas,Activating Maxihongo,Avec l’objet Maxi Champis activé,Dyna-Pilz aktivieren,Attivando Fungomax,Activating Max Mushrooms,다이버섯[[를]] 통해 폼체인지,ダイキノコを 有効に すれば,激活了极巨菇菇,活化了極巨菇菇,Activating Max Mushrooms,Activant Max Mushrooms,Activating Max Mushrooms,Activating Maksi Mantarlar,Активация Макс-Грибы,Activating Max Mushrooms,Aktywując: Max Mushrooms,Activating Jamur Max,Activating मैक्स मुशरूम,Kích hoạt Nấm Max,Activating Max Mushrooms,Vid aktivering av Maxsvampar,Activating Max Mushrooms
6,CHARIZARD,mega-x,,Deactivating Charizardite X,Desactivando Charizardita X,Deactivating Charizardita X,Avec l’objet Dracaufite X désactivé,Gluraknit X deaktivieren,Disattivando Charizardite X,Deactivating Charizardite X,리자몽나이트 X[[를]] 통해 비활성화,リザードナイトＸを 無効に すれば,禁用了喷火龙进化石Ｘ,禁用了噴火龍進化石Ｘ,Deactivating Charizardite X,Desactivant Charizardite X,Deactivating Charizardite X,Deactivating Charizardite X,Деактивация Чаризардит X,Deactivating Чарізардит X,Dezaktywując: Charizardyt X,Deactivating Charizardite X,Deactivating Charizardite X,Vô Hiệu Hoá Charizardite X,Deactivating Charizardite X,Vid avaktivering av Charizardit X,Deactivating Charizardite X
6,CHARIZARD,mega-y,,Deactivating Charizardite Y,Desactivando Charizardita Y,Deactivating Charizardita Y,Avec l’objet Dracaufite Y désactivé,Gluraknit Y deaktivieren,Disattivando Charizardite Y,Deactivating Charizardite Y,리자몽나이트 Y[[를]] 통해 비활성화,リザードナイトＹを 無効に すれば,禁用了喷火龙进化石Ｙ,禁用了噴火龍進化石Ｙ,Deactivating Charizardite Y,Desactivant Charizardite Y,Deactivating Charizardite Y,Deactivating Charizardite Y,Деактивация Чаризардит Y,Deactivating Чарізардит Y,Dezaktywując: Charizardyt Y,Deactivating Charizardite Y,Deactivating Charizardite Y,Vô Hiệu Hoá Charizardite Y,Deactivating Charizardite Y,Vid avaktivering av Charizardit Y,Deactivating Charizardite Y
6,CHARIZARD,gigantamax,,Deactivating Max Mushrooms,Desactivando Maxisetas,Deactivating Maxihongo,Avec l’objet Maxi Champis désactivé,Dyna-Pilz deaktivieren,Disattivando Fungomax,Deactivating Max Mushrooms,다이버섯[[를]] 통해 비활성화,ダイキノコを 無効に すれば,禁用了极巨菇菇,禁用了極巨菇菇,Deactivating Max Mushrooms,Desactivant Max Mushrooms,Deactivating Max Mushrooms,Deactivating Maksi Mantarlar,Деактивация Макс-Грибы,Deactivating Max Mushrooms,Dezaktywując: Max Mushrooms,Deactivating Jamur Max,Deactivating मैक्स मुशरूम,Vô Hiệu Hoá Nấm Max,Deactivating Max Mushrooms,Vid avaktivering av Maxsvampar,Deactivating Max Mushrooms
9,BLASTOISE,,mega,Activating Blastoisinite,Activando Blastoisita,Activating Blastoisita,Avec l’objet Tortankite activé,Turtoknit aktivieren,Attivando Blastoisite,Activating Blastoisinite,거북왕나이트[[를]] 통해 폼체인지,カメックスナイトを 有効に すれば,激活了水箭龟进化石,活化了水箭龜進化石,Activating Blastoisinite,Activant Blastoisinite,Activating Blastoisinite,Activating Blastoisinite,Активация Бластоизинит,Activating Бластоізініт,Aktywując: Blastoisyt,Activating Blastoisinite,Activating Blastoisinite,Kích hoạt Blastoisinite,Activating Blastoisinite,Vid aktivering av Blastoisinit,Activating Blastoisinite
9,BLASTOISE,,gigantamax,Activating Max Mushrooms,Activando Maxisetas,Activating Maxihongo,Avec l’objet Maxi Champis activé,Dyna-Pilz aktivieren,Attivando Fungomax,Activating Max Mushrooms,다이버섯[[를]] 통해 폼체인지,ダイキノコを 有効に すれば,激活了极巨菇菇,活化了極巨菇菇,Activating Max Mushrooms,Activant Max Mushrooms,Activating Max Mushrooms,Activating Maksi Mantarlar,Активация Макс-Грибы,Activating Max Mushrooms,Aktywując: Max Mushrooms,Activating Jamur Max,Activating मैक्स मुशरूम,Kích hoạt Nấm Max,Activating Max Mushrooms,Vid aktivering av Maxsvampar,Activating Max Mushrooms
9,BLASTOISE,mega,,Deactivating Blastoisinite,Desactivando Blastoisita,Deactivating Blastoisita,Avec l’objet Tortankite désactivé,Turtoknit deaktivieren,Disattivando Blastoisite,Deactivating Blastoisinite,거북왕나이트[[를]] 통해 비활성화,カメックスナイトを 無効に すれば,禁用了水箭龟进化石,禁用了水箭龜進化石,Deactivating Blastoisinite,Desactivant Blastoisinite,Deactivating Blastoisinite,Deactivating Blastoisinite,Деактивация Бластоизинит,Deactivating Бластоізініт,Dezaktywując: Blastoisyt,Deactivating Blastoisinite,Deactivating Blastoisinite,Vô Hiệu Hoá Blastoisinite,Deactivating Blastoisinite,Vid avaktivering av Blastoisinit,Deactivating Blastoisinite
9,BLASTOISE,gigantamax,,Deactivating Max Mushrooms,Desactivando Maxisetas,Deactivating Maxihongo,Avec l’objet Maxi Champis désactivé,Dyna-Pilz deaktivieren,Disattivando Fungomax,Deactivating Max Mushrooms,다이버섯[[를]] 통해 비활성화,ダイキノコを 無効に すれば,禁用了极巨菇菇,禁用了極巨菇菇,Deactivating Max Mushrooms,Desactivant Max Mushrooms,Deactivating Max Mushrooms,Deactivating Maksi Mantarlar,Деактивация Макс-Грибы,Deactivating Max Mushrooms,Dezaktywując: Max Mushrooms,Deactivating Jamur Max,Deactivating मैक्स मुशरूम,Vô Hiệu Hoá Nấm Max,Deactivating Max Mushrooms,Vid avaktivering av Maxsvampar,Deactivating Max Mushrooms
12,BUTTERFREE,,gigantamax,Activating Max Mushrooms,Activando Maxisetas,Activating Maxihongo,Avec l’objet Maxi Champis activé,Dyna-Pilz aktivieren,Attivando Fungomax,Activating Max Mushrooms,다이버섯[[를]] 통해 폼체인지,ダイキノコを 有効に すれば,激活了极巨菇菇,活化了極巨菇菇,Activating Max Mushrooms,Activant Max Mushrooms,Activating Max Mushrooms,Activating Maksi Mantarlar,Активация Макс-Грибы,Activating Max Mushrooms,Aktywując: Max Mushrooms,Activating Jamur Max,Activating मैक्स मुशरूम,Kích hoạt Nấm Max,Activating Max Mushrooms,Vid aktivering av Maxsvampar,Activating Max Mushrooms
12,BUTTERFREE,gigantamax,,Deactivating Max Mushrooms,Desactivando Maxisetas,Deactivating Maxihongo,Avec l’objet Maxi Champis désactivé,Dyna-Pilz deaktivieren,Disattivando Fungomax,Deactivating Max Mushrooms,다이버섯[[를]] 통해 비활성화,ダイキノコを 無効に すれば,禁用了极巨菇菇,禁用了極巨菇菇,Deactivating Max Mushrooms,Desactivant Max Mushrooms,Deactivating Max Mushrooms,Deactivating Maksi Mantarlar,Деактивация Макс-Грибы,Deactivating Max Mushrooms,Dezaktywując: Max Mushrooms,Deactivating Jamur Max,Deactivating मैक्स मुशरूम,Vô Hiệu Hoá Nấm Max,Deactivating Max Mushrooms,Vid avaktivering av Maxsvampar,Deactivating Max Mushrooms
15,BEEDRILL,,mega,Activating Beedrillite,Activando Beedrillita,Activating Beedrillita,Avec l’objet Dardargnite activé,Bibornit aktivieren,Attivando Beedrillite,Activating Beedrillite,독침붕나이트[[를]] 통해 폼체인지,スピアナイトを 有効に すれば,激活了大针蜂进化石,活化了大針蜂進化石,Activating Beedrillite,Activant Beedrillite,Activating Beedrillite,Activating Beedrillite,Активация Бидриллит,Activating Бідрілліт,Aktywując: Beedrillyt,Activating Beedrillite,Activating Beedrillite,Kích hoạt Beedrillite,Activating Beedrillite,Vid aktivering av Beedrillit,Activating Beedrillite
15,BEEDRILL,mega,,Deactivating Beedrillite,Desactivando Beedrillita,Deactivating Beedrillita,Avec l’objet Dardargnite désactivé,Bibornit deaktivieren,Disattivando Beedrillite,Deactivating Beedrillite,독침붕나이트[[를]] 통해 비활성화,スピアナイトを 無効に すれば,禁用了大针蜂进化石,禁用了大針蜂進化石,Deactivating Beedrillite,Desactivant Beedrillite,Deactivating Beedrillite,Deactivating Beedrillite,Деактивация Бидриллит,Deactivating Бідрілліт,Dezaktywując: Beedrillyt,Deactivating Beedrillite,Deactivating Beedrillite,Vô Hiệu Hoá Beedrillite,Deactivating Beedrillite,Vid avaktivering av Beedrillit,Deactivating Beedrillite
18,PIDGEOT,,mega,Activating Pidgeotite,Activando Pidgeotita,Activating Pidgeotita,Avec l’objet Roucarnagite activé,Taubossnit aktivieren,Attivando Pidgeotite,Activating Pidgeotite,피죤투나이트[[를]] 통해 폼체인지,ピジョットナイトを 有効に すれば,激活了大比鸟进化石,活化了大比鳥進化石,Activating Pidgeotite,Activant Pidgeotite,Activating Pidgeotite,Activating Pidgeotite,Активация Пиджеотит,Activating Піджеотит,Aktywując: Pidgeotyt,Activating Pidgeotite,Activating Pidgeotite,Kích hoạt Pidgeotite,Activating Pidgeotite,Vid aktivering av Pidgeotit,Activating Pidgeotite
18,PIDGEOT,mega,,Deactivating Pidgeotite,Desactivando Pidgeotita,Deactivating Pidgeotita,Avec l’objet Roucarnagite désactivé,Taubossnit deaktivieren,Disattivando Pidgeotite,Deactivating Pidgeotite,피죤투나이트[[를]] 통해 비활성화,ピジョットナイトを 無効に すれば,禁用了大比鸟进化石,禁用了大比鳥進化石,Deactivating Pidgeotite,Desactivant Pidgeotite,Deactivating Pidgeotite,Deactivating Pidgeotite,Деактивация Пиджеотит,Deactivating Піджеотит,Dezaktywując: Pidgeotyt,Deactivating Pidgeotite,Deactivating Pidgeotite,Vô Hiệu Hoá Pidgeotite,Deactivating Pidgeotite,Vid avaktivering av Pidgeotit,Deactivating Pidgeotite
25,PIKACHU,,gigantamax,Activating Max Mushrooms,Activando Maxisetas,Activating Maxihongo,Avec l’objet Maxi Champis activé,Dyna-Pilz aktivieren,Attivando Fungomax,Activating Max Mushrooms,다이버섯[[를]] 통해 폼체인지,ダイキノコを 有効に すれば,激活了极巨菇菇,活化了極巨菇菇,Activating Max Mushrooms,Activant Max Mushrooms,Activating Max Mushrooms,Activating Maksi Mantarlar,Активация Макс-Грибы,Activating Max Mushrooms,Aktywując: Max Mushrooms,Activating Jamur Max,Activating मैक्स मुशरूम,Kích hoạt Nấm Max,Activating Max Mushrooms,Vid aktivering av Maxsvampar,Activating Max Mushrooms
25,PIKACHU,partner,gigantamax,Activating Max Mushrooms,Activando Maxisetas,Activating Maxihongo,Avec l’objet Maxi Champis activé,Dyna-Pilz aktivieren,Attivando Fungomax,Activating Max Mushrooms,다이버섯[[를]] 통해 폼체인지,ダイキノコを 有効に すれば,激活了极巨菇菇,活化了極巨菇菇,Activating Max Mushrooms,Activant Max Mushrooms,Activating Max Mushrooms,Activating Maksi Mantarlar,Активация Макс-Грибы,Activating Max Mushrooms,Aktywując: Max Mushrooms,Activating Jamur Max,Activating मैक्स मुशरूम,Kích hoạt Nấm Max,Activating Max Mushrooms,Vid aktivering av Maxsvampar,Activating Max Mushrooms
25,PIKACHU,gigantamax,,Deactivating Max Mushrooms,Desactivando Maxisetas,Deactivating Maxihongo,Avec l’objet Maxi Champis désactivé,Dyna-Pilz deaktivieren,Disattivando Fungomax,Deactivating Max Mushrooms,다이버섯[[를]] 통해 비활성화,ダイキノコを 無効に すれば,禁用了极巨菇菇,禁用了極巨菇菇,Deactivating Max Mushrooms,Desactivant Max Mushrooms,Deactivating Max Mushrooms,Deactivating Maksi Mantarlar,Деактивация Макс-Грибы,Deactivating Max Mushrooms,Dezaktywując: Max Mushrooms,Deactivating Jamur Max,Deactivating मैक्स मुशरूम,Vô Hiệu Hoá Nấm Max,Deactivating Max Mushrooms,Vid avaktivering av Maxsvampar,Deactivating Max Mushrooms
25,PIKACHU,gigantamax,partner,Deactivating Max Mushrooms,Desactivando Maxisetas,Deactivating Maxihongo,Avec l’objet Maxi Champis désactivé,Dyna-Pilz deaktivieren,Disattivando Fungomax,Deactivating Max Mushrooms,다이버섯[[를]] 통해 비활성화,ダイキノコを 無効に すれば,禁用了极巨菇菇,禁用了極巨菇菇,Deactivating Max Mushrooms,Desactivant Max Mushrooms,Deactivating Max Mushrooms,Deactivating Maksi Mantarlar,Деактивация Макс-Грибы,Deactivating Max Mushrooms,Dezaktywując: Max Mushrooms,Deactivating Jamur Max,Deactivating मैक्स मुशरूम,Vô Hiệu Hoá Nấm Max,Deactivating Max Mushrooms,Vid avaktivering av Maxsvampar,Deactivating Max Mushrooms
26,RAICHU,,mega-x,Activating Raichunite X,Activando Raichunita X,Activating Raichunita X,Avec l’objet Raichuïte X activé,Raichunit X aktivieren,Attivando Raichunite X,Activating Raichunite X,라이츄나이트 X[[를]] 통해 폼체인지,ライチュウナイトＸを 有効に すれば,激活了雷丘进化石Ｘ,活化了雷超進化石Ｘ,Activating Raichunite X,Activant Raichunite X,Activating Raichunite X,Activating Raichunite X,Активация Райчунит X,Activating Raichunite X,Aktywując: Raichunit X,Activating Raichunite X,Activating Raichunite X,Kích hoạt Raichunite X,Activating Raichunite X,Vid aktivering av Raichunit X,Activating Raichunite X
26,RAICHU,,mega-y,Activating Raichunite Y,Activando Raichunita Y,Activating Raichunita Y,Avec l’objet Raichuïte Y activé,Raichunit Y aktivieren,Attivando Raichunite Y,Activating Raichunite Y,라이츄나이트 Y[[를]] 통해 폼체인지,ライチュウナイトＹを 有効に すれば,激活了雷丘进化石Ｙ,活化了雷超進化石Ｙ,Activating Raichunite Y,Activant Raichunite Y,Activating Raichunite Y,Activating Raichunite Y,Активация Райчунит Y,Activating Raichunite Y,Aktywując: Raichunit Y,Activating Raichunite Y,Activating Raichunite Y,Kích hoạt Raichunite Y,Activating Raichunite Y,Vid aktivering av Raichunit Y,Activating Raichunite Y
26,RAICHU,mega-x,,Deactivating Raichunite X,Desactivando Raichunita X,Deactivating Raichunita X,Avec l’objet Raichuïte X désactivé,Raichunit X deaktivieren,Disattivando Raichunite X,Deactivating Raichunite X,라이츄나이트 X[[를]] 통해 비활성화,ライチュウナイトＸを 無効に すれば,禁用了雷丘进化石Ｘ,禁用了雷超進化石Ｘ,Deactivating Raichunite X,Desactivant Raichunite X,Deactivating Raichunite X,Deactivating Raichunite X,Деактивация Райчунит X,Deactivating Raichunite X,Dezaktywując: Raichunit X,Deactivating Raichunite X,Deactivating Raichunite X,Vô Hiệu Hoá Raichunite X,Deactivating Raichunite X,Vid avaktivering av Raichunit X,Deactivating Raichunite X
26,RAICHU,mega-y,,Deactivating Raichunite Y,Desactivando Raichunita Y,Deactivating Raichunita Y,Avec l’objet Raichuïte Y désactivé,Raichunit Y deaktivieren,Disattivando Raichunite Y,Deactivating Raichunite Y,라이츄나이트 Y[[를]] 통해 비활성화,ライチュウナイトＹを 無効に すれば,禁用了雷丘进化石Ｙ,禁用了雷超進化石Ｙ,Deactivating Raichunite Y,Desactivant Raichunite Y,Deactivating Raichunite Y,Deactivating Raichunite Y,Деактивация Райчунит Y,Deactivating Raichunite Y,Dezaktywując: Raichunit Y,Deactivating Raichunite Y,Deactivating Raichunite Y,Vô Hiệu Hoá Raichunite Y,Deactivating Raichunite Y,Vid avaktivering av Raichunit Y,Deactivating Raichunite Y
36,CLEFABLE,,mega,Activating Clefablite,Activando Clefablita,Activating Clefablita,Avec l’objet Mélodelfite activé,Pixinit aktivieren,Attivando Clefablite,Activating Clefablite,픽시나이트[[를]] 통해 폼체인지,ピクシナイトを 有効に すれば,激活了皮可西进化石,活化了皮可西進化石,Activating Clefablite,Activant Clefablite,Activating Clefablite,Activating Clefablite,Активация Клефейблит,Activating Клефабліт,Aktywując: Clefablit,Activating Clefablite,Activating Clefablite,Kích hoạt Clefablite,Activating Clefablite,Vid aktivering av Clefablit,Activating Clefablite
36,CLEFABLE,mega,,Deactivating Clefablite,Desactivando Clefablita,Deactivating Clefablita,Avec l’objet Mélodelfite désactivé,Pixinit deaktivieren,Disattivando Clefablite,Deactivating Clefablite,픽시나이트[[를]] 통해 비활성화,ピクシナイトを 無効に すれば,禁用了皮可西进化石,禁用了皮可西進化石,Deactivating Clefablite,Desactivant Clefablite,Deactivating Clefablite,Deactivating Clefablite,Деактивация Клефейблит,Deactivating Клефабліт,Dezaktywując: Clefablit,Deactivating Clefablite,Deactivating Clefablite,Vô Hiệu Hoá Clefablite,Deactivating Clefablite,Vid avaktivering av Clefablit,Deactivating Clefablite
52,MEOWTH,,gigantamax,Activating Max Mushrooms,Activando Maxisetas,Activating Maxihongo,Avec l’objet Maxi Champis activé,Dyna-Pilz aktivieren,Attivando Fungomax,Activating Max Mushrooms,다이버섯[[를]] 통해 폼체인지,ダイキノコを 有効に すれば,激活了极巨菇菇,活化了極巨菇菇,Activating Max Mushrooms,Activant Max Mushrooms,Activating Max Mushrooms,Activating Maksi Mantarlar,Активация Макс-Грибы,Activating Max Mushrooms,Aktywując: Max Mushrooms,Activating Jamur Max,Activating मैक्स मुशरूम,Kích hoạt Nấm Max,Activating Max Mushrooms,Vid aktivering av Maxsvampar,Activating Max Mushrooms
52,MEOWTH,gigantamax,,Deactivating Max Mushrooms,Desactivando Maxisetas,Deactivating Maxihongo,Avec l’objet Maxi Champis désactivé,Dyna-Pilz deaktivieren,Disattivando Fungomax,Deactivating Max Mushrooms,다이버섯[[를]] 통해 비활성화,ダイキノコを 無効に すれば,禁用了极巨菇菇,禁用了極巨菇菇,Deactivating Max Mushrooms,Desactivant Max Mushrooms,Deactivating Max Mushrooms,Deactivating Maksi Mantarlar,Деактивация Макс-Грибы,Deactivating Max Mushrooms,Dezaktywując: Max Mushrooms,Deactivating Jamur Max,Deactivating मैक्स मुशरूम,Vô Hiệu Hoá Nấm Max,Deactivating Max Mushrooms,Vid avaktivering av Maxsvampar,Deactivating Max Mushrooms
65,ALAKAZAM,,mega,Activating Alakazite,Activando Alakazamita,Activating Alakazamita,Avec l’objet Alakazamite activé,Simsalanit aktivieren,Attivando Alakazamite,Activating Alakazite,후딘나이트[[를]] 통해 폼체인지,フーディナイトを 有効に すれば,激活了胡地进化石,活化了胡地進化石,Activating Alakazite,Activant Alakazite,Activating Alakazite,Activating Alakazite,Активация Алаказайт,Activating Алаказайт,Aktywując: Alakazamyt,Activating Alakazite,Activating Alakazite,Kích hoạt Alakazite,Activating Alakazite,Vid aktivering av Alakazit,Activating Alakazite
65,ALAKAZAM,mega,,Deactivating Alakazite,Desactivando Alakazamita,Deactivating Alakazamita,Avec l’objet Alakazamite désactivé,Simsalanit deaktivieren,Disattivando Alakazamite,Deactivating Alakazite,후딘나이트[[를]] 통해 비활성화,フーディナイトを 無効に すれば,禁用了胡地进化石,禁用了胡地進化石,Deactivating Alakazite,Desactivant Alakazite,Deactivating Alakazite,Deactivating Alakazite,Деактивация Алаказайт,Deactivating Алаказайт,Dezaktywując: Alakazamyt,Deactivating Alakazite,Deactivating Alakazite,Vô Hiệu Hoá Alakazite,Deactivating Alakazite,Vid avaktivering av Alakazit,Deactivating Alakazite
68,MACHAMP,,gigantamax,Activating Max Mushrooms,Activando Maxisetas,Activating Maxihongo,Avec l’objet Maxi Champis activé,Dyna-Pilz aktivieren,Attivando Fungomax,Activating Max Mushrooms,다이버섯[[를]] 통해 폼체인지,ダイキノコを 有効に すれば,激活了极巨菇菇,活化了極巨菇菇,Activating Max Mushrooms,Activant Max Mushrooms,Activating Max Mushrooms,Activating Maksi Mantarlar,Активация Макс-Грибы,Activating Max Mushrooms,Aktywując: Max Mushrooms,Activating Jamur Max,Activating मैक्स मुशरूम,Kích hoạt Nấm Max,Activating Max Mushrooms,Vid aktivering av Maxsvampar,Activating Max Mushrooms
68,MACHAMP,gigantamax,,Deactivating Max Mushrooms,Desactivando Maxisetas,Deactivating Maxihongo,Avec l’objet Maxi Champis désactivé,Dyna-Pilz deaktivieren,Disattivando Fungomax,Deactivating Max Mushrooms,다이버섯[[를]] 통해 비활성화,ダイキノコを 無効に すれば,禁用了极巨菇菇,禁用了極巨菇菇,Deactivating Max Mushrooms,Desactivant Max Mushrooms,Deactivating Max Mushrooms,Deactivating Maksi Mantarlar,Деактивация Макс-Грибы,Deactivating Max Mushrooms,Dezaktywując: Max Mushrooms,Deactivating Jamur Max,Deactivating मैक्स मुशरूम,Vô Hiệu Hoá Nấm Max,Deactivating Max Mushrooms,Vid avaktivering av Maxsvampar,Deactivating Max Mushrooms
71,VICTREEBEL,,mega,Activating Victreebelite,Activando Victreebelita,Activating Victreebelita,Avec l’objet Empiflorite activé,Sarzenianit aktivieren,Attivando Victreebelite,Activating Victreebelite,우츠보트나이트[[를]] 통해 폼체인지,ウツボットナイトを 有効に すれば,激活了大食花进化石,活化了大食花進化石,Activating Victreebelite,Activant Victreebelite,Activating Victreebelite,Activating Victreebelite,Активация Виктрибелит,Activating Віктрибеліт,Aktywując: Victreebelit,Activating Victreebelite,Activating Victreebelite,Kích hoạt Victreebelite,Activating Victreebelite,Vid aktivering av Victreebelit,Activating Victreebelite
71,VICTREEBEL,mega,,Deactivating Victreebelite,Desactivando Victreebelita,Deactivating Victreebelita,Avec l’objet Empiflorite désactivé,Sarzenianit deaktivieren,Disattivando Victreebelite,Deactivating Victreebelite,우츠보트나이트[[를]] 통해 비활성화,ウツボットナイトを 無効に すれば,禁用了大食花进化石,禁用了大食花進化石,Deactivating Victreebelite,Desactivant Victreebelite,Deactivating Victreebelite,Deactivating Victreebelite,Деактивация Виктрибелит,Deactivating Віктрибеліт,Dezaktywując: Victreebelit,Deactivating Victreebelite,Deactivating Victreebelite,Vô Hiệu Hoá Victreebelite,Deactivating Victreebelite,Vid avaktivering av Victreebelit,Deactivating Victreebelite
80,SLOWBRO,,mega,Activating Slowbronite,Activando Slowbronita,Activating Slowbronita,Avec l’objet Flagadossite activé,Lahmusnit aktivieren,Attivando Slowbroite,Activating Slowbronite,야도란나이트[[를]] 통해 폼체인지,ヤドランナイトを 有効に すれば,激活了呆壳兽进化石,活化了呆殼獸進化石,Activating Slowbronite,Activant Slowbronite,Activating Slowbronite,Activating Slowbronite,Активация Слоубронит,Activating Слоуброніт,Aktywując: Slowbronit,Activating Slowbronite,Activating Slowbronite,Kích hoạt Slowbronite,Activating Slowbronite,Vid aktivering av Slowbronit,Activating Slowbronite
80,SLOWBRO,mega,,Deactivating Slowbronite,Desactivando Slowbronita,Deactivating Slowbronita,Avec l’objet Flagadossite désactivé,Lahmusnit deaktivieren,Disattivando Slowbroite,Deactivating Slowbronite,야도란나이트[[를]] 통해 비활성화,ヤドランナイトを 無効に すれば,禁用了呆壳兽进化石,禁用了呆殼獸進化石,Deactivating Slowbronite,Desactivant Slowbronite,Deactivating Slowbronite,Deactivating Slowbronite,Деактивация Слоубронит,Deactivating Слоуброніт,Dezaktywując: Slowbronit,Deactivating Slowbronite,Deactivating Slowbronite,Vô Hiệu Hoá Slowbronite,Deactivating Slowbronite,Vid avaktivering av Slowbronit,Deactivating Slowbronite
94,GENGAR,,mega,Activating Gengarite,Activando Gengarita,Activating Gengarita,Avec l’objet Ectoplasmite activé,Gengarnit  aktivieren,Attivando Gengarite,Activating Gengarite,팬텀나이트[[를]] 통해 폼체인지,ゲンガナイトを 有効に すれば,激活了耿鬼进化石,活化了耿鬼進化石,Activating Gengarite,Activant Gengarite,Activating Gengarite,Activating Gengarite,Активация Генгарит,Activating Генгарит,Aktywując: Gengaryt,Activating Gengarite,Activating Gengarite,Kích hoạt Gengarite,Activating Gengarite,Vid aktivering av Gengarit,Activating Gengarite
94,GENGAR,,gigantamax,Activating Max Mushrooms,Activando Maxisetas,Activating Maxihongo,Avec l’objet Maxi Champis activé,Dyna-Pilz aktivieren,Attivando Fungomax,Activating Max Mushrooms,다이버섯[[를]] 통해 폼체인지,ダイキノコを 有効に すれば,激活了极巨菇菇,活化了極巨菇菇,Activating Max Mushrooms,Activant Max Mushrooms,Activating Max Mushrooms,Activating Maksi Mantarlar,Активация Макс-Грибы,Activating Max Mushrooms,Aktywując: Max Mushrooms,Activating Jamur Max,Activating मैक्स मुशरूम,Kích hoạt Nấm Max,Activating Max Mushrooms,Vid aktivering av Maxsvampar,Activating Max Mushrooms
94,GENGAR,mega,,Deactivating Gengarite,Desactivando Gengarita,Deactivating Gengarita,Avec l’objet Ectoplasmite désactivé,Gengarnit  deaktivieren,Disattivando Gengarite,Deactivating Gengarite,팬텀나이트[[를]] 통해 비활성화,ゲンガナイトを 無効に すれば,禁用了耿鬼进化石,禁用了耿鬼進化石,Deactivating Gengarite,Desactivant Gengarite,Deactivating Gengarite,Deactivating Gengarite,Деактивация Генгарит,Deactivating Генгарит,Dezaktywując: Gengaryt,Deactivating Gengarite,Deactivating Gengarite,Vô Hiệu Hoá Gengarite,Deactivating Gengarite,Vid avaktivering av Gengarit,Deactivating Gengarite
94,GENGAR,gigantamax,,Deactivating Max Mushrooms,Desactivando Maxisetas,Deactivating Maxihongo,Avec l’objet Maxi Champis désactivé,Dyna-Pilz deaktivieren,Disattivando Fungomax,Deactivating Max Mushrooms,다이버섯[[를]] 통해 비활성화,ダイキノコを 無効に すれば,禁用了极巨菇菇,禁用了極巨菇菇,Deactivating Max Mushrooms,Desactivant Max Mushrooms,Deactivating Max Mushrooms,Deactivating Maksi Mantarlar,Деактивация Макс-Грибы,Deactivating Max Mushrooms,Dezaktywując: Max Mushrooms,Deactivating Jamur Max,Deactivating मैक्स मुशरूम,Vô Hiệu Hoá Nấm Max,Deactivating Max Mushrooms,Vid avaktivering av Maxsvampar,Deactivating Max Mushrooms
99,KINGLER,,gigantamax,Activating Max Mushrooms,Activando Maxisetas,Activating Maxihongo,Avec l’objet Maxi Champis activé,Dyna-Pilz aktivieren,Attivando Fungomax,Activating Max Mushrooms,다이버섯[[를]] 통해 폼체인지,ダイキノコを 有効に すれば,激活了极巨菇菇,活化了極巨菇菇,Activating Max Mushrooms,Activant Max Mushrooms,Activating Max Mushrooms,Activating Maksi Mantarlar,Активация Макс-Грибы,Activating Max Mushrooms,Aktywując: Max Mushrooms,Activating Jamur Max,Activating मैक्स मुशरूम,Kích hoạt Nấm Max,Activating Max Mushrooms,Vid aktivering av Maxsvampar,Activating Max Mushrooms
99,KINGLER,gigantamax,,Deactivating Max Mushrooms,Desactivando Maxisetas,Deactivating Maxihongo,Avec l’objet Maxi Champis désactivé,Dyna-Pilz deaktivieren,Disattivando Fungomax,Deactivating Max Mushrooms,다이버섯[[를]] 통해 비활성화,ダイキノコを 無効に すれば,禁用了极巨菇菇,禁用了極巨菇菇,Deactivating Max Mushrooms,Desactivant Max Mushrooms,Deactivating Max Mushrooms,Deactivating Maksi Mantarlar,Деактивация Макс-Грибы,Deactivating Max Mushrooms,Dezaktywując: Max Mushrooms,Deactivating Jamur Max,Deactivating मैक्स मुशरूम,Vô Hiệu Hoá Nấm Max,Deactivating Max Mushrooms,Vid avaktivering av Maxsvampar,Deactivating Max Mushrooms
115,KANGASKHAN,,mega,Activating Kangaskhanite,Activando Kangaskhanita,Activating Kangaskhanita,Avec l’objet Kangourexite activé,Kangamanit aktivieren,Attivando Kangaskhanite,Activating Kangaskhanite,캥카나이트[[를]] 통해 폼체인지,ガルーラナイトを 有効に すれば,激活了袋兽进化石,活化了袋獸進化石,Activating Kangaskhanite,Activant Kangaskhanite,Activating Kangaskhanite,Activating Kangaskhanite,Активация Кангасханит,Activating Кангасканіт,Aktywując: Kangaskhanit,Activating Kangaskhanite,Activating Kangaskhanite,Kích hoạt Kangaskhanite,Activating Kangaskhanite,Vid aktivering av Kangaskhanit,Activating Kangaskhanite
115,KANGASKHAN,mega,,Deactivating Kangaskhanite,Desactivando Kangaskhanita,Deactivating Kangaskhanita,Avec l’objet Kangourexite désactivé,Kangamanit deaktivieren,Disattivando Kangaskhanite,Deactivating Kangaskhanite,캥카나이트[[를]] 통해 비활성화,ガルーラナイトを 無効に すれば,禁用了袋兽进化石,禁用了袋獸進化石,Deactivating Kangaskhanite,Desactivant Kangaskhanite,Deactivating Kangaskhanite,Deactivating Kangaskhanite,Деактивация Кангасханит,Deactivating Кангасканіт,Dezaktywując: Kangaskhanit,Deactivating Kangaskhanite,Deactivating Kangaskhanite,Vô Hiệu Hoá Kangaskhanite,Deactivating Kangaskhanite,Vid avaktivering av Kangaskhanit,Deactivating Kangaskhanite
121,STARMIE,,mega,Activating Starminite,Activando Starmita,Activating Starmita,Avec l’objet Starossite activé,Starmienit aktivieren,Attivando Starmite,Activating Starminite,아쿠스타나이트[[를]] 통해 폼체인지,スターミナイトを 有効に すれば,激活了宝石海星进化石,活化了寶石海星進化石,Activating Starminite,Activant Starminite,Activating Starminite,Activating Starminite,Активация Старминит,Activating Стармініт,Aktywując: Starminit,Activating Starminite,Activating Starminite,Kích hoạt Starminite,Activating Starminite,Vid aktivering av Starminit,Activating Starminite
121,STARMIE,mega,,Deactivating Starminite,Desactivando Starmita,Deactivating Starmita,Avec l’objet Starossite désactivé,Starmienit deaktivieren,Disattivando Starmite,Deactivating Starminite,아쿠스타나이트[[를]] 통해 비활성화,スターミナイトを 無効に すれば,禁用了宝石海星进化石,禁用了寶石海星進化石,Deactivating Starminite,Desactivant Starminite,Deactivating Starminite,Deactivating Starminite,Деактивация Старминит,Deactivating Стармініт,Dezaktywując: Starminit,Deactivating Starminite,Deactivating Starminite,Vô Hiệu Hoá Starminite,Deactivating Starminite,Vid avaktivering av Starminit,Deactivating Starminite
127,PINSIR,,mega,Activating Pinsirite,Activando Pinsirita,Activating Pinsirita,Avec l’objet Scarabruite activé,Pinsirnit aktivieren,Attivando Pinsirite,Activating Pinsirite,쁘사이저나이트[[를]] 통해 폼체인지,カイロスナイトを 有効に すれば,激活了凯罗斯进化石,活化了凱羅斯進化石,Activating Pinsirite,Activant Pinsirite,Activating Pinsirite,Activating Pinsirite,Активация Пинсирит,Activating Пінсіріт,Aktywując: Pinsiryt,Activating Pinsirite,Activating Pinsirite,Kích hoạt Pinsirite,Activating Pinsirite,Vid aktivering av Pinsirit,Activating Pinsirite
127,PINSIR,mega,,Deactivating Pinsirite,Desactivando Pinsirita,Deactivating Pinsirita,Avec l’objet Scarabruite désactivé,Pinsirnit deaktivieren,Disattivando Pinsirite,Deactivating Pinsirite,쁘사이저나이트[[를]] 통해 비활성화,カイロスナイトを 無効に すれば,禁用了凯罗斯进化石,禁用了凱羅斯進化石,Deactivating Pinsirite,Desactivant Pinsirite,Deactivating Pinsirite,Deactivating Pinsirite,Деактивация Пинсирит,Deactivating Пінсіріт,Dezaktywując: Pinsiryt,Deactivating Pinsirite,Deactivating Pinsirite,Vô Hiệu Hoá Pinsirite,Deactivating Pinsirite,Vid avaktivering av Pinsirit,Deactivating Pinsirite
130,GYARADOS,,mega,Activating Gyaradosite,Activando Gyaradosita,Activating Gyaradosita,Avec l’objet Léviatorite activé,Garadosnit aktivieren,Attivando Gyaradosite,Activating Gyaradosite,갸라도스나이트[[를]] 통해 폼체인지,ギャラドスナイトを 有効に すれば,激活了暴鲤龙进化石,活化了暴鯉龍進化石,Activating Gyaradosite,Activant Gyaradosite,Activating Gyaradosite,Activating Gyaradosite,Активация Гярадосит,Activating Гіарадозит,Aktywując: Gyaradosyt,Activating Gyaradosite,Activating Gyaradosite,Kích hoạt Gyaradosite,Activating Gyaradosite,Vid aktivering av Gyaradosit,Activating Gyaradosite
130,GYARADOS,mega,,Deactivating Gyaradosite,Desactivando Gyaradosita,Deactivating Gyaradosita,Avec l’objet Léviatorite désactivé,Garadosnit deaktivieren,Disattivando Gyaradosite,Deactivating Gyaradosite,갸라도스나이트[[를]] 통해 비활성화,ギャラドスナイトを 無効に すれば,禁用了暴鲤龙进化石,禁用了暴鯉龍進化石,Deactivating Gyaradosite,Desactivant Gyaradosite,Deactivating Gyaradosite,Deactivating Gyaradosite,Деактивация Гярадосит,Deactivating Гіарадозит,Dezaktywując: Gyaradosyt,Deactivating Gyaradosite,Deactivating Gyaradosite,Vô Hiệu Hoá Gyaradosite,Deactivating Gyaradosite,Vid avaktivering av Gyaradosit,Deactivating Gyaradosite
131,LAPRAS,,gigantamax,Activating Max Mushrooms,Activando Maxisetas,Activating Maxihongo,Avec l’objet Maxi Champis activé,Dyna-Pilz aktivieren,Attivando Fungomax,Activating Max Mushrooms,다이버섯[[를]] 통해 폼체인지,ダイキノコを 有効に すれば,激活了极巨菇菇,活化了極巨菇菇,Activating Max Mushrooms,Activant Max Mushrooms,Activating Max Mushrooms,Activating Maksi Mantarlar,Активация Макс-Грибы,Activating Max Mushrooms,Aktywując: Max Mushrooms,Activating Jamur Max,Activating मैक्स मुशरूम,Kích hoạt Nấm Max,Activating Max Mushrooms,Vid aktivering av Maxsvampar,Activating Max Mushrooms
131,LAPRAS,gigantamax,,Deactivating Max Mushrooms,Desactivando Maxisetas,Deactivating Maxihongo,Avec l’objet Maxi Champis désactivé,Dyna-Pilz deaktivieren,Disattivando Fungomax,Deactivating Max Mushrooms,다이버섯[[를]] 통해 비활성화,ダイキノコを 無効に すれば,禁用了极巨菇菇,禁用了極巨菇菇,Deactivating Max Mushrooms,Desactivant Max Mushrooms,Deactivating Max Mushrooms,Deactivating Maksi Mantarlar,Деактивация Макс-Грибы,Deactivating Max Mushrooms,Dezaktywując: Max Mushrooms,Deactivating Jamur Max,Deactivating मैक्स मुशरूम,Vô Hiệu Hoá Nấm Max,Deactivating Max Mushrooms,Vid avaktivering av Maxsvampar,Deactivating Max Mushrooms
133,EEVEE,,gigantamax,Activating Max Mushrooms,Activando Maxisetas,Activating Maxihongo,Avec l’objet Maxi Champis activé,Dyna-Pilz aktivieren,Attivando Fungomax,Activating Max Mushrooms,다이버섯[[를]] 통해 폼체인지,ダイキノコを 有効に すれば,激活了极巨菇菇,活化了極巨菇菇,Activating Max Mushrooms,Activant Max Mushrooms,Activating Max Mushrooms,Activating Maksi Mantarlar,Активация Макс-Грибы,Activating Max Mushrooms,Aktywując: Max Mushrooms,Activating Jamur Max,Activating मैक्स मुशरूम,Kích hoạt Nấm Max,Activating Max Mushrooms,Vid aktivering av Maxsvampar,Activating Max Mushrooms
133,EEVEE,partner,gigantamax,Activating Max Mushrooms,Activando Maxisetas,Activating Maxihongo,Avec l’objet Maxi Champis activé,Dyna-Pilz aktivieren,Attivando Fungomax,Activating Max Mushrooms,다이버섯[[를]] 통해 폼체인지,ダイキノコを 有効に すれば,激活了极巨菇菇,活化了極巨菇菇,Activating Max Mushrooms,Activant Max Mushrooms,Activating Max Mushrooms,Activating Maksi Mantarlar,Активация Макс-Грибы,Activating Max Mushrooms,Aktywując: Max Mushrooms,Activating Jamur Max,Activating मैक्स मुशरूम,Kích hoạt Nấm Max,Activating Max Mushrooms,Vid aktivering av Maxsvampar,Activating Max Mushrooms
133,EEVEE,gigantamax,,Deactivating Max Mushrooms,Desactivando Maxisetas,Deactivating Maxihongo,Avec l’objet Maxi Champis désactivé,Dyna-Pilz deaktivieren,Disattivando Fungomax,Deactivating Max Mushrooms,다이버섯[[를]] 통해 비활성화,ダイキノコを 無効に すれば,禁用了极巨菇菇,禁用了極巨菇菇,Deactivating Max Mushrooms,Desactivant Max Mushrooms,Deactivating Max Mushrooms,Deactivating Maksi Mantarlar,Деактивация Макс-Грибы,Deactivating Max Mushrooms,Dezaktywując: Max Mushrooms,Deactivating Jamur Max,Deactivating मैक्स मुशरूम,Vô Hiệu Hoá Nấm Max,Deactivating Max Mushrooms,Vid avaktivering av Maxsvampar,Deactivating Max Mushrooms
133,EEVEE,gigantamax,partner,Deactivating Max Mushrooms,Desactivando Maxisetas,Deactivating Maxihongo,Avec l’objet Maxi Champis désactivé,Dyna-Pilz deaktivieren,Disattivando Fungomax,Deactivating Max Mushrooms,다이버섯[[를]] 통해 비활성화,ダイキノコを 無効に すれば,禁用了极巨菇菇,禁用了極巨菇菇,Deactivating Max Mushrooms,Desactivant Max Mushrooms,Deactivating Max Mushrooms,Deactivating Maksi Mantarlar,Деактивация Макс-Грибы,Deactivating Max Mushrooms,Dezaktywując: Max Mushrooms,Deactivating Jamur Max,Deactivating मैक्स मुशरूम,Vô Hiệu Hoá Nấm Max,Deactivating Max Mushrooms,Vid avaktivering av Maxsvampar,Deactivating Max Mushrooms
142,AERODACTYL,,mega,Activating Aerodactylite,Activando Aerodactylita,Activating Aerodactylita,Avec l’objet Ptéraïte activé,Aerodactylonit aktivieren,Attivando Aerodactylite,Activating Aerodactylite,프테라나이트[[를]] 통해 폼체인지,プテラナイトを 有効に すれば,激活了化石翼龙进化石,活化了化石翼龍進化石,Activating Aerodactylite,Activant Aerodactylite,Activating Aerodactylite,Activating Aerodactylite,Активация Аэродактилит,Activating Аеродактиліт,Aktywując: Aerodactylit,Activating Aerodactylite,Activating Aerodactylite,Kích hoạt Aerodactylite,Activating Aerodactylite,Vid aktivering av Aerodactylit,Activating Aerodactylite
142,AERODACTYL,mega,,Deactivating Aerodactylite,Desactivando Aerodactylita,Deactivating Aerodactylita,Avec l’objet Ptéraïte désactivé,Aerodactylonit deaktivieren,Disattivando Aerodactylite,Deactivating Aerodactylite,프테라나이트[[를]] 통해 비활성화,プテラナイトを 無効に すれば,禁用了化石翼龙进化石,禁用了化石翼龍進化石,Deactivating Aerodactylite,Desactivant Aerodactylite,Deactivating Aerodactylite,Deactivating Aerodactylite,Деактивация Аэродактилит,Deactivating Аеродактиліт,Dezaktywując: Aerodactylit,Deactivating Aerodactylite,Deactivating Aerodactylite,Vô Hiệu Hoá Aerodactylite,Deactivating Aerodactylite,Vid avaktivering av Aerodactylit,Deactivating Aerodactylite
143,SNORLAX,,gigantamax,Activating Max Mushrooms,Activando Maxisetas,Activating Maxihongo,Avec l’objet Maxi Champis activé,Dyna-Pilz aktivieren,Attivando Fungomax,Activating Max Mushrooms,다이버섯[[를]] 통해 폼체인지,ダイキノコを 有効に すれば,激活了极巨菇菇,活化了極巨菇菇,Activating Max Mushrooms,Activant Max Mushrooms,Activating Max Mushrooms,Activating Maksi Mantarlar,Активация Макс-Грибы,Activating Max Mushrooms,Aktywując: Max Mushrooms,Activating Jamur Max,Activating मैक्स मुशरूम,Kích hoạt Nấm Max,Activating Max Mushrooms,Vid aktivering av Maxsvampar,Activating Max Mushrooms
143,SNORLAX,gigantamax,,Deactivating Max Mushrooms,Desactivando Maxisetas,Deactivating Maxihongo,Avec l’objet Maxi Champis désactivé,Dyna-Pilz deaktivieren,Disattivando Fungomax,Deactivating Max Mushrooms,다이버섯[[를]] 통해 비활성화,ダイキノコを 無効に すれば,禁用了极巨菇菇,禁用了極巨菇菇,Deactivating Max Mushrooms,Desactivant Max Mushrooms,Deactivating Max Mushrooms,Deactivating Maksi Mantarlar,Деактивация Макс-Грибы,Deactivating Max Mushrooms,Dezaktywując: Max Mushrooms,Deactivating Jamur Max,Deactivating मैक्स मुशरूम,Vô Hiệu Hoá Nấm Max,Deactivating Max Mushrooms,Vid avaktivering av Maxsvampar,Deactivating Max Mushrooms
149,DRAGONITE,,mega,Activating Dragoninite,Activando Dragonitita,Activating Dragonitita,Avec l’objet Dracolossite activé,Dragoranit aktivieren,Attivando Dragonitite,Activating Dragoninite,망나뇽나이트[[를]] 통해 폼체인지,カイリュナイトを 有効に すれば,激活了快龙进化石,活化了快龍進化石,Activating Dragoninite,Activant Dragoninite,Activating Dragoninite,Activating Dragoninite,Активация Драгонайнит,Activating Драгонініт,Aktywując: Dragonityt,Activating Dragoninite,Activating Dragoninite,Kích hoạt Dragoninite,Activating Dragoninite,Vid aktivering av Dragoninit,Activating Dragoninite
149,DRAGONITE,mega,,Deactivating Dragoninite,Desactivando Dragonitita,Deactivating Dragonitita,Avec l’objet Dracolossite désactivé,Dragoranit deaktivieren,Disattivando Dragonitite,Deactivating Dragoninite,망나뇽나이트[[를]] 통해 비활성화,カイリュナイトを 無効に すれば,禁用了快龙进化石,禁用了快龍進化石,Deactivating Dragoninite,Desactivant Dragoninite,Deactivating Dragoninite,Deactivating Dragoninite,Деактивация Драгонайнит,Deactivating Драгонініт,Dezaktywując: Dragonityt,Deactivating Dragoninite,Deactivating Dragoninite,Vô Hiệu Hoá Dragoninite,Deactivating Dragoninite,Vid avaktivering av Dragoninit,Deactivating Dragoninite
150,MEWTWO,,mega-x,Activating Mewtwonite X,Activando Mewtwoita X,Activating Mewtwoita X,Avec l’objet Mewtwoïte X activé,Mewtunit X aktivieren,Attivando Mewtwoite X,Activating Mewtwonite X,뮤츠나이트 X[[를]] 통해 폼체인지,ミュウツナイトＸを 有効に すれば,激活了超梦进化石Ｘ,活化了超夢進化石Ｘ,Activating Mewtwonite X,Activant Mewtwonite X,Activating Mewtwonite X,Activating Mewtwonite X,Активация Мьютунит X,Activating М’туніт X,Aktywując: Mewtwonit X,Activating Mewtwonite X,Activating Mewtwonite X,Kích hoạt Mewtwonite X,Activating Mewtwonite X,Vid aktivering av Mewtwonit X,Activating Mewtwonite X
150,MEWTWO,,mega-y,Activating Mewtwonite Y,Activando Mewtwoita Y,Activating Mewtwoita Y,Avec l’objet Mewtwoïte Y activé,Mewtunit Y aktivieren,Attivando Mewtwoite Y,Activating Mewtwonite Y,뮤츠나이트 Y[[를]] 통해 폼체인지,ミュウツナイトＹを 有効に すれば,激活了超梦进化石Ｙ,活化了超夢進化石Ｙ,Activating Mewtwonite Y,Activant Mewtwonite Y,Activating Mewtwonite Y,Activating Mewtwonite Y,Активация Мьютунит Y,Activating М’туніт Y,Aktywując: Mewtwonit Y,Activating Mewtwonite Y,Activating Mewtwonite Y,Kích hoạt Mewtwonite Y,Activating Mewtwonite Y,Vid aktivering av Mewtwonit Y,Activating Mewtwonite Y
150,MEWTWO,mega-x,,Deactivating Mewtwonite X,Desactivando Mewtwoita X,Deactivating Mewtwoita X,Avec l’objet Mewtwoïte X désactivé,Mewtunit X deaktivieren,Disattivando Mewtwoite X,Deactivating Mewtwonite X,뮤츠나이트 X[[를]] 통해 비활성화,ミュウツナイトＸを 無効に すれば,禁用了超梦进化石Ｘ,禁用了超夢進化石Ｘ,Deactivating Mewtwonite X,Desactivant Mewtwonite X,Deactivating Mewtwonite X,Deactivating Mewtwonite X,Деактивация Мьютунит X,Deactivating М’туніт X,Dezaktywując: Mewtwonit X,Deactivating Mewtwonite X,Deactivating Mewtwonite X,Vô Hiệu Hoá Mewtwonite X,Deactivating Mewtwonite X,Vid avaktivering av Mewtwonit X,Deactivating Mewtwonite X
150,MEWTWO,mega-y,,Deactivating Mewtwonite Y,Desactivando Mewtwoita Y,Deactivating Mewtwoita Y,Avec l’objet Mewtwoïte Y désactivé,Mewtunit Y deaktivieren,Disattivando Mewtwoite Y,Deactivating Mewtwonite Y,뮤츠나이트 Y[[를]] 통해 비활성화,ミュウツナイトＹを 無効に すれば,禁用了超梦进化石Ｙ,禁用了超夢進化石Ｙ,Deactivating Mewtwonite Y,Desactivant Mewtwonite Y,Deactivating Mewtwonite Y,Deactivating Mewtwonite Y,Деактивация Мьютунит Y,Deactivating М’туніт Y,Dezaktywując: Mewtwonit Y,Deactivating Mewtwonite Y,Deactivating Mewtwonite Y,Vô Hiệu Hoá Mewtwonite Y,Deactivating Mewtwonite Y,Vid avaktivering av Mewtwonit Y,Deactivating Mewtwonite Y
154,MEGANIUM,,mega,Activating Meganiumite,Activando Meganiumita,Activating Meganiumita,Avec l’objet Méganiumite activé,Meganienit aktivieren,Attivando Meganiumite,Activating Meganiumite,메가니움나이트[[를]] 통해 폼체인지,メガニウムナイトを 有効に すれば,激活了大竺葵进化石,活化了大竺葵進化石,Activating Meganiumite,Activant Meganiumite,Activating Meganiumite,Activating Meganiumite,Активация Меганиумит,Activating Меганіуміт,Aktywując: Meganiumit,Activating Meganiumite,Activating Meganiumite,Kích hoạt Meganiumite,Activating Meganiumite,Vid aktivering av Meganiumit,Activating Meganiumite
154,MEGANIUM,mega,,Deactivating Meganiumite,Desactivando Meganiumita,Deactivating Meganiumita,Avec l’objet Méganiumite désactivé,Meganienit deaktivieren,Disattivando Meganiumite,Deactivating Meganiumite,메가니움나이트[[를]] 통해 비활성화,メガニウムナイトを 無効に すれば,禁用了大竺葵进化石,禁用了大竺葵進化石,Deactivating Meganiumite,Desactivant Meganiumite,Deactivating Meganiumite,Deactivating Meganiumite,Деактивация Меганиумит,Deactivating Меганіуміт,Dezaktywując: Meganiumit,Deactivating Meganiumite,Deactivating Meganiumite,Vô Hiệu Hoá Meganiumite,Deactivating Meganiumite,Vid avaktivering av Meganiumit,Deactivating Meganiumite
160,FERALIGATR,,mega,Activating Feraligite,Activando Feraligatrita,Activating Feraligatrita,Avec l’objet Aligatueurite activé,Impergatornit aktivieren,Attivando Feraligatrite,Activating Feraligite,장크로다일나이트[[를]] 통해 폼체인지,オーダイルナイトを 有効に すれば,激活了大力鳄进化石,活化了大力鱷進化石,Activating Feraligite,Activant Feraligite,Activating Feraligite,Activating Feraligite,Активация Фералигит,Activating Фералігіт,Aktywując: Feraligatryt,Activating Feraligite,Activating Feraligite,Kích hoạt Feraligite,Activating Feraligite,Vid aktivering av Feraligit,Activating Feraligite
160,FERALIGATR,mega,,Deactivating Feraligite,Desactivando Feraligatrita,Deactivating Feraligatrita,Avec l’objet Aligatueurite désactivé,Impergatornit deaktivieren,Disattivando Feraligatrite,Deactivating Feraligite,장크로다일나이트[[를]] 통해 비활성화,オーダイルナイトを 無効に すれば,禁用了大力鳄进化石,禁用了大力鱷進化石,Deactivating Feraligite,Desactivant Feraligite,Deactivating Feraligite,Deactivating Feraligite,Деактивация Фералигит,Deactivating Фералігіт,Dezaktywując: Feraligatryt,Deactivating Feraligite,Deactivating Feraligite,Vô Hiệu Hoá Feraligite,Deactivating Feraligite,Vid avaktivering av Feraligit,Deactivating Feraligite
181,AMPHAROS,,mega,Activating Ampharosite,Activando Ampharosita,Activating Ampharosita,Avec l’objet Pharampite activé,Ampharosnit aktivieren,Attivando Ampharosite,Activating Ampharosite,전룡나이트[[를]] 통해 폼체인지,デンリュウナイトを 有効に すれば,激活了电龙进化石,活化了電龍進化石,Activating Ampharosite,Activant Ampharosite,Activating Ampharosite,Activating Ampharosite,Активация Амфаросинит,Activating Амфаросиніт,Aktywując: Ampharosyt,Activating Ampharosite,Activating Ampharosite,Kích hoạt Ampharosite,Activating Ampharosite,Vid aktivering av Ampharosit,Activating Ampharosite
181,AMPHAROS,mega,,Deactivating Ampharosite,Desactivando Ampharosita,Deactivating Ampharosita,Avec l’objet Pharampite désactivé,Ampharosnit deaktivieren,Disattivando Ampharosite,Deactivating Ampharosite,전룡나이트[[를]] 통해 비활성화,デンリュウナイトを 無効に すれば,禁用了电龙进化石,禁用了電龍進化石,Deactivating Ampharosite,Desactivant Ampharosite,Deactivating Ampharosite,Deactivating Ampharosite,Деактивация Амфаросинит,Deactivating Амфаросиніт,Dezaktywując: Ampharosyt,Deactivating Ampharosite,Deactivating Ampharosite,Vô Hiệu Hoá Ampharosite,Deactivating Ampharosite,Vid avaktivering av Ampharosit,Deactivating Ampharosite
208,STEELIX,,mega,Activating Steelixite,Activando Steelixita,Activating Steelixita,Avec l’objet Steelixite activé,Stahlosnit aktivieren,Attivando Steelixite,Activating Steelixite,강철톤나이트[[를]] 통해 폼체인지,ハガネールナイトを 有効に すれば,激活了大钢蛇进化石,活化了大鋼蛇進化石,Activating Steelixite,Activant Steelixite,Activating Steelixite,Activating Steelixite,Активация Стиликсит,Activating Стиліксит,Aktywując: Steelixyt,Activating Steelixite,Activating Steelixite,Kích hoạt Steelixite,Activating Steelixite,Vid aktivering av Steelixit,Activating Steelixite
208,STEELIX,mega,,Deactivating Steelixite,Desactivando Steelixita,Deactivating Steelixita,Avec l’objet Steelixite désactivé,Stahlosnit deaktivieren,Disattivando Steelixite,Deactivating Steelixite,강철톤나이트[[를]] 통해 비활성화,ハガネールナイトを 無効に すれば,禁用了大钢蛇进化石,禁用了大鋼蛇進化石,Deactivating Steelixite,Desactivant Steelixite,Deactivating Steelixite,Deactivating Steelixite,Деактивация Стиликсит,Deactivating Стиліксит,Dezaktywując: Steelixyt,Deactivating Steelixite,Deactivating Steelixite,Vô Hiệu Hoá Steelixite,Deactivating Steelixite,Vid avaktivering av Steelixit,Deactivating Steelixite
212,SCIZOR,,mega,Activating Scizorite,Activando Scizorita,Activating Scizorita,Avec l’objet Cizayoxite activé,Scheroxnit aktivieren,Attivando Scizorite,Activating Scizorite,핫삼나이트[[를]] 통해 폼체인지,ハッサムナイトを 有効に すれば,激活了巨钳螳螂进化石,活化了巨鉗螳螂進化石,Activating Scizorite,Activant Scizorite,Activating Scizorite,Activating Scizorite,Активация Сцизорит,Activating Сцизорит,Aktywując: Scizoryt,Activating Scizorite,Activating Scizorite,Kích hoạt Scizorite,Activating Scizorite,Vid aktivering av Scizorit,Activating Scizorite
212,SCIZOR,mega,,Deactivating Scizorite,Desactivando Scizorita,Deactivating Scizorita,Avec l’objet Cizayoxite désactivé,Scheroxnit deaktivieren,Disattivando Scizorite,Deactivating Scizorite,핫삼나이트[[를]] 통해 비활성화,ハッサムナイトを 無効に すれば,禁用了巨钳螳螂进化石,禁用了巨鉗螳螂進化石,Deactivating Scizorite,Desactivant Scizorite,Deactivating Scizorite,Deactivating Scizorite,Деактивация Сцизорит,Deactivating Сцизорит,Dezaktywując: Scizoryt,Deactivating Scizorite,Deactivating Scizorite,Vô Hiệu Hoá Scizorite,Deactivating Scizorite,Vid avaktivering av Scizorit,Deactivating Scizorite
214,HERACROSS,,mega,Activating Heracronite,Activando Heracrossita,Activating Heracrossita,Avec l’objet Scarhinoïte activé,Skarabornit aktivieren,Attivando Heracronite,Activating Heracronite,헤라크로스나이트[[를]] 통해 폼체인지,ヘラクロスナイトを 有効に すれば,激活了赫拉克罗斯进化石,活化了赫拉克羅斯進化石,Activating Heracronite,Activant Heracronite,Activating Heracronite,Activating Heracronite,Активация Геракронит,Activating Геракроніт,Aktywując: Heracronit,Activating Heracronite,Activating Heracronite,Kích hoạt Heracronite,Activating Heracronite,Vid aktivering av Heracronit,Activating Heracronite
214,HERACROSS,mega,,Deactivating Heracronite,Desactivando Heracrossita,Deactivating Heracrossita,Avec l’objet Scarhinoïte désactivé,Skarabornit deaktivieren,Disattivando Heracronite,Deactivating Heracronite,헤라크로스나이트[[를]] 통해 비활성화,ヘラクロスナイトを 無効に すれば,禁用了赫拉克罗斯进化石,禁用了赫拉克羅斯進化石,Deactivating Heracronite,Desactivant Heracronite,Deactivating Heracronite,Deactivating Heracronite,Деактивация Геракронит,Deactivating Геракроніт,Dezaktywując: Heracronit,Deactivating Heracronite,Deactivating Heracronite,Vô Hiệu Hoá Heracronite,Deactivating Heracronite,Vid avaktivering av Heracronit,Deactivating Heracronite
227,SKARMORY,,mega,Activating Skarmorite,Activando Skarmorita,Activating Skarmorita,Avec l’objet Airmurite activé,Panzaeronit aktivieren,Attivando Skarmorite,Activating Skarmorite,무장조나이트[[를]] 통해 폼체인지,エアームドナイトを 有効に すれば,激活了盔甲鸟进化石,活化了盔甲鳥進化石,Activating Skarmorite,Activant Skarmorite,Activating Skarmorite,Activating Skarmorite,Активация Скарморит,Activating Скарморит,Aktywując: Skarmoryt,Activating Skarmorite,Activating Skarmorite,Kích hoạt Skarmorite,Activating Skarmorite,Vid aktivering av Skarmorit,Activating Skarmorite
227,SKARMORY,mega,,Deactivating Skarmorite,Desactivando Skarmorita,Deactivating Skarmorita,Avec l’objet Airmurite désactivé,Panzaeronit deaktivieren,Disattivando Skarmorite,Deactivating Skarmorite,무장조나이트[[를]] 통해 비활성화,エアームドナイトを 無効に すれば,禁用了盔甲鸟进化石,禁用了盔甲鳥進化石,Deactivating Skarmorite,Desactivant Skarmorite,Deactivating Skarmorite,Deactivating Skarmorite,Деактивация Скарморит,Deactivating Скарморит,Dezaktywując: Skarmoryt,Deactivating Skarmorite,Deactivating Skarmorite,Vô Hiệu Hoá Skarmorite,Deactivating Skarmorite,Vid avaktivering av Skarmorit,Deactivating Skarmorite
229,HOUNDOOM,,mega,Activating Houndoominite,Activando Houndoomita,Activating Houndoomita,Avec l’objet Démolossite activé,Hundemonit  aktivieren,Attivando Houndoomite,Activating Houndoominite,헬가나이트[[를]] 통해 폼체인지,ヘルガナイトを 有効に すれば,激活了黑鲁加进化石,活化了黑魯加進化石,Activating Houndoominite,Activant Houndoominite,Activating Houndoominite,Activating Houndoominite,Активация Хаундуминит,Activating Хаундомініт,Aktywując: Houndoomnit,Activating Houndoominite,Activating Houndoominite,Kích hoạt Houndoominite,Activating Houndoominite,Vid aktivering av Houndoominit,Activating Houndoominite
229,HOUNDOOM,mega,,Deactivating Houndoominite,Desactivando Houndoomita,Deactivating Houndoomita,Avec l’objet Démolossite désactivé,Hundemonit  deaktivieren,Disattivando Houndoomite,Deactivating Houndoominite,헬가나이트[[를]] 통해 비활성화,ヘルガナイトを 無効に すれば,禁用了黑鲁加进化石,禁用了黑魯加進化石,Deactivating Houndoominite,Desactivant Houndoominite,Deactivating Houndoominite,Deactivating Houndoominite,Деактивация Хаундуминит,Deactivating Хаундомініт,Dezaktywując: Houndoomnit,Deactivating Houndoominite,Deactivating Houndoominite,Vô Hiệu Hoá Houndoominite,Deactivating Houndoominite,Vid avaktivering av Houndoominit,Deactivating Houndoominite
248,TYRANITAR,,mega,Activating Tyranitarite,Activando Tyranitarita,Activating Tyranitarita,Avec l’objet Tyranocivite activé,Despotarnit aktivieren,Attivando Tyranitarite,Activating Tyranitarite,마기라스나이트[[를]] 통해 폼체인지,バンギラスナイトを 有効に すれば,激活了班基拉斯进化石,活化了班基拉斯進化石,Activating Tyranitarite,Activant Tyranitarite,Activating Tyranitarite,Activating Tyranitarite,Активация Тиранитарит,Activating Тиранітарит,Aktywując: Tyranitaryt,Activating Tyranitarite,Activating Tyranitarite,Kích hoạt Tyranitarite,Activating Tyranitarite,Vid aktivering av Tyranitarit,Activating Tyranitarite
248,TYRANITAR,mega,,Deactivating Tyranitarite,Desactivando Tyranitarita,Deactivating Tyranitarita,Avec l’objet Tyranocivite désactivé,Despotarnit deaktivieren,Disattivando Tyranitarite,Deactivating Tyranitarite,마기라스나이트[[를]] 통해 비활성화,バンギラスナイトを 無効に すれば,禁用了班基拉斯进化石,禁用了班基拉斯進化石,Deactivating Tyranitarite,Desactivant Tyranitarite,Deactivating Tyranitarite,Deactivating Tyranitarite,Деактивация Тиранитарит,Deactivating Тиранітарит,Dezaktywując: Tyranitaryt,Deactivating Tyranitarite,Deactivating Tyranitarite,Vô Hiệu Hoá Tyranitarite,Deactivating Tyranitarite,Vid avaktivering av Tyranitarit,Deactivating Tyranitarite
254,SCEPTILE,,mega,Activating Sceptilite,Activando Sceptilita,Activating Sceptilita,Avec l’objet Jungkite activé,Gewaldronit aktivieren,Attivando Sceptilite,Activating Sceptilite,나무킹나이트[[를]] 통해 폼체인지,ジュカインナイトを 有効に すれば,激活了蜥蜴王进化石,活化了蜥蜴王進化石,Activating Sceptilite,Activant Sceptilite,Activating Sceptilite,Activating Sceptilite,Активация Септилит,Activating Септиліт,Aktywując: Sceptilyt,Activating Sceptilite,Activating Sceptilite,Kích hoạt Sceptilite,Activating Sceptilite,Vid aktivering av Sceptilit,Activating Sceptilite
254,SCEPTILE,mega,,Deactivating Sceptilite,Desactivando Sceptilita,Deactivating Sceptilita,Avec l’objet Jungkite désactivé,Gewaldronit deaktivieren,Disattivando Sceptilite,Deactivating Sceptilite,나무킹나이트[[를]] 통해 비활성화,ジュカインナイトを 無効に すれば,禁用了蜥蜴王进化石,禁用了蜥蜴王進化石,Deactivating Sceptilite,Desactivant Sceptilite,Deactivating Sceptilite,Deactivating Sceptilite,Деактивация Септилит,Deactivating Септиліт,Dezaktywując: Sceptilyt,Deactivating Sceptilite,Deactivating Sceptilite,Vô Hiệu Hoá Sceptilite,Deactivating Sceptilite,Vid avaktivering av Sceptilit,Deactivating Sceptilite
257,BLAZIKEN,,mega,Activating Blazikenite,Activando Blazikenita,Activating Blazikenita,Avec l’objet Braségalite activé,Lohgocknit aktivieren,Attivando Blazikenite,Activating Blazikenite,번치코나이트[[를]] 통해 폼체인지,バシャーモナイトを 有効に すれば,激活了火焰鸡进化石,活化了火焰雞進化石,Activating Blazikenite,Activant Blazikenite,Activating Blazikenite,Activating Blazikenite,Активация Блазикенит,Activating Блазікеніт,Aktywując: Blazikenyt,Activating Blazikenite,Activating Blazikenite,Kích hoạt Blazikenite,Activating Blazikenite,Vid aktivering av Blazikenit,Activating Blazikenite
257,BLAZIKEN,mega,,Deactivating Blazikenite,Desactivando Blazikenita,Deactivating Blazikenita,Avec l’objet Braségalite désactivé,Lohgocknit deaktivieren,Disattivando Blazikenite,Deactivating Blazikenite,번치코나이트[[를]] 통해 비활성화,バシャーモナイトを 無効に すれば,禁用了火焰鸡进化石,禁用了火焰雞進化石,Deactivating Blazikenite,Desactivant Blazikenite,Deactivating Blazikenite,Deactivating Blazikenite,Деактивация Блазикенит,Deactivating Блазікеніт,Dezaktywując: Blazikenyt,Deactivating Blazikenite,Deactivating Blazikenite,Vô Hiệu Hoá Blazikenite,Deactivating Blazikenite,Vid avaktivering av Blazikenit,Deactivating Blazikenite
260,SWAMPERT,,mega,Activating Swampertite,Activando Swampertita,Activating Swampertita,Avec l’objet Laggronite activé,Sumpexnit aktivieren,Attivando Swampertite,Activating Swampertite,대짱이나이트[[를]] 통해 폼체인지,ラグラージナイトを 有効に すれば,激活了巨沼怪进化石,活化了巨沼怪進化石,Activating Swampertite,Activant Swampertite,Activating Swampertite,Activating Swampertite,Активация Свампертит,Activating Свампертит,Aktywując: Swamperyt,Activating Swampertite,Activating Swampertite,Kích hoạt Swampertite,Activating Swampertite,Vid aktivering av Swampertit,Activating Swampertite
260,SWAMPERT,mega,,Deactivating Swampertite,Desactivando Swampertita,Deactivating Swampertita,Avec l’objet Laggronite désactivé,Sumpexnit deaktivieren,Disattivando Swampertite,Deactivating Swampertite,대짱이나이트[[를]] 통해 비활성화,ラグラージナイトを 無効に すれば,禁用了巨沼怪进化石,禁用了巨沼怪進化石,Deactivating Swampertite,Desactivant Swampertite,Deactivating Swampertite,Deactivating Swampertite,Деактивация Свампертит,Deactivating Свампертит,Dezaktywując: Swamperyt,Deactivating Swampertite,Deactivating Swampertite,Vô Hiệu Hoá Swampertite,Deactivating Swampertite,Vid avaktivering av Swampertit,Deactivating Swampertite
282,GARDEVOIR,,mega,Activating Gardevoirite,Activando Gardevoirita,Activating Gardevoirita,Avec l’objet Gardevoirite activé,Guardevoirnit aktivieren,Attivando Gardevoirite,Activating Gardevoirite,가디안나이트[[를]] 통해 폼체인지,サーナイトナイトを 有効に すれば,激活了沙奈朵进化石,活化了沙奈朵進化石,Activating Gardevoirite,Activant Gardevoirite,Activating Gardevoirite,Activating Gardevoirite,Активация Гардевуарит,Activating Гардевоірит,Aktywując: Gardevoryt,Activating Gardevoirite,Activating Gardevoirite,Kích hoạt Gardevoirite,Activating Gardevoirite,Vid aktivering av Gardevoirit,Activating Gardevoirite
282,GARDEVOIR,mega,,Deactivating Gardevoirite,Desactivando Gardevoirita,Deactivating Gardevoirita,Avec l’objet Gardevoirite désactivé,Guardevoirnit deaktivieren,Disattivando Gardevoirite,Deactivating Gardevoirite,가디안나이트[[를]] 통해 비활성화,サーナイトナイトを 無効に すれば,禁用了沙奈朵进化石,禁用了沙奈朵進化石,Deactivating Gardevoirite,Desactivant Gardevoirite,Deactivating Gardevoirite,Deactivating Gardevoirite,Деактивация Гардевуарит,Deactivating Гардевоірит,Dezaktywując: Gardevoryt,Deactivating Gardevoirite,Deactivating Gardevoirite,Vô Hiệu Hoá Gardevoirite,Deactivating Gardevoirite,Vid avaktivering av Gardevoirit,Deactivating Gardevoirite
302,SABLEYE,,mega,Activating Sablenite,Activando Sableynita,Activating Sableynita,Avec l’objet Ténéfixite activé,Zobirisnit aktivieren,Attivando Sableyite,Activating Sablenite,깜까미나이트[[를]] 통해 폼체인지,ヤミラミナイトを 有効に すれば,激活了勾魂眼进化石,活化了勾魂眼進化石,Activating Sablenite,Activant Sablenite,Activating Sablenite,Activating Sablenite,Активация Сабленит,Activating Сабленіт,Aktywując: Sablenit,Activating Sablenite,Activating Sablenite,Kích hoạt Sablenite,Activating Sablenite,Vid aktivering av Sablenit,Activating Sablenite
302,SABLEYE,mega,,Deactivating Sablenite,Desactivando Sableynita,Deactivating Sableynita,Avec l’objet Ténéfixite désactivé,Zobirisnit deaktivieren,Disattivando Sableyite,Deactivating Sablenite,깜까미나이트[[를]] 통해 비활성화,ヤミラミナイトを 無効に すれば,禁用了勾魂眼进化石,禁用了勾魂眼進化石,Deactivating Sablenite,Desactivant Sablenite,Deactivating Sablenite,Deactivating Sablenite,Деактивация Сабленит,Deactivating Сабленіт,Dezaktywując: Sablenit,Deactivating Sablenite,Deactivating Sablenite,Vô Hiệu Hoá Sablenite,Deactivating Sablenite,Vid avaktivering av Sablenit,Deactivating Sablenite
303,MAWILE,,mega,Activating Mawilite,Activando Mawilita,Activating Mawilita,Avec l’objet Mysdibulite activé,Flunkifernit aktivieren,Attivando Mawilite,Activating Mawilite,입치트나이트[[를]] 통해 폼체인지,クチートナイトを 有効に すれば,激活了大嘴娃进化石,活化了大嘴娃進化石,Activating Mawilite,Activant Mawilite,Activating Mawilite,Activating Mawilite,Активация Мавилит,Activating Мавіліт,Aktywując: Mawilyt,Activating Mawilite,Activating Mawilite,Kích hoạt Mawilite,Activating Mawilite,Vid aktivering av Mawilit,Activating Mawilite
303,MAWILE,mega,,Deactivating Mawilite,Desactivando Mawilita,Deactivating Mawilita,Avec l’objet Mysdibulite désactivé,Flunkifernit deaktivieren,Disattivando Mawilite,Deactivating Mawilite,입치트나이트[[를]] 통해 비활성화,クチートナイトを 無効に すれば,禁用了大嘴娃进化石,禁用了大嘴娃進化石,Deactivating Mawilite,Desactivant Mawilite,Deactivating Mawilite,Deactivating Mawilite,Деактивация Мавилит,Deactivating Мавіліт,Dezaktywując: Mawilyt,Deactivating Mawilite,Deactivating Mawilite,Vô Hiệu Hoá Mawilite,Deactivating Mawilite,Vid avaktivering av Mawilit,Deactivating Mawilite
306,AGGRON,,mega,Activating Aggronite,Activando Aggronita,Activating Aggronita,Avec l’objet Galekingite activé,Stollossnit aktivieren,Attivando Aggronite,Activating Aggronite,보스로라나이트[[를]] 통해 폼체인지,ボスゴドラナイトを 有効に すれば,激活了波士可多拉进化石,活化了波士可多拉進化石,Activating Aggronite,Activant Aggronite,Activating Aggronite,Activating Aggronite,Активация Аггронит,Activating Аггроніт,Aktywując: Aggronit,Activating Aggronite,Activating Aggronite,Kích hoạt Aggronite,Activating Aggronite,Vid aktivering av Aggronit,Activating Aggronite
306,AGGRON,mega,,Deactivating Aggronite,Desactivando Aggronita,Deactivating Aggronita,Avec l’objet Galekingite désactivé,Stollossnit deaktivieren,Disattivando Aggronite,Deactivating Aggronite,보스로라나이트[[를]] 통해 비활성화,ボスゴドラナイトを 無効に すれば,禁用了波士可多拉进化石,禁用了波士可多拉進化石,Deactivating Aggronite,Desactivant Aggronite,Deactivating Aggronite,Deactivating Aggronite,Деактивация Аггронит,Deactivating Аггроніт,Dezaktywując: Aggronit,Deactivating Aggronite,Deactivating Aggronite,Vô Hiệu Hoá Aggronite,Deactivating Aggronite,Vid avaktivering av Aggronit,Deactivating Aggronite
308,MEDICHAM,,mega,Activating Medichamite,Activando Medichamita,Activating Medichamita,Avec l’objet Charminite activé,Meditalisnit aktivieren,Attivando Medichamite,Activating Medichamite,요가램나이트[[를]] 통해 폼체인지,チャーレムナイトを 有効に すれば,激活了恰雷姆进化石,活化了恰雷姆進化石,Activating Medichamite,Activant Medichamite,Activating Medichamite,Activating Medichamite,Активация Медичамит,Activating Медічаміт,Aktywując: Medichamyt,Activating Medichamite,Activating Medichamite,Kích hoạt Medichamite,Activating Medichamite,Vid aktivering av Medichamit,Activating Medichamite
308,MEDICHAM,mega,,Deactivating Medichamite,Desactivando Medichamita,Deactivating Medichamita,Avec l’objet Charminite désactivé,Meditalisnit deaktivieren,Disattivando Medichamite,Deactivating Medichamite,요가램나이트[[를]] 통해 비활성화,チャーレムナイトを 無効に すれば,禁用了恰雷姆进化石,禁用了恰雷姆進化石,Deactivating Medichamite,Desactivant Medichamite,Deactivating Medichamite,Deactivating Medichamite,Деактивация Медичамит,Deactivating Медічаміт,Dezaktywując: Medichamyt,Deactivating Medichamite,Deactivating Medichamite,Vô Hiệu Hoá Medichamite,Deactivating Medichamite,Vid avaktivering av Medichamit,Deactivating Medichamite
310,MANECTRIC,,mega,Activating Manectite,Activando Manectricita,Activating Manectricita,Avec l’objet Élecsprintite activé,Voltensonit aktivieren,Attivando Manectricite,Activating Manectite,썬더볼트나이트[[를]] 통해 폼체인지,ライボルトナイトを 有効に すれば,激活了雷电兽进化石,活化了雷電獸進化石,Activating Manectite,Activant Manectite,Activating Manectite,Activating Manectite,Активация Манектит,Activating Манектит,Aktywując: Manectyt,Activating Manectite,Activating Manectite,Kích hoạt Manectite,Activating Manectite,Vid aktivering av Manectit,Activating Manectite
310,MANECTRIC,mega,,Deactivating Manectite,Desactivando Manectricita,Deactivating Manectricita,Avec l’objet Élecsprintite désactivé,Voltensonit deaktivieren,Disattivando Manectricite,Deactivating Manectite,썬더볼트나이트[[를]] 통해 비활성화,ライボルトナイトを 無効に すれば,禁用了雷电兽进化石,禁用了雷電獸進化石,Deactivating Manectite,Desactivant Manectite,Deactivating Manectite,Deactivating Manectite,Деактивация Манектит,Deactivating Манектит,Dezaktywując: Manectyt,Deactivating Manectite,Deactivating Manectite,Vô Hiệu Hoá Manectite,Deactivating Manectite,Vid avaktivering av Manectit,Deactivating Manectite
319,SHARPEDO,,mega,Activating Sharpedonite,Activando Sharpedonita,Activating Sharpedonita,Avec l’objet Sharpedite activé,Tohaidonit aktivieren,Attivando Sharpedite,Activating Sharpedonite,샤크니아나이트[[를]] 통해 폼체인지,サメハダナイトを 有効に すれば,激活了巨牙鲨进化石,活化了巨牙鯊進化石,Activating Sharpedonite,Activant Sharpedonite,Activating Sharpedonite,Activating Sharpedonite,Активация Шарпедонит,Activating Шарпедоніт,Aktywując: Sharpedonit,Activating Sharpedonite,Activating Sharpedonite,Kích hoạt Sharpedonite,Activating Sharpedonite,Vid aktivering av Sharpedonit,Activating Sharpedonite
319,SHARPEDO,mega,,Deactivating Sharpedonite,Desactivando Sharpedonita,Deactivating Sharpedonita,Avec l’objet Sharpedite désactivé,Tohaidonit deaktivieren,Disattivando Sharpedite,Deactivating Sharpedonite,샤크니아나이트[[를]] 통해 비활성화,サメハダナイトを 無効に すれば,禁用了巨牙鲨进化石,禁用了巨牙鯊進化石,Deactivating Sharpedonite,Desactivant Sharpedonite,Deactivating Sharpedonite,Deactivating Sharpedonite,Деактивация Шарпедонит,Deactivating Шарпедоніт,Dezaktywując: Sharpedonit,Deactivating Sharpedonite,Deactivating Sharpedonite,Vô Hiệu Hoá Sharpedonite,Deactivating Sharpedonite,Vid avaktivering av Sharpedonit,Deactivating Sharpedonite
323,CAMERUPT,,mega,Activating Cameruptite,Activando Cameruptita,Activating Cameruptita,Avec l’objet Caméruptite activé,Cameruptnit aktivieren,Attivando Cameruptite,Activating Cameruptite,폭타나이트[[를]] 통해 폼체인지,バクーダナイトを 有効に すれば,激活了喷火驼进化石,活化了噴火駝進化石,Activating Cameruptite,Activant Cameruptite,Activating Cameruptite,Activating Cameruptite,Активация Камеруптит,Activating Камеруптит,Aktywując: Cameruptyt,Activating Cameruptite,Activating Cameruptite,Kích hoạt Cameruptite,Activating Cameruptite,Vid aktivering av Cameruptit,Activating Cameruptite
323,CAMERUPT,mega,,Deactivating Cameruptite,Desactivando Cameruptita,Deactivating Cameruptita,Avec l’objet Caméruptite désactivé,Cameruptnit deaktivieren,Disattivando Cameruptite,Deactivating Cameruptite,폭타나이트[[를]] 통해 비활성화,バクーダナイトを 無効に すれば,禁用了喷火驼进化石,禁用了噴火駝進化石,Deactivating Cameruptite,Desactivant Cameruptite,Deactivating Cameruptite,Deactivating Cameruptite,Деактивация Камеруптит,Deactivating Камеруптит,Dezaktywując: Cameruptyt,Deactivating Cameruptite,Deactivating Cameruptite,Vô Hiệu Hoá Cameruptite,Deactivating Cameruptite,Vid avaktivering av Cameruptit,Deactivating Cameruptite
334,ALTARIA,,mega,Activating Altarianite,Activando Altarianita,Activating Altarianita,Avec l’objet Altarite activé,Altarianit aktivieren,Attivando Altarite,Activating Altarianite,파비코리나이트[[를]] 통해 폼체인지,チルタリスナイトを 有効に すれば,激活了七夕青鸟进化石,活化了七夕青鳥進化石,Activating Altarianite,Activant Altarianite,Activating Altarianite,Activating Altarianite,Активация Алтарианит,Activating Алтаріаніт,Aktywując: Altarianit,Activating Altarianite,Activating Altarianite,Kích hoạt Altarianite,Activating Altarianite,Vid aktivering av Altarianit,Activating Altarianite
334,ALTARIA,mega,,Deactivating Altarianite,Desactivando Altarianita,Deactivating Altarianita,Avec l’objet Altarite désactivé,Altarianit deaktivieren,Disattivando Altarite,Deactivating Altarianite,파비코리나이트[[를]] 통해 비활성화,チルタリスナイトを 無効に すれば,禁用了七夕青鸟进化石,禁用了七夕青鳥進化石,Deactivating Altarianite,Desactivant Altarianite,Deactivating Altarianite,Deactivating Altarianite,Деактивация Алтарианит,Deactivating Алтаріаніт,Dezaktywując: Altarianit,Deactivating Altarianite,Deactivating Altarianite,Vô Hiệu Hoá Altarianite,Deactivating Altarianite,Vid avaktivering av Altarianit,Deactivating Altarianite
351,CASTFORM,,sunny,When the weather is right,En el tiempo atmosférico adecuado,When the weather is right,Quand la météo est bonne,Beim richtigen Wetter,Con il meteo giusto,When the weather is right,해당 날씨에 맞게 폼체인지,正しい天気に なっているとき,当天气正确时,當天氣正確時,When the weather is right,When the weather is right,When the weather is right,When the weather is right,Когда погода подходящая,When the weather is right,Przy dobrej pogodzie,When the weather is right,When the weather is right,Khi thời tiết hợp với Pokémon,When the weather is right,I rätt väder,When the weather is right
351,CASTFORM,rainy,sunny,When the weather is right,En el tiempo atmosférico adecuado,When the weather is right,Quand la météo est bonne,Beim richtigen Wetter,Con il meteo giusto,When the weather is right,해당 날씨에 맞게 폼체인지,正しい天気に なっているとき,当天气正确时,當天氣正確時,When the weather is right,When the weather is right,When the weather is right,When the weather is right,Когда погода подходящая,When the weather is right,Przy dobrej pogodzie,When the weather is right,When the weather is right,Khi thời tiết hợp với Pokémon,When the weather is right,I rätt väder,When the weather is right
351,CASTFORM,snowy,sunny,When the weather is right,En el tiempo atmosférico adecuado,When the weather is right,Quand la météo est bonne,Beim richtigen Wetter,Con il meteo giusto,When the weather is right,해당 날씨에 맞게 폼체인지,正しい天気に なっているとき,当天气正确时,當天氣正確時,When the weather is right,When the weather is right,When the weather is right,When the weather is right,Когда погода подходящая,When the weather is right,Przy dobrej pogodzie,When the weather is right,When the weather is right,Khi thời tiết hợp với Pokémon,When the weather is right,I rätt väder,When the weather is right
351,CASTFORM,,rainy,When the weather is right,En el tiempo atmosférico adecuado,When the weather is right,Quand la météo est bonne,Beim richtigen Wetter,Con il meteo giusto,When the weather is right,해당 날씨에 맞게 폼체인지,正しい天気に なっているとき,当天气正确时,當天氣正確時,When the weather is right,When the weather is right,When the weather is right,When the weather is right,Когда погода подходящая,When the weather is right,Przy dobrej pogodzie,When the weather is right,When the weather is right,Khi thời tiết hợp với Pokémon,When the weather is right,I rätt väder,When the weather is right
351,CASTFORM,sunny,rainy,When the weather is right,En el tiempo atmosférico adecuado,When the weather is right,Quand la météo est bonne,Beim richtigen Wetter,Con il meteo giusto,When the weather is right,해당 날씨에 맞게 폼체인지,正しい天気に なっているとき,当天气正确时,當天氣正確時,When the weather is right,When the weather is right,When the weather is right,When the weather is right,Когда погода подходящая,When the weather is right,Przy dobrej pogodzie,When the weather is right,When the weather is right,Khi thời tiết hợp với Pokémon,When the weather is right,I rätt väder,When the weather is right
351,CASTFORM,snowy,rainy,When the weather is right,En el tiempo atmosférico adecuado,When the weather is right,Quand la météo est bonne,Beim richtigen Wetter,Con il meteo giusto,When the weather is right,해당 날씨에 맞게 폼체인지,正しい天気に なっているとき,当天气正确时,當天氣正確時,When the weather is right,When the weather is right,When the weather is right,When the weather is right,Когда погода подходящая,When the weather is right,Przy dobrej pogodzie,When the weather is right,When the weather is right,Khi thời tiết hợp với Pokémon,When the weather is right,I rätt väder,When the weather is right
351,CASTFORM,,snowy,When the weather is right,En el tiempo atmosférico adecuado,When the weather is right,Quand la météo est bonne,Beim richtigen Wetter,Con il meteo giusto,When the weather is right,해당 날씨에 맞게 폼체인지,正しい天気に なっているとき,当天气正确时,當天氣正確時,When the weather is right,When the weather is right,When the weather is right,When the weather is right,Когда погода подходящая,When the weather is right,Przy dobrej pogodzie,When the weather is right,When the weather is right,Khi thời tiết hợp với Pokémon,When the weather is right,I rätt väder,When the weather is right
351,CASTFORM,sunny,snowy,When the weather is right,En el tiempo atmosférico adecuado,When the weather is right,Quand la météo est bonne,Beim richtigen Wetter,Con il meteo giusto,When the weather is right,해당 날씨에 맞게 폼체인지,正しい天気に なっているとき,当天气正确时,當天氣正確時,When the weather is right,When the weather is right,When the weather is right,When the weather is right,Когда погода подходящая,When the weather is right,Przy dobrej pogodzie,When the weather is right,When the weather is right,Khi thời tiết hợp với Pokémon,When the weather is right,I rätt väder,When the weather is right
351,CASTFORM,rainy,snowy,When the weather is right,En el tiempo atmosférico adecuado,When the weather is right,Quand la météo est bonne,Beim richtigen Wetter,Con il meteo giusto,When the weather is right,해당 날씨에 맞게 폼체인지,正しい天気に なっているとき,当天气正确时,當天氣正確時,When the weather is right,When the weather is right,When the weather is right,When the weather is right,Когда погода подходящая,When the weather is right,Przy dobrej pogodzie,When the weather is right,When the weather is right,Khi thời tiết hợp với Pokémon,When the weather is right,I rätt väder,When the weather is right
351,CASTFORM,sunny,,When the weather changes,Cuando el tiempo atmosférico cambia,When the weather changes,Quand la météo change,Bei Wetteränderung,Quando il meteo cambia,When the weather changes,날씨가 바뀔 경우,天気が 変わるとき,当天气变化时,當天氣變化時,When the weather changes,When the weather changes,When the weather changes,When the weather changes,При изменении погоды,When the weather changes,Przy zmianie pogody,When the weather changes,When the weather changes,Khi thời tiết thay đổi,When the weather changes,När vädret ändras,When the weather changes
351,CASTFORM,rainy,,When the weather changes,Cuando el tiempo atmosférico cambia,When the weather changes,Quand la météo change,Bei Wetteränderung,Quando il meteo cambia,When the weather changes,날씨가 바뀔 경우,天気が 変わるとき,当天气变化时,當天氣變化時,When the weather changes,When the weather changes,When the weather changes,When the weather changes,При изменении погоды,When the weather changes,Przy zmianie pogody,When the weather changes,When the weather changes,Khi thời tiết thay đổi,When the weather changes,När vädret ändras,When the weather changes
351,CASTFORM,snowy,,When the weather changes,Cuando el tiempo atmosférico cambia,When the weather changes,Quand la météo change,Bei Wetteränderung,Quando il meteo cambia,When the weather changes,날씨가 바뀔 경우,天気が 変わるとき,当天气变化时,當天氣變化時,When the weather changes,When the weather changes,When the weather changes,When the weather changes,При изменении погоды,When the weather changes,Przy zmianie pogody,When the weather changes,When the weather changes,Khi thời tiết thay đổi,When the weather changes,När vädret ändras,When the weather changes
351,CASTFORM,sunny,,After leaving the field,Después de dejar el combate,After leaving the field,Après avoir quitté le terrain,Beim Verlassen des Kampfs,Quando lascia il campo,After leaving the field,볼에 들어간 경우,場から 引っ込んだ後,离开对战场地后,離開對戰場地後,After leaving the field,Després de sortir del camp de batalla,After leaving the field,After leaving the field,После ухода с поля,After leaving the field,Po opuszczeniu pola bitwy,After leaving the field,After leaving the field,Khi rời sàn đấu,After leaving the field,När den har bytts av,After leaving the field
351,CASTFORM,rainy,,After leaving the field,Después de dejar el combate,After leaving the field,Après avoir quitté le terrain,Beim Verlassen des Kampfs,Quando lascia il campo,After leaving the field,볼에 들어간 경우,場から 引っ込んだ後,离开对战场地后,離開對戰場地後,After leaving the field,Després de sortir del camp de batalla,After leaving the field,After leaving the field,После ухода с поля,After leaving the field,Po opuszczeniu pola bitwy,After leaving the field,After leaving the field,Khi rời sàn đấu,After leaving the field,När den har bytts av,After leaving the field
351,CASTFORM,snowy,,After leaving the field,Después de dejar el combate,After leaving the field,Après avoir quitté le terrain,Beim Verlassen des Kampfs,Quando lascia il campo,After leaving the field,볼에 들어간 경우,場から 引っ込んだ後,离开对战场地后,離開對戰場地後,After leaving the field,Després de sortir del camp de batalla,After leaving the field,After leaving the field,После ухода с поля,After leaving the field,Po opuszczeniu pola bitwy,After leaving the field,After leaving the field,Khi rời sàn đấu,After leaving the field,När den har bytts av,After leaving the field
354,BANETTE,,mega,Activating Banettite,Activando Banettita,Activating Banettita,Avec l’objet Branettite activé,Banetteonit aktivieren,Attivando Banettite,Activating Banettite,다크펫나이트[[를]] 통해 폼체인지,ジュペッタナイトを 有効に すれば,激活了诅咒娃娃进化石,活化了詛咒娃娃進化石,Activating Banettite,Activant Banettite,Activating Banettite,Activating Banettite,Активация Банеттит,Activating Банеттит,Aktywując: Banettyt,Activating Banettite,Activating Banettite,Kích hoạt Banettite,Activating Banettite,Vid aktivering av Banettit,Activating Banettite
354,BANETTE,mega,,Deactivating Banettite,Desactivando Banettita,Deactivating Banettita,Avec l’objet Branettite désactivé,Banetteonit deaktivieren,Disattivando Banettite,Deactivating Banettite,다크펫나이트[[를]] 통해 비활성화,ジュペッタナイトを 無効に すれば,禁用了诅咒娃娃进化石,禁用了詛咒娃娃進化石,Deactivating Banettite,Desactivant Banettite,Deactivating Banettite,Deactivating Banettite,Деактивация Банеттит,Deactivating Банеттит,Dezaktywując: Banettyt,Deactivating Banettite,Deactivating Banettite,Vô Hiệu Hoá Banettite,Deactivating Banettite,Vid avaktivering av Banettit,Deactivating Banettite
358,CHIMECHO,,mega,Activating Chimechite,Activando Chimechita,Activating Chimechita,Avec l’objet Éokite activé,Palimpalimonit aktivieren,Attivando Chimechite,Activating Chimechite,치렁나이트[[를]] 통해 폼체인지,チリーンナイトを 有効に すれば,激活了风铃铃进化石,活化了風鈴鈴進化石,Activating Chimechite,Activant Chimechite,Activating Chimechite,Activating Chimechite,Активация Чаймекит,Activating Chimechite,Aktywując: Chimechotyt,Activating Chimechite,Activating Chimechite,Kích hoạt Chimechite,Activating Chimechite,Vid aktivering av Chimechit,Activating Chimechite
358,CHIMECHO,mega,,Deactivating Chimechite,Desactivando Chimechita,Deactivating Chimechita,Avec l’objet Éokite désactivé,Palimpalimonit deaktivieren,Disattivando Chimechite,Deactivating Chimechite,치렁나이트[[를]] 통해 비활성화,チリーンナイトを 無効に すれば,禁用了风铃铃进化石,禁用了風鈴鈴進化石,Deactivating Chimechite,Desactivant Chimechite,Deactivating Chimechite,Deactivating Chimechite,Деактивация Чаймекит,Deactivating Chimechite,Dezaktywując: Chimechotyt,Deactivating Chimechite,Deactivating Chimechite,Vô Hiệu Hoá Chimechite,Deactivating Chimechite,Vid avaktivering av Chimechit,Deactivating Chimechite
359,ABSOL,,mega,Activating Absolite,Activando Absolita,Activating Absolita,Avec l’objet Absolite activé,Absolnit aktivieren,Attivando Absolite,Activating Absolite,앱솔나이트[[를]] 통해 폼체인지,アブソルナイトを 有効に すれば,激活了阿勃梭鲁进化石,活化了阿勃梭魯進化石,Activating Absolite,Activant Absolite,Activating Absolite,Activating Absolite,Активация Абсолит,Activating Абсоліт,Aktywując: Absolit,Activating Absolite,Activating Absolite,Kích hoạt Absolite,Activating Absolite,Vid aktivering av Absolit,Activating Absolite
359,ABSOL,,mega-z,Activating Absolite Z,Activando Absolita Z,Activating Absolita Z,Avec l’objet Absolite Z activé,Absolnit Z aktivieren,Attivando Absolite Z,Activating Absolite Z,앱솔나이트Z[[를]] 통해 폼체인지,アブソルナイトＺを 有効に すれば,激活了阿勃梭鲁进化石Ｚ,活化了阿勃梭魯進化石Ｚ,Activating Absolite Z,Activant Absolite Z,Activating Absolite Z,Activating Absolite Z,Активация Абомасит Z,Activating Absolite Z,Aktywując: Absolit Z,Activating Absolite Z,Activating Absolite Z,Kích hoạt Absolite Z,Activating Absolite Z,Vid aktivering av Absolit Z,Activating Absolite Z
359,ABSOL,mega,,Deactivating Absolite,Desactivando Absolita,Deactivating Absolita,Avec l’objet Absolite désactivé,Absolnit deaktivieren,Disattivando Absolite,Deactivating Absolite,앱솔나이트[[를]] 통해 비활성화,アブソルナイトを 無効に すれば,禁用了阿勃梭鲁进化石,禁用了阿勃梭魯進化石,Deactivating Absolite,Desactivant Absolite,Deactivating Absolite,Deactivating Absolite,Деактивация Абсолит,Deactivating Абсоліт,Dezaktywując: Absolit,Deactivating Absolite,Deactivating Absolite,Vô Hiệu Hoá Absolite,Deactivating Absolite,Vid avaktivering av Absolit,Deactivating Absolite
359,ABSOL,mega-z,,Deactivating Absolite Z,Desactivando Absolita Z,Deactivating Absolita Z,Avec l’objet Absolite Z désactivé,Absolnit Z deaktivieren,Disattivando Absolite Z,Deactivating Absolite Z,앱솔나이트Z[[를]] 통해 비활성화,アブソルナイトＺを 無効に すれば,禁用了阿勃梭鲁进化石Ｚ,禁用了阿勃梭魯進化石Ｚ,Deactivating Absolite Z,Desactivant Absolite Z,Deactivating Absolite Z,Deactivating Absolite Z,Деактивация Абомасит Z,Deactivating Absolite Z,Dezaktywując: Absolit Z,Deactivating Absolite Z,Deactivating Absolite Z,Vô Hiệu Hoá Absolite Z,Deactivating Absolite Z,Vid avaktivering av Absolit Z,Deactivating Absolite Z
362,GLALIE,,mega,Activating Glalitite,Activando Glalita,Activating Glalita,Avec l’objet Oniglalite activé,Firnontornit aktivieren,Attivando Glalite,Activating Glalitite,얼음귀신나이트[[를]] 통해 폼체인지,オニゴーリナイトを 有効に すれば,激活了冰鬼护进化石,活化了冰鬼護進化石,Activating Glalitite,Activant Glalitite,Activating Glalitite,Activating Glalitite,Активация Глалитит,Activating Глалітит,Aktywując: Glalityt,Activating Glalitite,Activating Glalitite,Kích hoạt Glalitite,Activating Glalitite,Vid aktivering av Glalitit,Activating Glalitite
362,GLALIE,mega,,Deactivating Glalitite,Desactivando Glalita,Deactivating Glalita,Avec l’objet Oniglalite désactivé,Firnontornit deaktivieren,Disattivando Glalite,Deactivating Glalitite,얼음귀신나이트[[를]] 통해 비활성화,オニゴーリナイトを 無効に すれば,禁用了冰鬼护进化石,禁用了冰鬼護進化石,Deactivating Glalitite,Desactivant Glalitite,Deactivating Glalitite,Deactivating Glalitite,Деактивация Глалитит,Deactivating Глалітит,Dezaktywując: Glalityt,Deactivating Glalitite,Deactivating Glalitite,Vô Hiệu Hoá Glalitite,Deactivating Glalitite,Vid avaktivering av Glalitit,Deactivating Glalitite
373,SALAMENCE,,mega,Activating Salamencite,Activando Salamencita,Activating Salamencita,Avec l’objet Drattakite activé,Brutalandanit aktivieren,Attivando Salamencite,Activating Salamencite,보만다나이트[[를]] 통해 폼체인지,ボーマンダナイトを 有効に すれば,激活了暴飞龙进化石,活化了暴飛龍進化石,Activating Salamencite,Activant Salamencite,Activating Salamencite,Activating Salamencite,Активация Саламенсит,Activating Саламенцит,Aktywując: Salamencyt,Activating Salamencite,Activating Salamencite,Kích hoạt Salamencite,Activating Salamencite,Vid aktivering av Salamencit,Activating Salamencite
373,SALAMENCE,mega,,Deactivating Salamencite,Desactivando Salamencita,Deactivating Salamencita,Avec l’objet Drattakite désactivé,Brutalandanit deaktivieren,Disattivando Salamencite,Deactivating Salamencite,보만다나이트[[를]] 통해 비활성화,ボーマンダナイトを 無効に すれば,禁用了暴飞龙进化石,禁用了暴飛龍進化石,Deactivating Salamencite,Desactivant Salamencite,Deactivating Salamencite,Deactivating Salamencite,Деактивация Саламенсит,Deactivating Саламенцит,Dezaktywując: Salamencyt,Deactivating Salamencite,Deactivating Salamencite,Vô Hiệu Hoá Salamencite,Deactivating Salamencite,Vid avaktivering av Salamencit,Deactivating Salamencite
376,METAGROSS,,mega,Activating Metagrossite,Activando Metagrossita,Activating Metagrossita,Avec l’objet Métalossite activé,Metagrossnit aktivieren,Attivando Metagrossite,Activating Metagrossite,메타그로스나이트[[를]] 통해 폼체인지,メタグロスナイトを 有効に すれば,激活了巨金怪进化石,活化了巨金怪進化石,Activating Metagrossite,Activant Metagrossite,Activating Metagrossite,Activating Metagrossite,Активация Метагроссит,Activating Метагроссит,Aktywując: Metagrossyt,Activating Metagrossite,Activating Metagrossite,Kích hoạt Metagrossite,Activating Metagrossite,Vid aktivering av Metagrossit,Activating Metagrossite
376,METAGROSS,mega,,Deactivating Metagrossite,Desactivando Metagrossita,Deactivating Metagrossita,Avec l’objet Métalossite désactivé,Metagrossnit deaktivieren,Disattivando Metagrossite,Deactivating Metagrossite,메타그로스나이트[[를]] 통해 비활성화,メタグロスナイトを 無効に すれば,禁用了巨金怪进化石,禁用了巨金怪進化石,Deactivating Metagrossite,Desactivant Metagrossite,Deactivating Metagrossite,Deactivating Metagrossite,Деактивация Метагроссит,Deactivating Метагроссит,Dezaktywując: Metagrossyt,Deactivating Metagrossite,Deactivating Metagrossite,Vô Hiệu Hoá Metagrossite,Deactivating Metagrossite,Vid avaktivering av Metagrossit,Deactivating Metagrossite
380,LATIAS,,mega,Activating Latiasite,Activando Latiasita,Activating Latiasita,Avec l’objet Latiasite activé,Latiasnit aktivieren,Attivando Latiasite,Activating Latiasite,라티아스나이트[[를]] 통해 폼체인지,ラティアスナイトを 有効に すれば,激活了拉帝亚斯进化石,活化了拉帝亞斯進化石,Activating Latiasite,Activant Latiasite,Activating Latiasite,Activating Latiasite,Активация Латиасит,Activating Латіазит,Aktywując: Latiasyt,Activating Latiasite,Activating Latiasite,Kích hoạt Latiasite,Activating Latiasite,Vid aktivering av Latiasit,Activating Latiasite
380,LATIAS,mega,,Deactivating Latiasite,Desactivando Latiasita,Deactivating Latiasita,Avec l’objet Latiasite désactivé,Latiasnit deaktivieren,Disattivando Latiasite,Deactivating Latiasite,라티아스나이트[[를]] 통해 비활성화,ラティアスナイトを 無効に すれば,禁用了拉帝亚斯进化石,禁用了拉帝亞斯進化石,Deactivating Latiasite,Desactivant Latiasite,Deactivating Latiasite,Deactivating Latiasite,Деактивация Латиасит,Deactivating Латіазит,Dezaktywując: Latiasyt,Deactivating Latiasite,Deactivating Latiasite,Vô Hiệu Hoá Latiasite,Deactivating Latiasite,Vid avaktivering av Latiasit,Deactivating Latiasite
381,LATIOS,,mega,Activating Latiosite,Activando Latiosita,Activating Latiosita,Avec l’objet Latiosite activé,Latiosnit aktivieren,Attivando Latiosite,Activating Latiosite,라티오스나이트[[를]] 통해 폼체인지,ラティオスナイトを 有効に すれば,激活了拉帝欧斯进化石,活化了拉帝歐斯進化石,Activating Latiosite,Activant Latiosite,Activating Latiosite,Activating Latiosite,Активация Латиосит,Activating Латіозит,Aktywując: Latiosyt,Activating Latiosite,Activating Latiosite,Kích hoạt Latiosite,Activating Latiosite,Vid aktivering av Latiosit,Activating Latiosite
381,LATIOS,mega,,Deactivating Latiosite,Desactivando Latiosita,Deactivating Latiosita,Avec l’objet Latiosite désactivé,Latiosnit deaktivieren,Disattivando Latiosite,Deactivating Latiosite,라티오스나이트[[를]] 통해 비활성화,ラティオスナイトを 無効に すれば,禁用了拉帝欧斯进化石,禁用了拉帝歐斯進化石,Deactivating Latiosite,Desactivant Latiosite,Deactivating Latiosite,Deactivating Latiosite,Деактивация Латиосит,Deactivating Латіозит,Dezaktywując: Latiosyt,Deactivating Latiosite,Deactivating Latiosite,Vô Hiệu Hoá Latiosite,Deactivating Latiosite,Vid avaktivering av Latiosit,Deactivating Latiosite
382,KYOGRE,,primal,Activating Blue Orb,Activando Prisma Azul,Activating Prisma Azul,Avec l’objet Gemme Bleue activé,Blauer Edelstein aktivieren,Attivando Gemma Blu,Activating Blue Orb,쪽빛구슬[[를]] 통해 폼체인지,あいいろのたまを 有効に すれば,激活了靛蓝色宝珠,活化了靛藍色寶珠,Activating Blue Orb,Activant Blue Orb,Activating Blue Orb,Activating Mavi Küre,Активация Синий Шар,Activating Blue Orb,Aktywując: Blue Orb,Activating Blue Orb,Activating Blue Orb,Kích hoạt Thủy Lam Cầu,Activating Blue Orb,Vid aktivering av Indigoklot,Activating Blue Orb
382,KYOGRE,primal,,Deactivating Blue Orb,Desactivando Prisma Azul,Deactivating Prisma Azul,Avec l’objet Gemme Bleue désactivé,Blauer Edelstein deaktivieren,Disattivando Gemma Blu,Deactivating Blue Orb,쪽빛구슬[[를]] 통해 비활성화,あいいろのたまを 無効に すれば,禁用了靛蓝色宝珠,禁用了靛藍色寶珠,Deactivating Blue Orb,Desactivant Blue Orb,Deactivating Blue Orb,Deactivating Mavi Küre,Деактивация Синий Шар,Deactivating Blue Orb,Dezaktywując: Blue Orb,Deactivating Blue Orb,Deactivating Blue Orb,Vô Hiệu Hoá Thủy Lam Cầu,Deactivating Blue Orb,Vid avaktivering av Indigoklot,Deactivating Blue Orb
383,GROUDON,,primal,Activating Red Orb,Activando Prisma Rojo,Activating Prisma Rojo,Avec l’objet Gemme Rouge activé,Roter Edelstein aktivieren,Attivando Gemma Rossa,Activating Red Orb,주홍구슬[[를]] 통해 폼체인지,べにいろのたまを 有効に すれば,激活了朱红色宝珠,活化了硃紅色寶珠,Activating Red Orb,Activant Red Orb,Activating Red Orb,Activating Kızıl Küre,Активация Красный Шар,Activating Red Orb,Aktywując: Red Orb,Activating Red Orb,Activating Red Orb,Kích hoạt Thổ Hồng Cầu,Activating Red Orb,Vid aktivering av Karmosinklot,Activating Red Orb
383,GROUDON,primal,,Deactivating Red Orb,Desactivando Prisma Rojo,Deactivating Prisma Rojo,Avec l’objet Gemme Rouge désactivé,Roter Edelstein deaktivieren,Disattivando Gemma Rossa,Deactivating Red Orb,주홍구슬[[를]] 통해 비활성화,べにいろのたまを 無効に すれば,禁用了朱红色宝珠,禁用了硃紅色寶珠,Deactivating Red Orb,Desactivant Red Orb,Deactivating Red Orb,Deactivating Kızıl Küre,Деактивация Красный Шар,Deactivating Red Orb,Dezaktywując: Red Orb,Deactivating Red Orb,Deactivating Red Orb,Vô Hiệu Hoá Thổ Hồng Cầu,Deactivating Red Orb,Vid avaktivering av Karmosinklot,Deactivating Red Orb
384,RAYQUAZA,,mega,Activating Rayquazite,Activando Rayquazita,Activating Rayquazita,Avec l’objet Rayquazite activé,Rayquazanit aktivieren,Attivando Rayquazite,Activating Rayquazite,레쿠쟈나이트[[를]] 통해 폼체인지,レックウザナイトを 有効に すれば,激活了烈空坐进化石,活化了烈空坐進化石,Activating Rayquazite,Activant Rayquazite,Activating Rayquazite,Activating Rayquazite,Активация Рэйквазит,Activating Рейквазіт,Aktywując: Rayquazyt,Activating Rayquazite,Activating Rayquazite,Kích hoạt Rayquazite,Activating Rayquazite,Vid aktivering av Rayquazit,Activating Rayquazite
384,RAYQUAZA,mega,,Deactivating Rayquazite,Desactivando Rayquazita,Deactivating Rayquazita,Avec l’objet Rayquazite désactivé,Rayquazanit deaktivieren,Disattivando Rayquazite,Deactivating Rayquazite,레쿠쟈나이트[[를]] 통해 비활성화,レックウザナイトを 無効に すれば,禁用了烈空坐进化石,禁用了烈空坐進化石,Deactivating Rayquazite,Desactivant Rayquazite,Deactivating Rayquazite,Deactivating Rayquazite,Деактивация Рэйквазит,Deactivating Рейквазіт,Dezaktywując: Rayquazyt,Deactivating Rayquazite,Deactivating Rayquazite,Vô Hiệu Hoá Rayquazite,Deactivating Rayquazite,Vid avaktivering av Rayquazit,Deactivating Rayquazite
386,DEOXYS,normal,attack,Activating Sharp Meteorite,Activando Meteorito Afilado,Activating Sharp Meteorite,Avec l’objet Méteorite Aiguisée activé,Scharfer Meteorit aktivieren,Attivando Meteorite Tagliente,Activating Sharp Meteorite,뾰족한운석[[를]] 통해 폼체인지,するどいいんせきを 有効に すれば,激活了锐利陨石,活化了銳利隕石,Activating Sharp Meteorite,Activant Sharp Meteorite,Activating Sharp Meteorite,Activating Sharp Meteorite,Активация Острый Метеорит,Activating Sharp Meteorite,Aktywując: Sharp Meteorite,Activating Sharp Meteorite,Activating Sharp Meteorite,Kích hoạt Thiên Thạch Sắc Nhọn,Activating Sharp Meteorite,Vid aktivering av Vass meteorit,Activating Sharp Meteorite
386,DEOXYS,normal,defense,Activating Hard Meteorite,Activando Meteorito Duro,Activating Hard Meteorite,Avec l’objet Méteorite Solide activé,Harter Meteorit aktivieren,Attivando Meteorite Dura,Activating Hard Meteorite,단단한운석[[를]] 통해 폼체인지,かたいいんせきを 有効に すれば,激活了坚硬陨石,活化了堅硬隕石,Activating Hard Meteorite,Activant Hard Meteorite,Activating Hard Meteorite,Activating Hard Meteorite,Активация Твёрдый Метеорит,Activating Hard Meteorite,Aktywując: Hard Meteorite,Activating Hard Meteorite,Activating Hard Meteorite,Kích hoạt Thiên Thạch Cứng Cáp,Activating Hard Meteorite,Vid aktivering av Hård meteorit,Activating Hard Meteorite
386,DEOXYS,normal,speed,Activating Smooth Meteorite,Activando Meteorito Suave,Activating Smooth Meteorite,Avec l’objet Méteorite Lisse activé,Glatter Meteorit aktivieren,Attivando Meteorite Liscia,Activating Smooth Meteorite,부드러운운석[[를]] 통해 폼체인지,なめらかないんせきを 有効に すれば,激活了光滑陨石,活化了光滑隕石,Activating Smooth Meteorite,Activant Smooth Meteorite,Activating Smooth Meteorite,Activating Smooth Meteorite,Активация Гладкий Метеорит,Activating Smooth Meteorite,Aktywując: Smooth Meteorite,Activating Smooth Meteorite,Activating Smooth Meteorite,Kích hoạt Thiên Thạch Mềm Mại,Activating Smooth Meteorite,Vid aktivering av Slät meteorit,Activating Smooth Meteorite
386,DEOXYS,attack,normal,Deactivating Sharp Meteorite,Desactivando Meteorito Afilado,Deactivating Sharp Meteorite,Avec l’objet Méteorite Aiguisée désactivé,Scharfer Meteorit deaktivieren,Disattivando Meteorite Tagliente,Deactivating Sharp Meteorite,뾰족한운석[[를]] 통해 비활성화,するどいいんせきを 無効に すれば,禁用了锐利陨石,禁用了銳利隕石,Deactivating Sharp Meteorite,Desactivant Sharp Meteorite,Deactivating Sharp Meteorite,Deactivating Sharp Meteorite,Деактивация Острый Метеорит,Deactivating Sharp Meteorite,Dezaktywując: Sharp Meteorite,Deactivating Sharp Meteorite,Deactivating Sharp Meteorite,Vô Hiệu Hoá Thiên Thạch Sắc Nhọn,Deactivating Sharp Meteorite,Vid avaktivering av Vass meteorit,Deactivating Sharp Meteorite
386,DEOXYS,defense,normal,Deactivating Hard Meteorite,Desactivando Meteorito Duro,Deactivating Hard Meteorite,Avec l’objet Méteorite Solide désactivé,Harter Meteorit deaktivieren,Disattivando Meteorite Dura,Deactivating Hard Meteorite,단단한운석[[를]] 통해 비활성화,かたいいんせきを 無効に すれば,禁用了坚硬陨石,禁用了堅硬隕石,Deactivating Hard Meteorite,Desactivant Hard Meteorite,Deactivating Hard Meteorite,Deactivating Hard Meteorite,Деактивация Твёрдый Метеорит,Deactivating Hard Meteorite,Dezaktywując: Hard Meteorite,Deactivating Hard Meteorite,Deactivating Hard Meteorite,Vô Hiệu Hoá Thiên Thạch Cứng Cáp,Deactivating Hard Meteorite,Vid avaktivering av Hård meteorit,Deactivating Hard Meteorite
386,DEOXYS,speed,normal,Deactivating Smooth Meteorite,Desactivando Meteorito Suave,Deactivating Smooth Meteorite,Avec l’objet Méteorite Lisse désactivé,Glatter Meteorit deaktivieren,Disattivando Meteorite Liscia,Deactivating Smooth Meteorite,부드러운운석[[를]] 통해 비활성화,なめらかないんせきを 無効に すれば,禁用了光滑陨石,禁用了光滑隕石,Deactivating Smooth Meteorite,Desactivant Smooth Meteorite,Deactivating Smooth Meteorite,Deactivating Smooth Meteorite,Деактивация Гладкий Метеорит,Deactivating Smooth Meteorite,Dezaktywując: Smooth Meteorite,Deactivating Smooth Meteorite,Deactivating Smooth Meteorite,Vô Hiệu Hoá Thiên Thạch Mềm Mại,Deactivating Smooth Meteorite,Vid avaktivering av Slät meteorit,Deactivating Smooth Meteorite
398,STARAPTOR,,mega,Activating Staraptite,Activando Staraptorita,Activating Staraptorita,Avec l’objet Étouraptorite activé,Staraptornit aktivieren,Attivando Staraptorite,Activating Staraptite,찌르호크나이트[[를]] 통해 폼체인지,ムクホークナイトを 有効に すれば,激活了姆克鹰进化石,活化了姆克鷹進化石,Activating Staraptite,Activant Staraptite,Activating Staraptite,Activating Staraptite,Активация Стараптит,Activating Staraptite,Aktywując: Staraptyt,Activating Staraptite,Activating Staraptite,Kích hoạt Staraptite,Activating Staraptite,Vid aktivering av Staraptit,Activating Staraptite
398,STARAPTOR,mega,,Deactivating Staraptite,Desactivando Staraptorita,Deactivating Staraptorita,Avec l’objet Étouraptorite désactivé,Staraptornit deaktivieren,Disattivando Staraptorite,Deactivating Staraptite,찌르호크나이트[[를]] 통해 비활성화,ムクホークナイトを 無効に すれば,禁用了姆克鹰进化石,禁用了姆克鷹進化石,Deactivating Staraptite,Desactivant Staraptite,Deactivating Staraptite,Deactivating Staraptite,Деактивация Стараптит,Deactivating Staraptite,Dezaktywując: Staraptyt,Deactivating Staraptite,Deactivating Staraptite,Vô Hiệu Hoá Staraptite,Deactivating Staraptite,Vid avaktivering av Staraptit,Deactivating Staraptite
421,CHERRIM,overcast,sunshine,When the weather is right,En el tiempo atmosférico adecuado,When the weather is right,Quand la météo est bonne,Beim richtigen Wetter,Con il meteo giusto,When the weather is right,해당 날씨에 맞게 폼체인지,正しい天気に なっているとき,当天气正确时,當天氣正確時,When the weather is right,When the weather is right,When the weather is right,When the weather is right,Когда погода подходящая,When the weather is right,Przy dobrej pogodzie,When the weather is right,When the weather is right,Khi thời tiết hợp với Pokémon,When the weather is right,I rätt väder,When the weather is right
421,CHERRIM,sunshine,overcast,When the weather changes,Cuando el tiempo atmosférico cambia,When the weather changes,Quand la météo change,Bei Wetteränderung,Quando il meteo cambia,When the weather changes,날씨가 바뀔 경우,天気が 変わるとき,当天气变化时,當天氣變化時,When the weather changes,When the weather changes,When the weather changes,When the weather changes,При изменении погоды,When the weather changes,Przy zmianie pogody,When the weather changes,When the weather changes,Khi thời tiết thay đổi,When the weather changes,När vädret ändras,When the weather changes
421,CHERRIM,sunshine,overcast,After leaving the field,Después de dejar el combate,After leaving the field,Après avoir quitté le terrain,Beim Verlassen des Kampfs,Quando lascia il campo,After leaving the field,볼에 들어간 경우,場から 引っ込んだ後,离开对战场地后,離開對戰場地後,After leaving the field,Després de sortir del camp de batalla,After leaving the field,After leaving the field,После ухода с поля,After leaving the field,Po opuszczeniu pola bitwy,After leaving the field,After leaving the field,Khi rời sàn đấu,After leaving the field,När den har bytts av,After leaving the field
428,LOPUNNY,,mega,Activating Lopunnite,Activando Lopunnita,Activating Lopunnita,Avec l’objet Lockpinite activé,Schlapornit aktivieren,Attivando Lopunnite,Activating Lopunnite,이어롭나이트[[를]] 통해 폼체인지,ミミロップナイトを 有効に すれば,激活了长耳兔进化石,活化了長耳兔進化石,Activating Lopunnite,Activant Lopunnite,Activating Lopunnite,Activating Lopunnite,Активация Лопуннит,Activating Лопунніт,Aktywując: Lopunit,Activating Lopunnite,Activating Lopunnite,Kích hoạt Lopunnite,Activating Lopunnite,Vid aktivering av Lopunnit,Activating Lopunnite
428,LOPUNNY,mega,,Deactivating Lopunnite,Desactivando Lopunnita,Deactivating Lopunnita,Avec l’objet Lockpinite désactivé,Schlapornit deaktivieren,Disattivando Lopunnite,Deactivating Lopunnite,이어롭나이트[[를]] 통해 비활성화,ミミロップナイトを 無効に すれば,禁用了长耳兔进化石,禁用了長耳兔進化石,Deactivating Lopunnite,Desactivant Lopunnite,Deactivating Lopunnite,Deactivating Lopunnite,Деактивация Лопуннит,Deactivating Лопунніт,Dezaktywując: Lopunit,Deactivating Lopunnite,Deactivating Lopunnite,Vô Hiệu Hoá Lopunnite,Deactivating Lopunnite,Vid avaktivering av Lopunnit,Deactivating Lopunnite
445,GARCHOMP,,mega,Activating Garchompite,Activando Garchompita,Activating Garchompita,Avec l’objet Carchacrokite activé,Knakracknit aktivieren,Attivando Garchompite,Activating Garchompite,한카리아스나이트[[를]] 통해 폼체인지,ガブリアスナイトを 有効に すれば,激活了烈咬陆鲨进化石,活化了烈咬陸鯊進化石,Activating Garchompite,Activant Garchompite,Activating Garchompite,Activating Garchompite,Активация Гарчомпит,Activating Гархомпіт,Aktywując: Garchompyt,Activating Garchompite,Activating Garchompite,Kích hoạt Garchompite,Activating Garchompite,Vid aktivering av Garchompit,Activating Garchompite
445,GARCHOMP,,mega-z,Activating Garchompite Z,Activando Garchompita Z,Activating Garchompita Z,Avec l’objet Carchacrokite Z activé,Knakracknit Z aktivieren,Attivando Garchompite Z,Activating Garchompite Z,한카리아스나이트Z[[를]] 통해 폼체인지,ガブリアスナイトＺを 有効に すれば,激活了烈咬陆鲨进化石Ｚ,活化了烈咬陸鯊進化石Ｚ,Activating Garchompite Z,Activant Garchompite Z,Activating Garchompite Z,Activating Garchompite Z,Активация Гарчомпит Z,Activating Garchompite Z,Aktywując: Garchompit Z,Activating Garchompite Z,Activating Garchompite Z,Kích hoạt Garchompite Z,Activating Garchompite Z,Vid aktivering av Garchompit Z,Activating Garchompite Z
445,GARCHOMP,mega,,Deactivating Garchompite,Desactivando Garchompita,Deactivating Garchompita,Avec l’objet Carchacrokite désactivé,Knakracknit deaktivieren,Disattivando Garchompite,Deactivating Garchompite,한카리아스나이트[[를]] 통해 비활성화,ガブリアスナイトを 無効に すれば,禁用了烈咬陆鲨进化石,禁用了烈咬陸鯊進化石,Deactivating Garchompite,Desactivant Garchompite,Deactivating Garchompite,Deactivating Garchompite,Деактивация Гарчомпит,Deactivating Гархомпіт,Dezaktywując: Garchompyt,Deactivating Garchompite,Deactivating Garchompite,Vô Hiệu Hoá Garchompite,Deactivating Garchompite,Vid avaktivering av Garchompit,Deactivating Garchompite
445,GARCHOMP,mega-z,,Deactivating Garchompite Z,Desactivando Garchompita Z,Deactivating Garchompita Z,Avec l’objet Carchacrokite Z désactivé,Knakracknit Z deaktivieren,Disattivando Garchompite Z,Deactivating Garchompite Z,한카리아스나이트Z[[를]] 통해 비활성화,ガブリアスナイトＺを 無効に すれば,禁用了烈咬陆鲨进化石Ｚ,禁用了烈咬陸鯊進化石Ｚ,Deactivating Garchompite Z,Desactivant Garchompite Z,Deactivating Garchompite Z,Deactivating Garchompite Z,Деактивация Гарчомпит Z,Deactivating Garchompite Z,Dezaktywując: Garchompit Z,Deactivating Garchompite Z,Deactivating Garchompite Z,Vô Hiệu Hoá Garchompite Z,Deactivating Garchompite Z,Vid avaktivering av Garchompit Z,Deactivating Garchompite Z
448,LUCARIO,,mega,Activating Lucarionite,Activando Lucarita,Activating Lucarita,Avec l’objet Lucarite activé,Lucarionit aktivieren,Attivando Lucarite,Activating Lucarionite,루카리오나이트[[를]] 통해 폼체인지,ルカリオナイトを 有効に すれば,激活了路卡利欧进化石,活化了路卡利歐進化石,Activating Lucarionite,Activant Lucarionite,Activating Lucarionite,Activating Lucarionite,Активация Лукарионит,Activating Лукаріоніт,Aktywując: Lucarionit,Activating Lucarionite,Activating Lucarionite,Kích hoạt Lucarionite,Activating Lucarionite,Vid aktivering av Lucarionit,Activating Lucarionite
448,LUCARIO,,mega-z,Activating Lucarionite Z,Activando Lucarita Z,Activating Lucarita Z,Avec l’objet Lucarite Z activé,Lucarionit Z aktivieren,Attivando Lucarite Z,Activating Lucarionite Z,루카리오나이트Z[[를]] 통해 폼체인지,ルカリオナイトＺを 有効に すれば,激活了路卡利欧进化石Ｚ,活化了路卡利歐進化石Ｚ,Activating Lucarionite Z,Activant Lucarionite Z,Activating Lucarionite Z,Activating Lucarionite Z,Активация Лукарионит Z,Activating Lucarionite Z,Aktywując: Lucarionit Z,Activating Lucarionite Z,Activating Lucarionite Z,Kích hoạt Lucarionite Z,Activating Lucarionite Z,Vid aktivering av Lucarionit Z,Activating Lucarionite Z
448,LUCARIO,mega,,Deactivating Lucarionite,Desactivando Lucarita,Deactivating Lucarita,Avec l’objet Lucarite désactivé,Lucarionit deaktivieren,Disattivando Lucarite,Deactivating Lucarionite,루카리오나이트[[를]] 통해 비활성화,ルカリオナイトを 無効に すれば,禁用了路卡利欧进化石,禁用了路卡利歐進化石,Deactivating Lucarionite,Desactivant Lucarionite,Deactivating Lucarionite,Deactivating Lucarionite,Деактивация Лукарионит,Deactivating Лукаріоніт,Dezaktywując: Lucarionit,Deactivating Lucarionite,Deactivating Lucarionite,Vô Hiệu Hoá Lucarionite,Deactivating Lucarionite,Vid avaktivering av Lucarionit,Deactivating Lucarionite
448,LUCARIO,mega-z,,Deactivating Lucarionite Z,Desactivando Lucarita Z,Deactivating Lucarita Z,Avec l’objet Lucarite Z désactivé,Lucarionit Z deaktivieren,Disattivando Lucarite Z,Deactivating Lucarionite Z,루카리오나이트Z[[를]] 통해 비활성화,ルカリオナイトＺを 無効に すれば,禁用了路卡利欧进化石Ｚ,禁用了路卡利歐進化石Ｚ,Deactivating Lucarionite Z,Desactivant Lucarionite Z,Deactivating Lucarionite Z,Deactivating Lucarionite Z,Деактивация Лукарионит Z,Deactivating Lucarionite Z,Dezaktywując: Lucarionit Z,Deactivating Lucarionite Z,Deactivating Lucarionite Z,Vô Hiệu Hoá Lucarionite Z,Deactivating Lucarionite Z,Vid avaktivering av Lucarionit Z,Deactivating Lucarionite Z
460,ABOMASNOW,,mega,Activating Abomasite,Activando Abomasnowita,Activating Abomasnowita,Avec l’objet Blizzarite activé,Rexblisarnit aktivieren,Attivando Abomasnowite,Activating Abomasite,눈설왕나이트[[를]] 통해 폼체인지,ユキノオナイトを 有効に すれば,激活了暴雪王进化石,活化了暴雪王進化石,Activating Abomasite,Activant Abomasite,Activating Abomasite,Activating Abomasite,Активация Абомасит,Activating Абомасит,Aktywując: Abomasnonit,Activating Abomasite,Activating Abomasite,Kích hoạt Abomasite,Activating Abomasite,Vid aktivering av Abomasit,Activating Abomasite
460,ABOMASNOW,mega,,Deactivating Abomasite,Desactivando Abomasnowita,Deactivating Abomasnowita,Avec l’objet Blizzarite désactivé,Rexblisarnit deaktivieren,Disattivando Abomasnowite,Deactivating Abomasite,눈설왕나이트[[를]] 통해 비활성화,ユキノオナイトを 無効に すれば,禁用了暴雪王进化石,禁用了暴雪王進化石,Deactivating Abomasite,Desactivant Abomasite,Deactivating Abomasite,Deactivating Abomasite,Деактивация Абомасит,Deactivating Абомасит,Dezaktywując: Abomasnonit,Deactivating Abomasite,Deactivating Abomasite,Vô Hiệu Hoá Abomasite,Deactivating Abomasite,Vid avaktivering av Abomasit,Deactivating Abomasite
475,GALLADE,,mega,Activating Galladite,Activando Galladita,Activating Galladita,Avec l’objet Gallamite activé,Galagladinit aktivieren,Attivando Galladite,Activating Galladite,엘레이드나이트[[를]] 통해 폼체인지,エルレイドナイトを 有効に すれば,激活了艾路雷朵进化石,活化了艾路雷朵進化石,Activating Galladite,Activant Galladite,Activating Galladite,Activating Galladite,Активация Галладит,Activating Галладит,Aktywując: Galladyt,Activating Galladite,Activating Galladite,Kích hoạt Galladite,Activating Galladite,Vid aktivering av Galladit,Activating Galladite
475,GALLADE,mega,,Deactivating Galladite,Desactivando Galladita,Deactivating Galladita,Avec l’objet Gallamite désactivé,Galagladinit deaktivieren,Disattivando Galladite,Deactivating Galladite,엘레이드나이트[[를]] 통해 비활성화,エルレイドナイトを 無効に すれば,禁用了艾路雷朵进化石,禁用了艾路雷朵進化石,Deactivating Galladite,Desactivant Galladite,Deactivating Galladite,Deactivating Galladite,Деактивация Галладит,Deactivating Галладит,Dezaktywując: Galladyt,Deactivating Galladite,Deactivating Galladite,Vô Hiệu Hoá Galladite,Deactivating Galladite,Vid avaktivering av Galladit,Deactivating Galladite
478,FROSLASS,,mega,Activating Froslassite,Activando Froslassita,Activating Froslassita,Avec l’objet Momartikite activé,Frosdedjenit aktivieren,Attivando Froslassite,Activating Froslassite,눈여아나이트[[를]] 통해 폼체인지,ユキメノコナイトを 有効に すれば,激活了雪妖女进化石,活化了雪妖女進化石,Activating Froslassite,Activant Froslassite,Activating Froslassite,Activating Froslassite,Активация Фрослассит,Activating Фрослассіт,Aktywując: Froslassyt,Activating Froslassite,Activating Froslassite,Kích hoạt Froslassite,Activating Froslassite,Vid aktivering av Froslassit,Activating Froslassite
478,FROSLASS,mega,,Deactivating Froslassite,Desactivando Froslassita,Deactivating Froslassita,Avec l’objet Momartikite désactivé,Frosdedjenit deaktivieren,Disattivando Froslassite,Deactivating Froslassite,눈여아나이트[[를]] 통해 비활성화,ユキメノコナイトを 無効に すれば,禁用了雪妖女进化石,禁用了雪妖女進化石,Deactivating Froslassite,Desactivant Froslassite,Deactivating Froslassite,Deactivating Froslassite,Деактивация Фрослассит,Deactivating Фрослассіт,Dezaktywując: Froslassyt,Deactivating Froslassite,Deactivating Froslassite,Vô Hiệu Hoá Froslassite,Deactivating Froslassite,Vid avaktivering av Froslassit,Deactivating Froslassite
483,DIALGA,,origin,Activating Adamant Crystal,Activando Gran Diamansfera,Activating Gran Diamansfera,Avec l’objet Globe Adamant activé,Adamantkristall aktivieren,Attivando Adamasferoide,Activating Adamant Crystal,큰금강옥[[를]] 통해 폼체인지,だいこんごうだまを 有効に すれば,激活了大金刚宝玉,活化了大金剛寶玉,Activating Adamant Crystal,Activant Adamant Crystal,Activating Adamant Crystal,Activating Adamant Crystal,Активация Адамантовый Кристалл,Activating Adamant Crystal,Aktywując: Adamant Crystal,Activating Adamant Crystal,Activating Adamant Crystal,Kích hoạt Đá Bất Khuất,Activating Adamant Crystal,Vid aktivering av Adamantkristall,Activating Adamant Crystal
483,DIALGA,origin,,Deactivating Adamant Crystal,Desactivando Gran Diamansfera,Deactivating Gran Diamansfera,Avec l’objet Globe Adamant désactivé,Adamantkristall deaktivieren,Disattivando Adamasferoide,Deactivating Adamant Crystal,큰금강옥[[를]] 통해 비활성화,だいこんごうだまを 無効に すれば,禁用了大金刚宝玉,禁用了大金剛寶玉,Deactivating Adamant Crystal,Desactivant Adamant Crystal,Deactivating Adamant Crystal,Deactivating Adamant Crystal,Деактивация Адамантовый Кристалл,Deactivating Adamant Crystal,Dezaktywując: Adamant Crystal,Deactivating Adamant Crystal,Deactivating Adamant Crystal,Vô Hiệu Hoá Đá Bất Khuất,Deactivating Adamant Crystal,Vid avaktivering av Adamantkristall,Deactivating Adamant Crystal
484,PALKIA,,origin,Activating Lustrous Globe,Activando Gran Lustresfera,Activating Gran Lustroesfera,Avec l’objet Globe Perlé activé,Weißkristall aktivieren,Attivando Splendisferoide,Activating Lustrous Globe,큰백옥[[를]] 통해 폼체인지,だいしらたまを 有効に すれば,激活了大白宝玉,活化了大白寶玉,Activating Lustrous Globe,Activant Lustrous Globe,Activating Lustrous Globe,Activating Lustrous Globe,Активация Блестящий Глобус,Activating Lustrous Globe,Aktywując: Lustrous Globe,Activating Lustrous Globe,Activating Lustrous Globe,Kích hoạt Cầu Huỳnh Quang,Activating Lustrous Globe,Vid aktivering av Bländvit juvel,Activating Lustrous Globe
484,PALKIA,origin,,Deactivating Lustrous Globe,Desactivando Gran Lustresfera,Deactivating Gran Lustroesfera,Avec l’objet Globe Perlé désactivé,Weißkristall deaktivieren,Disattivando Splendisferoide,Deactivating Lustrous Globe,큰백옥[[를]] 통해 비활성화,だいしらたまを 無効に すれば,禁用了大白宝玉,禁用了大白寶玉,Deactivating Lustrous Globe,Desactivant Lustrous Globe,Deactivating Lustrous Globe,Deactivating Lustrous Globe,Деактивация Блестящий Глобус,Deactivating Lustrous Globe,Dezaktywując: Lustrous Globe,Deactivating Lustrous Globe,Deactivating Lustrous Globe,Vô Hiệu Hoá Cầu Huỳnh Quang,Deactivating Lustrous Globe,Vid avaktivering av Bländvit juvel,Deactivating Lustrous Globe
485,HEATRAN,,mega,Activating Heatranite,Activando Heatranita,Activating Heatranita,Avec l’objet Heatranite activé,Heatranit aktivieren,Attivando Heatranite,Activating Heatranite,히드런나이트[[를]] 통해 폼체인지,ヒードラナイトを 有効に すれば,激活了席多蓝恩进化石,活化了席多藍恩進化石,Activating Heatranite,Activant Heatranite,Activating Heatranite,Activating Heatranite,Активация Хитранит,Activating Heatranite,Aktywując: Heatranit,Activating Heatranite,Activating Heatranite,Kích hoạt Heatranite,Activating Heatranite,Vid aktivering av Heatranit,Activating Heatranite
485,HEATRAN,mega,,Deactivating Heatranite,Desactivando Heatranita,Deactivating Heatranita,Avec l’objet Heatranite désactivé,Heatranit deaktivieren,Disattivando Heatranite,Deactivating Heatranite,히드런나이트[[를]] 통해 비활성화,ヒードラナイトを 無効に すれば,禁用了席多蓝恩进化石,禁用了席多藍恩進化石,Deactivating Heatranite,Desactivant Heatranite,Deactivating Heatranite,Deactivating Heatranite,Деактивация Хитранит,Deactivating Heatranite,Dezaktywując: Heatranit,Deactivating Heatranite,Deactivating Heatranite,Vô Hiệu Hoá Heatranite,Deactivating Heatranite,Vid avaktivering av Heatranit,Deactivating Heatranite
487,GIRATINA,altered,origin,Activating Griseous Core,Activando Gran Griseosfera,Activating Gran Griseoesfera,Avec l’objet Globe Platiné activé,Platinumkristall aktivieren,Attivando Grigiosferoide,Activating Griseous Core,큰백금옥[[를]] 통해 폼체인지,だいはっきんだまを 有効に すれば,激活了大白金宝玉,活化了大白金寶玉,Activating Griseous Core,Activant Griseous Core,Activating Griseous Core,Activating Griseous Core,Активация Мрачное Ядро,Activating Griseous Core,Aktywując: Griseous Core,Activating Griseous Core,Activating Griseous Core,Kích hoạt Lõi Xám Đục,Activating Griseous Core,Vid aktivering av Ädelmetallskärna,Activating Griseous Core
487,GIRATINA,origin,altered,Deactivating Griseous Core,Desactivando Gran Griseosfera,Deactivating Gran Griseoesfera,Avec l’objet Globe Platiné désactivé,Platinumkristall deaktivieren,Disattivando Grigiosferoide,Deactivating Griseous Core,큰백금옥[[를]] 통해 비활성화,だいはっきんだまを 無効に すれば,禁用了大白金宝玉,禁用了大白金寶玉,Deactivating Griseous Core,Desactivant Griseous Core,Deactivating Griseous Core,Deactivating Griseous Core,Деактивация Мрачное Ядро,Deactivating Griseous Core,Dezaktywując: Griseous Core,Deactivating Griseous Core,Deactivating Griseous Core,Vô Hiệu Hoá Lõi Xám Đục,Deactivating Griseous Core,Vid avaktivering av Ädelmetallskärna,Deactivating Griseous Core
491,DARKRAI,,mega,Activating Darkranite,Activando Darkrainita,Activating Darkrainita,Avec l’objet Darkraïte activé,Darkrainit aktivieren,Attivando Darkraite,Activating Darkranite,다크라이나이트[[를]] 통해 폼체인지,ダークライナイトを 有効に すれば,激活了达克莱伊进化石,活化了達克萊伊進化石,Activating Darkranite,Activant Darkranite,Activating Darkranite,Activating Darkranite,Активация Даркранит,Activating Darkranite,Aktywując: Darkrainit,Activating Darkranite,Activating Darkranite,Kích hoạt Darkranite,Activating Darkranite,Vid aktivering av Darkranit,Activating Darkranite
491,DARKRAI,mega,,Deactivating Darkranite,Desactivando Darkrainita,Deactivating Darkrainita,Avec l’objet Darkraïte désactivé,Darkrainit deaktivieren,Disattivando Darkraite,Deactivating Darkranite,다크라이나이트[[를]] 통해 비활성화,ダークライナイトを 無効に すれば,禁用了达克莱伊进化石,禁用了達克萊伊進化石,Deactivating Darkranite,Desactivant Darkranite,Deactivating Darkranite,Deactivating Darkranite,Деактивация Даркранит,Deactivating Darkranite,Dezaktywując: Darkrainit,Deactivating Darkranite,Deactivating Darkranite,Vô Hiệu Hoá Darkranite,Deactivating Darkranite,Vid avaktivering av Darkranit,Deactivating Darkranite
492,SHAYMIN,land,sky,Activating Gracidea,Activando Gracídea,Activating Gracídea,Avec l’objet Gracidée activé,Gracidea aktivieren,Attivando Gracidea,Activating Gracidea,그라시데아꽃[[를]] 통해 폼체인지,グラシデアのはなを 有効に すれば,激活了葛拉西蒂亚花,活化了葛拉西蒂亞花,Activating Gracidea,Activant Gracidea,Activating Gracidea,Activating Gracidea,Активация Грасидия,Activating Gracidea,Aktywując: Gracidea,Activating Bunga Gracidea,Activating Gracidea,Kích hoạt Hoa Thanh Nhã,Activating Gracidea,Vid aktivering av Gracidea,Activating Gracidea
492,SHAYMIN,sky,land,Deactivating Gracidea,Desactivando Gracídea,Deactivating Gracídea,Avec l’objet Gracidée désactivé,Gracidea deaktivieren,Disattivando Gracidea,Deactivating Gracidea,그라시데아꽃[[를]] 통해 비활성화,グラシデアのはなを 無効に すれば,禁用了葛拉西蒂亚花,禁用了葛拉西蒂亞花,Deactivating Gracidea,Desactivant Gracidea,Deactivating Gracidea,Deactivating Gracidea,Деактивация Грасидия,Deactivating Gracidea,Dezaktywując: Gracidea,Deactivating Bunga Gracidea,Deactivating Gracidea,Vô Hiệu Hoá Hoa Thanh Nhã,Deactivating Gracidea,Vid avaktivering av Gracidea,Deactivating Gracidea
493,ARCEUS,normal,fighting,Activating Fist Plate,Activando Tabla Fuerte,Activating Placa Fuerte,Avec l’objet Plaque Poing activé,Fausttafel aktivieren,Attivando Lastrapugno,Activating Fist Plate,주먹플레이트[[를]] 통해 폼체인지,こぶしのプレートを 有効に すれば,激活了拳头石板,活化了拳頭石板,Activating Fist Plate,Activant Fist Plate,Activating Fist Plate,Activating Fist Plate,Активация Плита Кулака,Activating Fist Plate,Aktywując: Fist Plate,Activating Fist Plate,Activating Fist Plate,Kích hoạt Bản Nắm Đấm,Activating Fist Plate,Vid aktivering av Nävplatta,Activating Fist Plate
493,ARCEUS,normal,flying,Activating Sky Plate,Activando Tabla Cielo,Activating Placa Cielo,Avec l’objet Plaque Ciel activé,Wolkentafel aktivieren,Attivando Lastracielo,Activating Sky Plate,푸른하늘플레이트[[를]] 통해 폼체인지,あおぞらプレートを 有効に すれば,激活了蓝天石板,活化了藍天石板,Activating Sky Plate,Activant Sky Plate,Activating Sky Plate,Activating Sky Plate,Активация Плита Неба,Activating Sky Plate,Aktywując: Sky Plate,Activating Sky Plate,Activating Sky Plate,Kích hoạt Bản Nắm Đấm,Activating Sky Plate,Vid aktivering av Skyplatta,Activating Sky Plate
493,ARCEUS,normal,poison,Activating Toxic Plate,Activando Tabla Tóxica,Activating Placa Tóxica,Avec l’objet Plaque Toxicité activé,Gifttafel aktivieren,Attivando Lastrafiele,Activating Toxic Plate,맹독플레이트[[를]] 통해 폼체인지,もうどくプレートを 有効に すれば,激活了剧毒石板,活化了劇毒石板,Activating Toxic Plate,Activant Toxic Plate,Activating Toxic Plate,Activating Toxic Plate,Активация Плита Токсин,Activating Toxic Plate,Aktywując: Toxic Plate,Activating Toxic Plate,Activating Toxic Plate,Kích hoạt Bản Độc Hại,Activating Toxic Plate,Vid aktivering av Pestplatta,Activating Toxic Plate
493,ARCEUS,normal,ground,Activating Earth Plate,Activando Tabla Terrax,Activating Placa Terral,Avec l’objet Plaque Terre activé,Erdtafel aktivieren,Attivando Lastrageo,Activating Earth Plate,대지플레이트[[를]] 통해 폼체인지,だいちのプレートを 有効に すれば,激活了大地石板,活化了大地石板,Activating Earth Plate,Activant Earth Plate,Activating Earth Plate,Activating Earth Plate,Активация Плита Почвы,Activating Earth Plate,Aktywując: Earth Plate,Activating Earth Plate,Activating Earth Plate,Kích hoạt Bản Địa Chất,Activating Earth Plate,Vid aktivering av Markplatta,Activating Earth Plate
493,ARCEUS,normal,rock,Activating Stone Plate,Activando Tabla Pétrea,Activating Placa Pétrea,Avec l’objet Plaque Roc activé,Steintafel aktivieren,Attivando Lastrapietra,Activating Stone Plate,암석플레이트[[를]] 통해 폼체인지,がんせきプレートを 有効に すれば,激活了岩石石板,活化了岩石石板,Activating Stone Plate,Activant Stone Plate,Activating Stone Plate,Activating Stone Plate,Активация Плита Скалы,Activating Stone Plate,Aktywując: Stone Plate,Activating Stone Plate,Activating Stone Plate,Kích hoạt Bản Sỏi Đá,Activating Stone Plate,Vid aktivering av Bergplatta,Activating Stone Plate
493,ARCEUS,normal,bug,Activating Insect Plate,Activando Tabla Bicho,Activating Placa Insecto,Avec l’objet Plaque Insecte activé,Käfertafel aktivieren,Attivando Lastrabaco,Activating Insect Plate,비단벌레플레이트[[를]] 통해 폼체인지,たまむしプレートを 有効に すれば,激活了玉虫石板,活化了玉蟲石板,Activating Insect Plate,Activant Insect Plate,Activating Insect Plate,Activating Insect Plate,Активация Плита Жуков,Activating Insect Plate,Aktywując: Insect Plate,Activating Insect Plate,Activating Insect Plate,Kích hoạt Bản Côn Trùng,Activating Insect Plate,Vid aktivering av Krypplatta,Activating Insect Plate
493,ARCEUS,normal,ghost,Activating Spooky Plate,Activando Tabla Terror,Activating Placa Terror,Avec l’objet Plaque Fantôme activé,Spuktafel aktivieren,Attivando Lastratetra,Activating Spooky Plate,원령플레이트[[를]] 통해 폼체인지,もののけプレートを 有効に すれば,激活了妖怪石板,活化了妖怪石板,Activating Spooky Plate,Activant Spooky Plate,Activating Spooky Plate,Activating Spooky Plate,Активация Плита Мистик,Activating Spooky Plate,Aktywując: Spooky Plate,Activating Spooky Plate,Activating Spooky Plate,Kích hoạt Bản Hù Doạ,Activating Spooky Plate,Vid aktivering av Vålnadsplatta,Activating Spooky Plate
493,ARCEUS,normal,steel,Activating Iron Plate,Activando Tabla Acero,Activating Placa Acero,Avec l’objet Plaque Fer activé,Eisentafel aktivieren,Attivando Lastraferro,Activating Iron Plate,강철플레이트[[를]] 통해 폼체인지,こうてつプレートを 有効に すれば,激活了钢铁石板,活化了鋼鐵石板,Activating Iron Plate,Activant Iron Plate,Activating Iron Plate,Activating Iron Plate,Активация Плита Железа,Activating Iron Plate,Aktywując: Iron Plate,Activating Iron Plate,Activating Iron Plate,Kích hoạt Bản Sắt Thép,Activating Iron Plate,Vid aktivering av Plåtplatta,Activating Iron Plate
493,ARCEUS,normal,fire,Activating Flame Plate,Activando Tabla Llama,Activating Placa Llama,Avec l’objet Plaque Flamme activé,Feuertafel aktivieren,Attivando Lastrarogo,Activating Flame Plate,불구슬플레이트[[를]] 통해 폼체인지,ひのたまプレートを 有効に すれば,激活了火球石板,活化了火球石板,Activating Flame Plate,Activant Flame Plate,Activating Flame Plate,Activating Flame Plate,Активация Плита Пламя,Activating Flame Plate,Aktywując: Flame Plate,Activating Flame Plate,Activating Flame Plate,Kích hoạt Bản Bùng Lửa,Activating Flame Plate,Vid aktivering av Flamplatta,Activating Flame Plate
493,ARCEUS,normal,water,Activating Splash Plate,Activando Tabla Linfa,Activating Placa Linfa,Avec l’objet Plaque Hydro activé,Wassertafel aktivieren,Attivando Lastraidro,Activating Splash Plate,물방울플레이트[[를]] 통해 폼체인지,しずくプレートを 有効に すれば,激活了水滴石板,活化了水滴石板,Activating Splash Plate,Activant Splash Plate,Activating Splash Plate,Activating Splash Plate,Активация Плита Брызг,Activating Splash Plate,Aktywując: Splash Plate,Activating Splash Plate,Activating Splash Plate,Kích hoạt Bản Té Nước,Activating Splash Plate,Vid aktivering av Plaskplatta,Activating Splash Plate
493,ARCEUS,normal,grass,Activating Meadow Plate,Activando Tabla Pradal,Activating Placa Pradal,Avec l’objet Plaque Herbe activé,Wiesentafel aktivieren,Attivando Lastraprato,Activating Meadow Plate,초록플레이트[[를]] 통해 폼체인지,みどりのプレートを 有効に すれば,激活了碧绿石板,活化了碧綠石板,Activating Meadow Plate,Activant Meadow Plate,Activating Meadow Plate,Activating Meadow Plate,Активация Плита Лугов,Activating Meadow Plate,Aktywując: Meadow Plate,Activating Meadow Plate,Activating Meadow Plate,Kích hoạt Bản Đồng Cỏ,Activating Meadow Plate,Vid aktivering av Ängplatta,Activating Meadow Plate
493,ARCEUS,normal,electric,Activating Zap Plate,Activando Tabla Trueno,Activating Placa Trueno,Avec l’objet Plaque Volt activé,Blitztafel aktivieren,Attivando Lastrasaetta,Activating Zap Plate,우뢰플레이트[[를]] 통해 폼체인지,いかずちプレートを 有効に すれば,激活了雷电石板,活化了雷電石板,Activating Zap Plate,Activant Zap Plate,Activating Zap Plate,Activating Zap Plate,Активация Плита Разряд,Activating Zap Plate,Aktywując: Zap Plate,Activating Zap Plate,Activating Zap Plate,Kích hoạt Bản Tê Liệt,Activating Zap Plate,Vid aktivering av Tordönplatta,Activating Zap Plate
493,ARCEUS,normal,psychic,Activating Mind Plate,Activando Tabla Mental,Activating Placa Mental,Avec l’objet Plaque Esprit activé,Hirntafel aktivieren,Attivando Lastramente,Activating Mind Plate,이상한플레이트[[를]] 통해 폼체인지,ふしぎのプレートを 有効に すれば,激活了神奇石板,活化了神奇石板,Activating Mind Plate,Activant Mind Plate,Activating Mind Plate,Activating Mind Plate,Активация Плита Разума,Activating Mind Plate,Aktywując: Mind Plate,Activating Mind Plate,Activating Mind Plate,Kích hoạt Bản Tâm Trí,Activating Mind Plate,Vid aktivering av Sinnesplatta,Activating Mind Plate
493,ARCEUS,normal,ice,Activating Icicle Plate,Activando Tabla Helada,Activating Placa Helada,Avec l’objet Plaque Glace activé,Frosttafel aktivieren,Attivando Lastragelo,Activating Icicle Plate,고드름플레이트[[를]] 통해 폼체인지,つららのプレートを 有効に すれば,激活了冰柱石板,活化了冰柱石板,Activating Icicle Plate,Activant Icicle Plate,Activating Icicle Plate,Activating Icicle Plate,Активация Плита Ледник,Activating Icicle Plate,Aktywując: Icicle Plate,Activating Icicle Plate,Activating Icicle Plate,Kích hoạt Bản Lạnh Lẽo,Activating Icicle Plate,Vid aktivering av Glaciärplatta,Activating Icicle Plate
493,ARCEUS,normal,dragon,Activating Draco Plate,Activando Tabla Draco,Activating Placa Draco,Avec l’objet Plaque Draco activé,Dracotafel aktivieren,Attivando Lastradrakon,Activating Draco Plate,용의플레이트[[를]] 통해 폼체인지,りゅうのプレートを 有効に すれば,激活了龙之石板,活化了龍之石板,Activating Draco Plate,Activant Draco Plate,Activating Draco Plate,Activating Draco Plate,Активация Плита Драко,Activating Draco Plate,Aktywując: Draco Plate,Activating Draco Plate,Activating Draco Plate,Kích hoạt Bản Long Vương,Activating Draco Plate,Vid aktivering av Skräcködleplatta,Activating Draco Plate
493,ARCEUS,normal,dark,Activating Dread Plate,Activando Tabla Oscura,Activating Placa Oscura,Avec l’objet Plaque Ombre activé,Furchttafel aktivieren,Attivando Lastratimore,Activating Dread Plate,공포플레이트[[를]] 통해 폼체인지,こわもてプレートを 有効に すれば,激活了恶颜石板,活化了惡顏石板,Activating Dread Plate,Activant Dread Plate,Activating Dread Plate,Activating Dread Plate,Активация Плита Ужаса,Activating Dread Plate,Aktywując: Dread Plate,Activating Dread Plate,Activating Dread Plate,Kích hoạt Bản Sợ Hãi,Activating Dread Plate,Vid aktivering av Dunkelplatta,Activating Dread Plate
493,ARCEUS,normal,fairy,Activating Pixie Plate,Activando Tabla Duende,Activating Placa Feérica,Avec l’objet Plaque Pixie activé,Feentafel aktivieren,Attivando Lastraspiritello,Activating Pixie Plate,정령플레이트[[를]] 통해 폼체인지,せいれいプレートを 有効に すれば,激活了妖精石板,活化了妖精石板,Activating Pixie Plate,Activant Pixie Plate,Activating Pixie Plate,Activating Pixie Plate,Активация Пластина Пикси,Activating Pixie Plate,Aktywując: Pixie Plate,Activating Pixie Plate,Activating Pixie Plate,Kích hoạt Bản Đáng Yêu,Activating Pixie Plate,Vid aktivering av Älvplatta,Activating Pixie Plate
493,ARCEUS,fighting,normal,Deactivating Fist Plate,Desactivando Tabla Fuerte,Deactivating Placa Fuerte,Avec l’objet Plaque Poing désactivé,Fausttafel deaktivieren,Disattivando Lastrapugno,Deactivating Fist Plate,주먹플레이트[[를]] 통해 비활성화,こぶしのプレートを 無効に すれば,禁用了拳头石板,禁用了拳頭石板,Deactivating Fist Plate,Desactivant Fist Plate,Deactivating Fist Plate,Deactivating Fist Plate,Деактивация Плита Кулака,Deactivating Fist Plate,Dezaktywując: Fist Plate,Deactivating Fist Plate,Deactivating Fist Plate,Vô Hiệu Hoá Bản Nắm Đấm,Deactivating Fist Plate,Vid avaktivering av Nävplatta,Deactivating Fist Plate
493,ARCEUS,flying,normal,Deactivating Sky Plate,Desactivando Tabla Cielo,Deactivating Placa Cielo,Avec l’objet Plaque Ciel désactivé,Wolkentafel deaktivieren,Disattivando Lastracielo,Deactivating Sky Plate,푸른하늘플레이트[[를]] 통해 비활성화,あおぞらプレートを 無効に すれば,禁用了蓝天石板,禁用了藍天石板,Deactivating Sky Plate,Desactivant Sky Plate,Deactivating Sky Plate,Deactivating Sky Plate,Деактивация Плита Неба,Deactivating Sky Plate,Dezaktywując: Sky Plate,Deactivating Sky Plate,Deactivating Sky Plate,Vô Hiệu Hoá Bản Nắm Đấm,Deactivating Sky Plate,Vid avaktivering av Skyplatta,Deactivating Sky Plate
493,ARCEUS,poison,normal,Deactivating Toxic Plate,Desactivando Tabla Tóxica,Deactivating Placa Tóxica,Avec l’objet Plaque Toxicité désactivé,Gifttafel deaktivieren,Disattivando Lastrafiele,Deactivating Toxic Plate,맹독플레이트[[를]] 통해 비활성화,もうどくプレートを 無効に すれば,禁用了剧毒石板,禁用了劇毒石板,Deactivating Toxic Plate,Desactivant Toxic Plate,Deactivating Toxic Plate,Deactivating Toxic Plate,Деактивация Плита Токсин,Deactivating Toxic Plate,Dezaktywując: Toxic Plate,Deactivating Toxic Plate,Deactivating Toxic Plate,Vô Hiệu Hoá Bản Độc Hại,Deactivating Toxic Plate,Vid avaktivering av Pestplatta,Deactivating Toxic Plate
493,ARCEUS,ground,normal,Deactivating Earth Plate,Desactivando Tabla Terrax,Deactivating Placa Terral,Avec l’objet Plaque Terre désactivé,Erdtafel deaktivieren,Disattivando Lastrageo,Deactivating Earth Plate,대지플레이트[[를]] 통해 비활성화,だいちのプレートを 無効に すれば,禁用了大地石板,禁用了大地石板,Deactivating Earth Plate,Desactivant Earth Plate,Deactivating Earth Plate,Deactivating Earth Plate,Деактивация Плита Почвы,Deactivating Earth Plate,Dezaktywując: Earth Plate,Deactivating Earth Plate,Deactivating Earth Plate,Vô Hiệu Hoá Bản Địa Chất,Deactivating Earth Plate,Vid avaktivering av Markplatta,Deactivating Earth Plate
493,ARCEUS,rock,normal,Deactivating Stone Plate,Desactivando Tabla Pétrea,Deactivating Placa Pétrea,Avec l’objet Plaque Roc désactivé,Steintafel deaktivieren,Disattivando Lastrapietra,Deactivating Stone Plate,암석플레이트[[를]] 통해 비활성화,がんせきプレートを 無効に すれば,禁用了岩石石板,禁用了岩石石板,Deactivating Stone Plate,Desactivant Stone Plate,Deactivating Stone Plate,Deactivating Stone Plate,Деактивация Плита Скалы,Deactivating Stone Plate,Dezaktywując: Stone Plate,Deactivating Stone Plate,Deactivating Stone Plate,Vô Hiệu Hoá Bản Sỏi Đá,Deactivating Stone Plate,Vid avaktivering av Bergplatta,Deactivating Stone Plate
493,ARCEUS,bug,normal,Deactivating Insect Plate,Desactivando Tabla Bicho,Deactivating Placa Insecto,Avec l’objet Plaque Insecte désactivé,Käfertafel deaktivieren,Disattivando Lastrabaco,Deactivating Insect Plate,비단벌레플레이트[[를]] 통해 비활성화,たまむしプレートを 無効に すれば,禁用了玉虫石板,禁用了玉蟲石板,Deactivating Insect Plate,Desactivant Insect Plate,Deactivating Insect Plate,Deactivating Insect Plate,Деактивация Плита Жуков,Deactivating Insect Plate,Dezaktywując: Insect Plate,Deactivating Insect Plate,Deactivating Insect Plate,Vô Hiệu Hoá Bản Côn Trùng,Deactivating Insect Plate,Vid avaktivering av Krypplatta,Deactivating Insect Plate
493,ARCEUS,ghost,normal,Deactivating Spooky Plate,Desactivando Tabla Terror,Deactivating Placa Terror,Avec l’objet Plaque Fantôme désactivé,Spuktafel deaktivieren,Disattivando Lastratetra,Deactivating Spooky Plate,원령플레이트[[를]] 통해 비활성화,もののけプレートを 無効に すれば,禁用了妖怪石板,禁用了妖怪石板,Deactivating Spooky Plate,Desactivant Spooky Plate,Deactivating Spooky Plate,Deactivating Spooky Plate,Деактивация Плита Мистик,Deactivating Spooky Plate,Dezaktywując: Spooky Plate,Deactivating Spooky Plate,Deactivating Spooky Plate,Vô Hiệu Hoá Bản Hù Doạ,Deactivating Spooky Plate,Vid avaktivering av Vålnadsplatta,Deactivating Spooky Plate
493,ARCEUS,steel,normal,Deactivating Iron Plate,Desactivando Tabla Acero,Deactivating Placa Acero,Avec l’objet Plaque Fer désactivé,Eisentafel deaktivieren,Disattivando Lastraferro,Deactivating Iron Plate,강철플레이트[[를]] 통해 비활성화,こうてつプレートを 無効に すれば,禁用了钢铁石板,禁用了鋼鐵石板,Deactivating Iron Plate,Desactivant Iron Plate,Deactivating Iron Plate,Deactivating Iron Plate,Деактивация Плита Железа,Deactivating Iron Plate,Dezaktywując: Iron Plate,Deactivating Iron Plate,Deactivating Iron Plate,Vô Hiệu Hoá Bản Sắt Thép,Deactivating Iron Plate,Vid avaktivering av Plåtplatta,Deactivating Iron Plate
493,ARCEUS,fire,normal,Deactivating Flame Plate,Desactivando Tabla Llama,Deactivating Placa Llama,Avec l’objet Plaque Flamme désactivé,Feuertafel deaktivieren,Disattivando Lastrarogo,Deactivating Flame Plate,불구슬플레이트[[를]] 통해 비활성화,ひのたまプレートを 無効に すれば,禁用了火球石板,禁用了火球石板,Deactivating Flame Plate,Desactivant Flame Plate,Deactivating Flame Plate,Deactivating Flame Plate,Деактивация Плита Пламя,Deactivating Flame Plate,Dezaktywując: Flame Plate,Deactivating Flame Plate,Deactivating Flame Plate,Vô Hiệu Hoá Bản Bùng Lửa,Deactivating Flame Plate,Vid avaktivering av Flamplatta,Deactivating Flame Plate
493,ARCEUS,water,normal,Deactivating Splash Plate,Desactivando Tabla Linfa,Deactivating Placa Linfa,Avec l’objet Plaque Hydro désactivé,Wassertafel deaktivieren,Disattivando Lastraidro,Deactivating Splash Plate,물방울플레이트[[를]] 통해 비활성화,しずくプレートを 無効に すれば,禁用了水滴石板,禁用了水滴石板,Deactivating Splash Plate,Desactivant Splash Plate,Deactivating Splash Plate,Deactivating Splash Plate,Деактивация Плита Брызг,Deactivating Splash Plate,Dezaktywując: Splash Plate,Deactivating Splash Plate,Deactivating Splash Plate,Vô Hiệu Hoá Bản Té Nước,Deactivating Splash Plate,Vid avaktivering av Plaskplatta,Deactivating Splash Plate
493,ARCEUS,grass,normal,Deactivating Meadow Plate,Desactivando Tabla Pradal,Deactivating Placa Pradal,Avec l’objet Plaque Herbe désactivé,Wiesentafel deaktivieren,Disattivando Lastraprato,Deactivating Meadow Plate,초록플레이트[[를]] 통해 비활성화,みどりのプレートを 無効に すれば,禁用了碧绿石板,禁用了碧綠石板,Deactivating Meadow Plate,Desactivant Meadow Plate,Deactivating Meadow Plate,Deactivating Meadow Plate,Деактивация Плита Лугов,Deactivating Meadow Plate,Dezaktywując: Meadow Plate,Deactivating Meadow Plate,Deactivating Meadow Plate,Vô Hiệu Hoá Bản Đồng Cỏ,Deactivating Meadow Plate,Vid avaktivering av Ängplatta,Deactivating Meadow Plate
493,ARCEUS,electric,normal,Deactivating Zap Plate,Desactivando Tabla Trueno,Deactivating Placa Trueno,Avec l’objet Plaque Volt désactivé,Blitztafel deaktivieren,Disattivando Lastrasaetta,Deactivating Zap Plate,우뢰플레이트[[를]] 통해 비활성화,いかずちプレートを 無効に すれば,禁用了雷电石板,禁用了雷電石板,Deactivating Zap Plate,Desactivant Zap Plate,Deactivating Zap Plate,Deactivating Zap Plate,Деактивация Плита Разряд,Deactivating Zap Plate,Dezaktywując: Zap Plate,Deactivating Zap Plate,Deactivating Zap Plate,Vô Hiệu Hoá Bản Tê Liệt,Deactivating Zap Plate,Vid avaktivering av Tordönplatta,Deactivating Zap Plate
493,ARCEUS,psychic,normal,Deactivating Mind Plate,Desactivando Tabla Mental,Deactivating Placa Mental,Avec l’objet Plaque Esprit désactivé,Hirntafel deaktivieren,Disattivando Lastramente,Deactivating Mind Plate,이상한플레이트[[를]] 통해 비활성화,ふしぎのプレートを 無効に すれば,禁用了神奇石板,禁用了神奇石板,Deactivating Mind Plate,Desactivant Mind Plate,Deactivating Mind Plate,Deactivating Mind Plate,Деактивация Плита Разума,Deactivating Mind Plate,Dezaktywując: Mind Plate,Deactivating Mind Plate,Deactivating Mind Plate,Vô Hiệu Hoá Bản Tâm Trí,Deactivating Mind Plate,Vid avaktivering av Sinnesplatta,Deactivating Mind Plate
493,ARCEUS,ice,normal,Deactivating Icicle Plate,Desactivando Tabla Helada,Deactivating Placa Helada,Avec l’objet Plaque Glace désactivé,Frosttafel deaktivieren,Disattivando Lastragelo,Deactivating Icicle Plate,고드름플레이트[[를]] 통해 비활성화,つららのプレートを 無効に すれば,禁用了冰柱石板,禁用了冰柱石板,Deactivating Icicle Plate,Desactivant Icicle Plate,Deactivating Icicle Plate,Deactivating Icicle Plate,Деактивация Плита Ледник,Deactivating Icicle Plate,Dezaktywując: Icicle Plate,Deactivating Icicle Plate,Deactivating Icicle Plate,Vô Hiệu Hoá Bản Lạnh Lẽo,Deactivating Icicle Plate,Vid avaktivering av Glaciärplatta,Deactivating Icicle Plate
493,ARCEUS,dragon,normal,Deactivating Draco Plate,Desactivando Tabla Draco,Deactivating Placa Draco,Avec l’objet Plaque Draco désactivé,Dracotafel deaktivieren,Disattivando Lastradrakon,Deactivating Draco Plate,용의플레이트[[를]] 통해 비활성화,りゅうのプレートを 無効に すれば,禁用了龙之石板,禁用了龍之石板,Deactivating Draco Plate,Desactivant Draco Plate,Deactivating Draco Plate,Deactivating Draco Plate,Деактивация Плита Драко,Deactivating Draco Plate,Dezaktywując: Draco Plate,Deactivating Draco Plate,Deactivating Draco Plate,Vô Hiệu Hoá Bản Long Vương,Deactivating Draco Plate,Vid avaktivering av Skräcködleplatta,Deactivating Draco Plate
493,ARCEUS,dark,normal,Deactivating Dread Plate,Desactivando Tabla Oscura,Deactivating Placa Oscura,Avec l’objet Plaque Ombre désactivé,Furchttafel deaktivieren,Disattivando Lastratimore,Deactivating Dread Plate,공포플레이트[[를]] 통해 비활성화,こわもてプレートを 無効に すれば,禁用了恶颜石板,禁用了惡顏石板,Deactivating Dread Plate,Desactivant Dread Plate,Deactivating Dread Plate,Deactivating Dread Plate,Деактивация Плита Ужаса,Deactivating Dread Plate,Dezaktywując: Dread Plate,Deactivating Dread Plate,Deactivating Dread Plate,Vô Hiệu Hoá Bản Sợ Hãi,Deactivating Dread Plate,Vid avaktivering av Dunkelplatta,Deactivating Dread Plate
493,ARCEUS,fairy,normal,Deactivating Pixie Plate,Desactivando Tabla Duende,Deactivating Placa Feérica,Avec l’objet Plaque Pixie désactivé,Feentafel deaktivieren,Disattivando Lastraspiritello,Deactivating Pixie Plate,정령플레이트[[를]] 통해 비활성화,せいれいプレートを 無効に すれば,禁用了妖精石板,禁用了妖精石板,Deactivating Pixie Plate,Desactivant Pixie Plate,Deactivating Pixie Plate,Deactivating Pixie Plate,Деактивация Пластина Пикси,Deactivating Pixie Plate,Dezaktywując: Pixie Plate,Deactivating Pixie Plate,Deactivating Pixie Plate,Vô Hiệu Hoá Bản Đáng Yêu,Deactivating Pixie Plate,Vid avaktivering av Älvplatta,Deactivating Pixie Plate
500,EMBOAR,,mega,Activating Emboarite,Activando Emboarita,Activating Emboarita,Avec l’objet Roitiflamite activé,Flambirexonit aktivieren,Attivando Emboarite,Activating Emboarite,염무왕나이트[[를]] 통해 폼체인지,エンブオナイトを 有効に すれば,激活了炎武王进化石,活化了炎武王進化石,Activating Emboarite,Activant Emboarite,Activating Emboarite,Activating Emboarite,Активация Эмборит,Activating Емборит,Aktywując: Emboaryt,Activating Emboarite,Activating Emboarite,Kích hoạt Emboarite,Activating Emboarite,Vid aktivering av Emboarit,Activating Emboarite
500,EMBOAR,mega,,Deactivating Emboarite,Desactivando Emboarita,Deactivating Emboarita,Avec l’objet Roitiflamite désactivé,Flambirexonit deaktivieren,Disattivando Emboarite,Deactivating Emboarite,염무왕나이트[[를]] 통해 비활성화,エンブオナイトを 無効に すれば,禁用了炎武王进化石,禁用了炎武王進化石,Deactivating Emboarite,Desactivant Emboarite,Deactivating Emboarite,Deactivating Emboarite,Деактивация Эмборит,Deactivating Емборит,Dezaktywując: Emboaryt,Deactivating Emboarite,Deactivating Emboarite,Vô Hiệu Hoá Emboarite,Deactivating Emboarite,Vid avaktivering av Emboarit,Deactivating Emboarite
530,EXCADRILL,,mega,Activating Excadrite,Activando Excadrillita,Activating Excadrillita,Avec l’objet Minotaupite activé,Stalobornit aktivieren,Attivando Excadrillite,Activating Excadrite,몰드류나이트[[를]] 통해 폼체인지,ドリュウズナイトを 有効に すれば,激活了龙头地鼠进化石,活化了龍頭地鼠進化石,Activating Excadrite,Activant Excadrite,Activating Excadrite,Activating Excadrite,Активация Экскадрит,Activating Excadrite,Aktywując: Excadrilyt,Activating Excadrite,Activating Excadrite,Kích hoạt Excadrite,Activating Excadrite,Vid aktivering av Excadrit,Activating Excadrite
530,EXCADRILL,mega,,Deactivating Excadrite,Desactivando Excadrillita,Deactivating Excadrillita,Avec l’objet Minotaupite désactivé,Stalobornit deaktivieren,Disattivando Excadrillite,Deactivating Excadrite,몰드류나이트[[를]] 통해 비활성화,ドリュウズナイトを 無効に すれば,禁用了龙头地鼠进化石,禁用了龍頭地鼠進化石,Deactivating Excadrite,Desactivant Excadrite,Deactivating Excadrite,Deactivating Excadrite,Деактивация Экскадрит,Deactivating Excadrite,Dezaktywując: Excadrilyt,Deactivating Excadrite,Deactivating Excadrite,Vô Hiệu Hoá Excadrite,Deactivating Excadrite,Vid avaktivering av Excadrit,Deactivating Excadrite
531,AUDINO,,mega,Activating Audinite,Activando Audinita,Activating Audinita,Avec l’objet Nanméouïte activé,Ohrdochnit aktivieren,Attivando Audinite,Activating Audinite,다부니나이트[[를]] 통해 폼체인지,タブンネナイトを 有効に すれば,激活了差不多娃娃进化石,活化了差不多娃娃進化石,Activating Audinite,Activant Audinite,Activating Audinite,Activating Audinite,Активация Аудинит,Activating Аудініт,Aktywując: Audinyt,Activating Audinite,Activating Audinite,Kích hoạt Audinite,Activating Audinite,Vid aktivering av Audinit,Activating Audinite
531,AUDINO,mega,,Deactivating Audinite,Desactivando Audinita,Deactivating Audinita,Avec l’objet Nanméouïte désactivé,Ohrdochnit deaktivieren,Disattivando Audinite,Deactivating Audinite,다부니나이트[[를]] 통해 비활성화,タブンネナイトを 無効に すれば,禁用了差不多娃娃进化石,禁用了差不多娃娃進化石,Deactivating Audinite,Desactivant Audinite,Deactivating Audinite,Deactivating Audinite,Деактивация Аудинит,Deactivating Аудініт,Dezaktywując: Audinyt,Deactivating Audinite,Deactivating Audinite,Vô Hiệu Hoá Audinite,Deactivating Audinite,Vid avaktivering av Audinit,Deactivating Audinite
545,SCOLIPEDE,,mega,Activating Scolipite,Activando Scolipedita,Activating Scolipedita,Avec l’objet Brutapodite activé,Cerapendranit aktivieren,Attivando Scolipedite,Activating Scolipite,펜드라나이트[[를]] 통해 폼체인지,ペンドラナイトを 有効に すれば,激活了蜈蚣王进化石,活化了蜈蚣王進化石,Activating Scolipite,Activant Scolipite,Activating Scolipite,Activating Scolipite,Активация Сколипит,Activating Scolipite,Aktywując: Scolipedyt,Activating Scolipite,Activating Scolipite,Kích hoạt Scolipite,Activating Scolipite,Vid aktivering av Scolipit,Activating Scolipite
545,SCOLIPEDE,mega,,Deactivating Scolipite,Desactivando Scolipedita,Deactivating Scolipedita,Avec l’objet Brutapodite désactivé,Cerapendranit deaktivieren,Disattivando Scolipedite,Deactivating Scolipite,펜드라나이트[[를]] 통해 비활성화,ペンドラナイトを 無効に すれば,禁用了蜈蚣王进化石,禁用了蜈蚣王進化石,Deactivating Scolipite,Desactivant Scolipite,Deactivating Scolipite,Deactivating Scolipite,Деактивация Сколипит,Deactivating Scolipite,Dezaktywując: Scolipedyt,Deactivating Scolipite,Deactivating Scolipite,Vô Hiệu Hoá Scolipite,Deactivating Scolipite,Vid avaktivering av Scolipit,Deactivating Scolipite
555,DARMANITAN,,zen,Due to its ability,Debido a su habilidad,Due to its ability,Due à son talent,Durch seine Fähigkeit,Tramite la sua abilità,Due to its ability,특성을 통해 폼체인지,特性により,由于其特性,由於其特性,Due to its ability,A causa de la seva habilitat,Due to its ability,Due to its ability,Из-за его способности,Due to its ability,Due to its ability,Due to its ability,Due to its ability,Bởi đặc tính của nó,Due to its ability,På grund av dess särdrag,Due to its ability
555,DARMANITAN,zen,,Due to its ability,Debido a su habilidad,Due to its ability,Due à son talent,Durch seine Fähigkeit,Tramite la sua abilità,Due to its ability,특성을 통해 폼체인지,特性により,由于其特性,由於其特性,Due to its ability,A causa de la seva habilitat,Due to its ability,Due to its ability,Из-за его способности,Due to its ability,Due to its ability,Due to its ability,Due to its ability,Bởi đặc tính của nó,Due to its ability,På grund av dess särdrag,Due to its ability
560,SCRAFTY,,mega,Activating Scraftinite,Activando Scraftita,Activating Scraftita,Avec l’objet Baggaïdite activé,Irokexonit aktivieren,Attivando Scraftite,Activating Scraftinite,곤율거니나이트[[를]] 통해 폼체인지,ズルズキナイトを 有効に すれば,激活了头巾混混进化石,活化了頭巾混混進化石,Activating Scraftinite,Activant Scraftinite,Activating Scraftinite,Activating Scraftinite,Активация Скрафтинит,Activating Scraftinite,Aktywując: Scraftynit,Activating Scraftinite,Activating Scraftinite,Kích hoạt Scraftinite,Activating Scraftinite,Vid aktivering av Scraftinit,Activating Scraftinite
560,SCRAFTY,mega,,Deactivating Scraftinite,Desactivando Scraftita,Deactivating Scraftita,Avec l’objet Baggaïdite désactivé,Irokexonit deaktivieren,Disattivando Scraftite,Deactivating Scraftinite,곤율거니나이트[[를]] 통해 비활성화,ズルズキナイトを 無効に すれば,禁用了头巾混混进化石,禁用了頭巾混混進化石,Deactivating Scraftinite,Desactivant Scraftinite,Deactivating Scraftinite,Deactivating Scraftinite,Деактивация Скрафтинит,Deactivating Scraftinite,Dezaktywując: Scraftynit,Deactivating Scraftinite,Deactivating Scraftinite,Vô Hiệu Hoá Scraftinite,Deactivating Scraftinite,Vid avaktivering av Scraftinit,Deactivating Scraftinite
569,GARBODOR,,gigantamax,Activating Max Mushrooms,Activando Maxisetas,Activating Maxihongo,Avec l’objet Maxi Champis activé,Dyna-Pilz aktivieren,Attivando Fungomax,Activating Max Mushrooms,다이버섯[[를]] 통해 폼체인지,ダイキノコを 有効に すれば,激活了极巨菇菇,活化了極巨菇菇,Activating Max Mushrooms,Activant Max Mushrooms,Activating Max Mushrooms,Activating Maksi Mantarlar,Активация Макс-Грибы,Activating Max Mushrooms,Aktywując: Max Mushrooms,Activating Jamur Max,Activating मैक्स मुशरूम,Kích hoạt Nấm Max,Activating Max Mushrooms,Vid aktivering av Maxsvampar,Activating Max Mushrooms
569,GARBODOR,gigantamax,,Deactivating Max Mushrooms,Desactivando Maxisetas,Deactivating Maxihongo,Avec l’objet Maxi Champis désactivé,Dyna-Pilz deaktivieren,Disattivando Fungomax,Deactivating Max Mushrooms,다이버섯[[를]] 통해 비활성화,ダイキノコを 無効に すれば,禁用了极巨菇菇,禁用了極巨菇菇,Deactivating Max Mushrooms,Desactivant Max Mushrooms,Deactivating Max Mushrooms,Deactivating Maksi Mantarlar,Деактивация Макс-Грибы,Deactivating Max Mushrooms,Dezaktywując: Max Mushrooms,Deactivating Jamur Max,Deactivating मैक्स मुशरूम,Vô Hiệu Hoá Nấm Max,Deactivating Max Mushrooms,Vid avaktivering av Maxsvampar,Deactivating Max Mushrooms
604,EELEKTROSS,,mega,Activating Eelektrossite,Activando Eelektrossita,Activating Eelektrossita,Avec l’objet Ohmassacrite activé,Zapplarangonit aktivieren,Attivando Eelektrossite,Activating Eelektrossite,저리더프나이트[[를]] 통해 폼체인지,シビルドナイトを 有効に すれば,激活了麻麻鳗鱼王进化石,活化了麻麻鰻魚王進化石,Activating Eelektrossite,Activant Eelektrossite,Activating Eelektrossite,Activating Eelektrossite,Активация Электроссит,Activating Eelektrossite,Aktywując: Elektrossyt,Activating Eelektrossite,Activating Eelektrossite,Kích hoạt Eelektrossite,Activating Eelektrossite,Vid aktivering av Eelektrossit,Activating Eelektrossite
604,EELEKTROSS,mega,,Deactivating Eelektrossite,Desactivando Eelektrossita,Deactivating Eelektrossita,Avec l’objet Ohmassacrite désactivé,Zapplarangonit deaktivieren,Disattivando Eelektrossite,Deactivating Eelektrossite,저리더프나이트[[를]] 통해 비활성화,シビルドナイトを 無効に すれば,禁用了麻麻鳗鱼王进化石,禁用了麻麻鰻魚王進化石,Deactivating Eelektrossite,Desactivant Eelektrossite,Deactivating Eelektrossite,Deactivating Eelektrossite,Деактивация Электроссит,Deactivating Eelektrossite,Dezaktywując: Elektrossyt,Deactivating Eelektrossite,Deactivating Eelektrossite,Vô Hiệu Hoá Eelektrossite,Deactivating Eelektrossite,Vid avaktivering av Eelektrossit,Deactivating Eelektrossite
609,CHANDELURE,,mega,Activating Chandelurite,Activando Chandelurita,Activating Chandelurita,Avec l’objet Lugulabrite activé,Skelabranit aktivieren,Attivando Chandelurite,Activating Chandelurite,샹델라나이트[[를]] 통해 폼체인지,シャンデラナイトを 有効に すれば,激活了水晶灯火灵进化石,活化了水晶燈火靈進化石,Activating Chandelurite,Activant Chandelurite,Activating Chandelurite,Activating Chandelurite,Активация Шанделюрит,Activating Chandelurite,Aktywując: Chandeluryt,Activating Chandelurite,Activating Chandelurite,Kích hoạt Chandelurite,Activating Chandelurite,Vid aktivering av Chandelurit,Activating Chandelurite
609,CHANDELURE,mega,,Deactivating Chandelurite,Desactivando Chandelurita,Deactivating Chandelurita,Avec l’objet Lugulabrite désactivé,Skelabranit deaktivieren,Disattivando Chandelurite,Deactivating Chandelurite,샹델라나이트[[를]] 통해 비활성화,シャンデラナイトを 無効に すれば,禁用了水晶灯火灵进化石,禁用了水晶燈火靈進化石,Deactivating Chandelurite,Desactivant Chandelurite,Deactivating Chandelurite,Deactivating Chandelurite,Деактивация Шанделюрит,Deactivating Chandelurite,Dezaktywując: Chandeluryt,Deactivating Chandelurite,Deactivating Chandelurite,Vô Hiệu Hoá Chandelurite,Deactivating Chandelurite,Vid avaktivering av Chandelurit,Deactivating Chandelurite
623,GOLURK,,mega,Activating Golurkite,Activando Golurkita,Activating Golurkita,Avec l’objet Golemastokite activé,Golgantesnit aktivieren,Attivando Golurkite,Activating Golurkite,골루그나이트[[를]] 통해 폼체인지,ゴルーグナイトを 有効に すれば,激活了泥偶巨人进化石,活化了泥偶巨人進化石,Activating Golurkite,Activant Golurkite,Activating Golurkite,Activating Golurkite,Активация Голаркит,Activating Golurkite,Aktywując: Golurktyt,Activating Golurkite,Activating Golurkite,Kích hoạt Golurkite,Activating Golurkite,Vid aktivering av Golurkit,Activating Golurkite
623,GOLURK,mega,,Deactivating Golurkite,Desactivando Golurkita,Deactivating Golurkita,Avec l’objet Golemastokite désactivé,Golgantesnit deaktivieren,Disattivando Golurkite,Deactivating Golurkite,골루그나이트[[를]] 통해 비활성화,ゴルーグナイトを 無効に すれば,禁用了泥偶巨人进化石,禁用了泥偶巨人進化石,Deactivating Golurkite,Desactivant Golurkite,Deactivating Golurkite,Deactivating Golurkite,Деактивация Голаркит,Deactivating Golurkite,Dezaktywując: Golurktyt,Deactivating Golurkite,Deactivating Golurkite,Vô Hiệu Hoá Golurkite,Deactivating Golurkite,Vid avaktivering av Golurkit,Deactivating Golurkite
641,TORNADUS,incarnate,therian,Activating Reveal Glass,Activando Espejo Veraz,Activating Espejo Veraz,Avec l’objet Miroir Sacré activé,Wahrspiegel aktivieren,Attivando Verispecchio,Activating Reveal Glass,비추는거울[[를]] 통해 폼체인지,うつしかがみを 有効に すれば,激活了现形镜,活化了現形鏡,Activating Reveal Glass,Activant Reveal Glass,Activating Reveal Glass,Activating Reveal Glass,Активация Зеркальце,Activating Reveal Glass,Aktywując: Reveal Glass,Activating Reveal Glass,Activating Reveal Glass,Kích hoạt Gương Phản Chiếu,Activating Reveal Glass,Vid aktivering av Sanningspegel,Activating Reveal Glass
641,TORNADUS,therian,incarnate,Deactivating Reveal Glass,Desactivando Espejo Veraz,Deactivating Espejo Veraz,Avec l’objet Miroir Sacré désactivé,Wahrspiegel deaktivieren,Disattivando Verispecchio,Deactivating Reveal Glass,비추는거울[[를]] 통해 비활성화,うつしかがみを 無効に すれば,禁用了现形镜,禁用了現形鏡,Deactivating Reveal Glass,Desactivant Reveal Glass,Deactivating Reveal Glass,Deactivating Reveal Glass,Деактивация Зеркальце,Deactivating Reveal Glass,Dezaktywując: Reveal Glass,Deactivating Reveal Glass,Deactivating Reveal Glass,Vô Hiệu Hoá Gương Phản Chiếu,Deactivating Reveal Glass,Vid avaktivering av Sanningspegel,Deactivating Reveal Glass
642,THUNDURUS,incarnate,therian,Activating Reveal Glass,Activando Espejo Veraz,Activating Espejo Veraz,Avec l’objet Miroir Sacré activé,Wahrspiegel aktivieren,Attivando Verispecchio,Activating Reveal Glass,비추는거울[[를]] 통해 폼체인지,うつしかがみを 有効に すれば,激活了现形镜,活化了現形鏡,Activating Reveal Glass,Activant Reveal Glass,Activating Reveal Glass,Activating Reveal Glass,Активация Зеркальце,Activating Reveal Glass,Aktywując: Reveal Glass,Activating Reveal Glass,Activating Reveal Glass,Kích hoạt Gương Phản Chiếu,Activating Reveal Glass,Vid aktivering av Sanningspegel,Activating Reveal Glass
642,THUNDURUS,therian,incarnate,Deactivating Reveal Glass,Desactivando Espejo Veraz,Deactivating Espejo Veraz,Avec l’objet Miroir Sacré désactivé,Wahrspiegel deaktivieren,Disattivando Verispecchio,Deactivating Reveal Glass,비추는거울[[를]] 통해 비활성화,うつしかがみを 無効に すれば,禁用了现形镜,禁用了現形鏡,Deactivating Reveal Glass,Desactivant Reveal Glass,Deactivating Reveal Glass,Deactivating Reveal Glass,Деактивация Зеркальце,Deactivating Reveal Glass,Dezaktywując: Reveal Glass,Deactivating Reveal Glass,Deactivating Reveal Glass,Vô Hiệu Hoá Gương Phản Chiếu,Deactivating Reveal Glass,Vid avaktivering av Sanningspegel,Deactivating Reveal Glass
645,LANDORUS,incarnate,therian,Activating Reveal Glass,Activando Espejo Veraz,Activating Espejo Veraz,Avec l’objet Miroir Sacré activé,Wahrspiegel aktivieren,Attivando Verispecchio,Activating Reveal Glass,비추는거울[[를]] 통해 폼체인지,うつしかがみを 有効に すれば,激活了现形镜,活化了現形鏡,Activating Reveal Glass,Activant Reveal Glass,Activating Reveal Glass,Activating Reveal Glass,Активация Зеркальце,Activating Reveal Glass,Aktywując: Reveal Glass,Activating Reveal Glass,Activating Reveal Glass,Kích hoạt Gương Phản Chiếu,Activating Reveal Glass,Vid aktivering av Sanningspegel,Activating Reveal Glass
645,LANDORUS,therian,incarnate,Deactivating Reveal Glass,Desactivando Espejo Veraz,Deactivating Espejo Veraz,Avec l’objet Miroir Sacré désactivé,Wahrspiegel deaktivieren,Disattivando Verispecchio,Deactivating Reveal Glass,비추는거울[[를]] 통해 비활성화,うつしかがみを 無効に すれば,禁用了现形镜,禁用了現形鏡,Deactivating Reveal Glass,Desactivant Reveal Glass,Deactivating Reveal Glass,Deactivating Reveal Glass,Деактивация Зеркальце,Deactivating Reveal Glass,Dezaktywując: Reveal Glass,Deactivating Reveal Glass,Deactivating Reveal Glass,Vô Hiệu Hoá Gương Phản Chiếu,Deactivating Reveal Glass,Vid avaktivering av Sanningspegel,Deactivating Reveal Glass
646,KYUREM,,black,Activating Dark Stone,Activando Orbe Oscuro,Activating Orbe Oscuro,Avec l’objet Galet Noir activé,Dunkelstein aktivieren,Attivando Scurolite,Activating Dark Stone,다크스톤[[를]] 통해 폼체인지,ダークストーンを 有効に すれば,激活了黑暗石,活化了黑暗石,Activating Dark Stone,Activant Dark Stone,Activating Dark Stone,Activating Dark Stone,Активация Камень Тьмы,Activating Dark Stone,Aktywując: Dark Stone,Activating Dark Stone,Activating Dark Stone,Kích hoạt Hắc Thạch,Activating Dark Stone,Vid aktivering av Svärtans sten,Activating Dark Stone
646,KYUREM,,white,Activating Light Stone,Activando Orbe Claro,Activating Orbe Claro,Avec l’objet Galet Blanc activé,Lichtstein aktivieren,Attivando Chiarolite,Activating Light Stone,라이트스톤[[를]] 통해 폼체인지,ライトストーンを 有効に すれば,激活了光明石,活化了光明石,Activating Light Stone,Activant Light Stone,Activating Light Stone,Activating Light Stone,Активация Камень Света,Activating Light Stone,Aktywując: Light Stone,Activating Light Stone,Activating Light Stone,Kích hoạt Quang Thạch,Activating Light Stone,Vid aktivering av Vithetens sten,Activating Light Stone
646,KYUREM,black,,Deactivating Dark Stone,Desactivando Orbe Oscuro,Deactivating Orbe Oscuro,Avec l’objet Galet Noir désactivé,Dunkelstein deaktivieren,Disattivando Scurolite,Deactivating Dark Stone,다크스톤[[를]] 통해 비활성화,ダークストーンを 無効に すれば,禁用了黑暗石,禁用了黑暗石,Deactivating Dark Stone,Desactivant Dark Stone,Deactivating Dark Stone,Deactivating Dark Stone,Деактивация Камень Тьмы,Deactivating Dark Stone,Dezaktywując: Dark Stone,Deactivating Dark Stone,Deactivating Dark Stone,Vô Hiệu Hoá Hắc Thạch,Deactivating Dark Stone,Vid avaktivering av Svärtans sten,Deactivating Dark Stone
646,KYUREM,white,,Deactivating Light Stone,Desactivando Orbe Claro,Deactivating Orbe Claro,Avec l’objet Galet Blanc désactivé,Lichtstein deaktivieren,Disattivando Chiarolite,Deactivating Light Stone,라이트스톤[[를]] 통해 비활성화,ライトストーンを 無効に すれば,禁用了光明石,禁用了光明石,Deactivating Light Stone,Desactivant Light Stone,Deactivating Light Stone,Deactivating Light Stone,Деактивация Камень Света,Deactivating Light Stone,Dezaktywując: Light Stone,Deactivating Light Stone,Deactivating Light Stone,Vô Hiệu Hoá Quang Thạch,Deactivating Light Stone,Vid avaktivering av Vithetens sten,Deactivating Light Stone
647,KELDEO,ordinary,resolute,By learning Secret Sword,Aprendiendo el movimiento Sable Místico,By learning Espada Secreta,En apprenant Lame Ointe,Durch das erlenen von Mystoschwert,Imparando la mossa Spadamistica,By learning Secret Sword,신비의칼[[를]] 배우고 있는 경우,「しんぴのつるぎ」を 覚える ことにより,学会神秘之剑后,學會神祕之劍後,By learning Secret Sword,By learning Secret Sword,By learning Secret Sword,By learning Secret Sword,Изучив Secret Sword,By learning Secret Sword,Po nauczeniu się ataku Secret Sword,By learning Pedang Mistis,By learning सीक्रेट स्वॉर्ड,Bằng cách học chiêu thức Secret Sword,By learning Secret Sword,Genom att lära sig Enigmatisk egg,By learning Secret Sword
647,KELDEO,resolute,ordinary,By forgetting Secret Sword,Olvidando el movimiento Sable Místico,By forgetting Espada Secreta,En oubliant Lame Ointe,Durch das Vergessen von Mystoschwert,Dimenticando la mossa Spadamistica,By forgetting Secret Sword,신비의칼[[를]] 잊은 경우,「しんぴのつるぎ」を 忘れる ことにより,忘记神秘之剑后,忘記神祕之劍後,By forgetting Secret Sword,By forgetting Secret Sword,By forgetting Secret Sword,By forgetting Secret Sword,Забыв Secret Sword,By forgetting Secret Sword,Po zapomnieniu ataku Secret Sword,By forgetting Pedang Mistis,By forgetting सीक्रेट स्वॉर्ड,Bằng cách quên đi chiêu thức Secret Sword,By forgetting Secret Sword,Genom att glömma Enigmatisk egg,By forgetting Secret Sword
648,MELOETTA,aria,pirouette,After using certain moves,Después de usar algunos movimientos,After using certain moves,Après l’utilisation d’une certaine capacité,Nach dem Einsatz bestimmter Attacken,Dopo aver usato una certa mossa,After using certain moves,특정 기술을 사용한 후,特定の 技を 出す後,使用特定招式后,使用特定招式後,After using certain moves,After using certain moves,After using certain moves,After using certain moves,После использования определённых приёмов,After using certain moves,Po użyciu danych ataków,After using certain moves,After using certain moves,Sau khi sử dụng chiêu thức nhất định,After using certain moves,Efter att den använt särskilda tekniker,After using certain moves
648,MELOETTA,pirouette,aria,After using certain moves,Después de usar algunos movimientos,After using certain moves,Après l’utilisation d’une certaine capacité,Nach dem Einsatz bestimmter Attacken,Dopo aver usato una certa mossa,After using certain moves,특정 기술을 사용한 후,特定の 技を 出す後,使用特定招式后,使用特定招式後,After using certain moves,After using certain moves,After using certain moves,After using certain moves,После использования определённых приёмов,After using certain moves,Po użyciu danych ataków,After using certain moves,After using certain moves,Sau khi sử dụng chiêu thức nhất định,After using certain moves,Efter att den använt särskilda tekniker,After using certain moves
649,GENESECT,,shock,Activating Shock Drive,Activando FulgoROM,Activating FulgoROM,Avec l’objet Module Choc activé,Blitzmodul aktivieren,Attivando Voltmodulo,Activating Shock Drive,번개카세트[[를]] 통해 폼체인지,イナズマカセットを 有効に すれば,激活了闪电卡带,活化了閃電卡帶,Activating Shock Drive,Activant Shock Drive,Activating Shock Drive,Activating Şok Sürücüsü,Активация Шоковый Привод,Activating Shock Drive,Aktywując: Shock Drive,Activating Shock Drive,Activating शॉक कैसेट,Kích hoạt Đĩa Điện,Activating Shock Drive,Vid aktivering av Åskassett,Activating Shock Drive
649,GENESECT,,burn,Activating Burn Drive,Activando PiroROM,Activating PiroROM,Avec l’objet Module Pyro activé,Flammenmodul aktivieren,Attivando Piromodulo,Activating Burn Drive,블레이즈카세트[[를]] 통해 폼체인지,ブレイズカセットを 有効に すれば,激活了火焰卡带,活化了火焰卡帶,Activating Burn Drive,Activant Burn Drive,Activating Burn Drive,Activating Ateş Sürücüsü,Активация Обжигающий Привод,Activating Burn Drive,Aktywując: Burn Drive,Activating Burn Drive,Activating बर्न कैसेट,Kích hoạt Đĩa Lửa,Activating Burn Drive,Vid aktivering av Flamkassett,Activating Burn Drive
649,GENESECT,,chill,Activating Chill Drive,Activando CrioROM,Activating CrioROM,Avec l’objet Module Cryo activé,Gefriermodul aktivieren,Attivando Gelomodulo,Activating Chill Drive,프리즈카세트[[를]] 통해 폼체인지,フリーズカセットを 有効に すれば,激活了冰冻卡带,活化了冰凍卡帶,Activating Chill Drive,Activant Chill Drive,Activating Chill Drive,Activating Buz Sürücüsü,Активация Охлаждающий Привод,Activating Chill Drive,Aktywując: Chill Drive,Activating Chill Drive,Activating फ़्रीज़ कैसेट,Kích hoạt Đĩa Băng,Activating Chill Drive,Vid aktivering av Frostkassett,Activating Chill Drive
649,GENESECT,,douse,Activating Douse Drive,Activando HidroROM,Activating HidroROM,Avec l’objet Module Aqua activé,Aquamodul aktivieren,Attivando Idromodulo,Activating Douse Drive,아쿠아카세트[[를]] 통해 폼체인지,アクアカセットを 有効に すれば,激活了水流卡带,活化了水流卡帶,Activating Douse Drive,Activant Douse Drive,Activating Douse Drive,Activating Su Sürücüsü,Активация Погашающий Привод,Activating Douse Drive,Aktywując: Douse Drive,Activating Douse Drive,Activating ऐक्वा कैसेट,Kích hoạt Đĩa Thủy,Activating Douse Drive,Vid aktivering av Akvakassett,Activating Douse Drive
649,GENESECT,shock,,Deactivating Shock Drive,Desactivando FulgoROM,Deactivating FulgoROM,Avec l’objet Module Choc désactivé,Blitzmodul deaktivieren,Disattivando Voltmodulo,Deactivating Shock Drive,번개카세트[[를]] 통해 비활성화,イナズマカセットを 無効に すれば,禁用了闪电卡带,禁用了閃電卡帶,Deactivating Shock Drive,Desactivant Shock Drive,Deactivating Shock Drive,Deactivating Şok Sürücüsü,Деактивация Шоковый Привод,Deactivating Shock Drive,Dezaktywując: Shock Drive,Deactivating Shock Drive,Deactivating शॉक कैसेट,Vô Hiệu Hoá Đĩa Điện,Deactivating Shock Drive,Vid avaktivering av Åskassett,Deactivating Shock Drive
649,GENESECT,burn,,Deactivating Burn Drive,Desactivando PiroROM,Deactivating PiroROM,Avec l’objet Module Pyro désactivé,Flammenmodul deaktivieren,Disattivando Piromodulo,Deactivating Burn Drive,블레이즈카세트[[를]] 통해 비활성화,ブレイズカセットを 無効に すれば,禁用了火焰卡带,禁用了火焰卡帶,Deactivating Burn Drive,Desactivant Burn Drive,Deactivating Burn Drive,Deactivating Ateş Sürücüsü,Деактивация Обжигающий Привод,Deactivating Burn Drive,Dezaktywując: Burn Drive,Deactivating Burn Drive,Deactivating बर्न कैसेट,Vô Hiệu Hoá Đĩa Lửa,Deactivating Burn Drive,Vid avaktivering av Flamkassett,Deactivating Burn Drive
649,GENESECT,chill,,Deactivating Chill Drive,Desactivando CrioROM,Deactivating CrioROM,Avec l’objet Module Cryo désactivé,Gefriermodul deaktivieren,Disattivando Gelomodulo,Deactivating Chill Drive,프리즈카세트[[를]] 통해 비활성화,フリーズカセットを 無効に すれば,禁用了冰冻卡带,禁用了冰凍卡帶,Deactivating Chill Drive,Desactivant Chill Drive,Deactivating Chill Drive,Deactivating Buz Sürücüsü,Деактивация Охлаждающий Привод,Deactivating Chill Drive,Dezaktywując: Chill Drive,Deactivating Chill Drive,Deactivating फ़्रीज़ कैसेट,Vô Hiệu Hoá Đĩa Băng,Deactivating Chill Drive,Vid avaktivering av Frostkassett,Deactivating Chill Drive
649,GENESECT,douse,,Deactivating Douse Drive,Desactivando HidroROM,Deactivating HidroROM,Avec l’objet Module Aqua désactivé,Aquamodul deaktivieren,Disattivando Idromodulo,Deactivating Douse Drive,아쿠아카세트[[를]] 통해 비활성화,アクアカセットを 無効に すれば,禁用了水流卡带,禁用了水流卡帶,Deactivating Douse Drive,Desactivant Douse Drive,Deactivating Douse Drive,Deactivating Su Sürücüsü,Деактивация Погашающий Привод,Deactivating Douse Drive,Dezaktywując: Douse Drive,Deactivating Douse Drive,Deactivating ऐक्वा कैसेट,Vô Hiệu Hoá Đĩa Thủy,Deactivating Douse Drive,Vid avaktivering av Akvakassett,Deactivating Douse Drive
652,CHESNAUGHT,,mega,Activating Chesnaughtite,Activando Chesnaughtita,Activating Chesnaughtita,Avec l’objet Blindépiquite activé,Brigaronit aktivieren,Attivando Chesnaughtite,Activating Chesnaughtite,브리가론나이트[[를]] 통해 폼체인지,ブリガロナイトを 有効に すれば,激活了布里卡隆进化石,活化了布里卡隆進化石,Activating Chesnaughtite,Activant Chesnaughtite,Activating Chesnaughtite,Activating Chesnaughtite,Активация Чеснотит,Activating Chesnaughtite,Aktywując: Chenaughtyt,Activating Chesnaughtite,Activating Chesnaughtite,Kích hoạt Chesnaughtite,Activating Chesnaughtite,Vid aktivering av Chesnaughtit,Activating Chesnaughtite
652,CHESNAUGHT,mega,,Deactivating Chesnaughtite,Desactivando Chesnaughtita,Deactivating Chesnaughtita,Avec l’objet Blindépiquite désactivé,Brigaronit deaktivieren,Disattivando Chesnaughtite,Deactivating Chesnaughtite,브리가론나이트[[를]] 통해 비활성화,ブリガロナイトを 無効に すれば,禁用了布里卡隆进化石,禁用了布里卡隆進化石,Deactivating Chesnaughtite,Desactivant Chesnaughtite,Deactivating Chesnaughtite,Deactivating Chesnaughtite,Деактивация Чеснотит,Deactivating Chesnaughtite,Dezaktywując: Chenaughtyt,Deactivating Chesnaughtite,Deactivating Chesnaughtite,Vô Hiệu Hoá Chesnaughtite,Deactivating Chesnaughtite,Vid avaktivering av Chesnaughtit,Deactivating Chesnaughtite
655,DELPHOX,,mega,Activating Delphoxite,Activando Delphoxita,Activating Delphoxita,Avec l’objet Goupelinite activé,Fennexisnit aktivieren,Attivando Delphoxite,Activating Delphoxite,마폭시나이트[[를]] 통해 폼체인지,マフォクシナイトを 有効に すれば,激活了妖火红狐进化石,活化了妖火紅狐進化石,Activating Delphoxite,Activant Delphoxite,Activating Delphoxite,Activating Delphoxite,Активация Делфоксит,Activating Delphoxite,Aktywując: Delphoxyt,Activating Delphoxite,Activating Delphoxite,Kích hoạt Delphoxite,Activating Delphoxite,Vid aktivering av Delphoxit,Activating Delphoxite
655,DELPHOX,mega,,Deactivating Delphoxite,Desactivando Delphoxita,Deactivating Delphoxita,Avec l’objet Goupelinite désactivé,Fennexisnit deaktivieren,Disattivando Delphoxite,Deactivating Delphoxite,마폭시나이트[[를]] 통해 비활성화,マフォクシナイトを 無効に すれば,禁用了妖火红狐进化石,禁用了妖火紅狐進化石,Deactivating Delphoxite,Desactivant Delphoxite,Deactivating Delphoxite,Deactivating Delphoxite,Деактивация Делфоксит,Deactivating Delphoxite,Dezaktywując: Delphoxyt,Deactivating Delphoxite,Deactivating Delphoxite,Vô Hiệu Hoá Delphoxite,Deactivating Delphoxite,Vid avaktivering av Delphoxit,Deactivating Delphoxite
658,GRENINJA,,mega,Activating Greninjite,Activando Greninjanita,Activating Greninjanita,Avec l’objet Amphinolite activé,Quajutsunit aktivieren,Attivando Greninjite,Activating Greninjite,개굴닌자나이트[[를]] 통해 폼체인지,ゲッコウガナイトを 有効に すれば,激活了甲贺忍蛙进化石,活化了甲賀忍蛙進化石,Activating Greninjite,Activant Greninjite,Activating Greninjite,Activating Greninjite,Активация Гренинжит,Activating Greninjite,Aktywując: Greninjyt,Activating Greninjite,Activating Greninjite,Kích hoạt Greninjite,Activating Greninjite,Vid aktivering av Greninjit,Activating Greninjite
658,GRENINJA,mega,,Deactivating Greninjite,Desactivando Greninjanita,Deactivating Greninjanita,Avec l’objet Amphinolite désactivé,Quajutsunit deaktivieren,Disattivando Greninjite,Deactivating Greninjite,개굴닌자나이트[[를]] 통해 비활성화,ゲッコウガナイトを 無効に すれば,禁用了甲贺忍蛙进化石,禁用了甲賀忍蛙進化石,Deactivating Greninjite,Desactivant Greninjite,Deactivating Greninjite,Deactivating Greninjite,Деактивация Гренинжит,Deactivating Greninjite,Dezaktywując: Greninjyt,Deactivating Greninjite,Deactivating Greninjite,Vô Hiệu Hoá Greninjite,Deactivating Greninjite,Vid avaktivering av Greninjit,Deactivating Greninjite
668,PYROAR,,mega,Activating Pyroarite,Activando Pyroarita,Activating Pyroarita,Avec l’objet Néméliosite activé,Pyroleonit aktivieren,Attivando Pyroarite,Activating Pyroarite,화염레오나이트[[를]] 통해 폼체인지,カエンジシナイトを 有効に すれば,激活了火炎狮进化石,活化了火炎獅進化石,Activating Pyroarite,Activant Pyroarite,Activating Pyroarite,Activating Pyroarite,Активация Пироарит,Activating Pyroarite,Aktywując: Pyroaryt,Activating Pyroarite,Activating Pyroarite,Kích hoạt Pyroarite,Activating Pyroarite,Vid aktivering av Pyroarit,Activating Pyroarite
668,PYROAR,mega,,Deactivating Pyroarite,Desactivando Pyroarita,Deactivating Pyroarita,Avec l’objet Néméliosite désactivé,Pyroleonit deaktivieren,Disattivando Pyroarite,Deactivating Pyroarite,화염레오나이트[[를]] 통해 비활성화,カエンジシナイトを 無効に すれば,禁用了火炎狮进化石,禁用了火炎獅進化石,Deactivating Pyroarite,Desactivant Pyroarite,Deactivating Pyroarite,Deactivating Pyroarite,Деактивация Пироарит,Deactivating Pyroarite,Dezaktywując: Pyroaryt,Deactivating Pyroarite,Deactivating Pyroarite,Vô Hiệu Hoá Pyroarite,Deactivating Pyroarite,Vid avaktivering av Pyroarit,Deactivating Pyroarite
678,MEOWSTIC,male,mega,Activating Meowsticite,Activando Meowsticita,Activating Meowsticita,Avec l’objet Mistigrixite activé,Psiaugonit aktivieren,Attivando Meowsticite,Activating Meowsticite,냐오닉스나이트[[를]] 통해 폼체인지,ニャオニクスナイトを 有効に すれば,激活了超能妙喵进化石,活化了超能妙喵進化石,Activating Meowsticite,Activant Meowsticite,Activating Meowsticite,Activating Meowsticite,Активация Мяустикит,Activating Meowsticite,Aktywując: Meowstictyt,Activating Meowsticite,Activating Meowsticite,Kích hoạt Meowsticite,Activating Meowsticite,Vid aktivering av Meowsticit,Activating Meowsticite
678,MEOWSTIC,female,mega,Activating Meowsticite,Activando Meowsticita,Activating Meowsticita,Avec l’objet Mistigrixite activé,Psiaugonit aktivieren,Attivando Meowsticite,Activating Meowsticite,냐오닉스나이트[[를]] 통해 폼체인지,ニャオニクスナイトを 有効に すれば,激活了超能妙喵进化石,活化了超能妙喵進化石,Activating Meowsticite,Activant Meowsticite,Activating Meowsticite,Activating Meowsticite,Активация Мяустикит,Activating Meowsticite,Aktywując: Meowstictyt,Activating Meowsticite,Activating Meowsticite,Kích hoạt Meowsticite,Activating Meowsticite,Vid aktivering av Meowsticit,Activating Meowsticite
678,MEOWSTIC,mega,male,Deactivating Meowsticite,Desactivando Meowsticita,Deactivating Meowsticita,Avec l’objet Mistigrixite désactivé,Psiaugonit deaktivieren,Disattivando Meowsticite,Deactivating Meowsticite,냐오닉스나이트[[를]] 통해 비활성화,ニャオニクスナイトを 無効に すれば,禁用了超能妙喵进化石,禁用了超能妙喵進化石,Deactivating Meowsticite,Desactivant Meowsticite,Deactivating Meowsticite,Deactivating Meowsticite,Деактивация Мяустикит,Deactivating Meowsticite,Dezaktywując: Meowstictyt,Deactivating Meowsticite,Deactivating Meowsticite,Vô Hiệu Hoá Meowsticite,Deactivating Meowsticite,Vid avaktivering av Meowsticit,Deactivating Meowsticite
678,MEOWSTIC,mega,female,Deactivating Meowsticite,Desactivando Meowsticita,Deactivating Meowsticita,Avec l’objet Mistigrixite désactivé,Psiaugonit deaktivieren,Disattivando Meowsticite,Deactivating Meowsticite,냐오닉스나이트[[를]] 통해 비활성화,ニャオニクスナイトを 無効に すれば,禁用了超能妙喵进化石,禁用了超能妙喵進化石,Deactivating Meowsticite,Desactivant Meowsticite,Deactivating Meowsticite,Deactivating Meowsticite,Деактивация Мяустикит,Deactivating Meowsticite,Dezaktywując: Meowstictyt,Deactivating Meowsticite,Deactivating Meowsticite,Vô Hiệu Hoá Meowsticite,Deactivating Meowsticite,Vid avaktivering av Meowsticit,Deactivating Meowsticite
681,AEGISLASH,blade,shield,Before using certain moves,Antes de usar algunos movimientos,Before using certain moves,Avant d’utiliser une certaine capacité,Vor dem Einsatz bestimmter Attacken,Prima di usare una certa mossa,Before using certain moves,특정 기술을 사용한 후,特定の 技を 出す前,使用特定招式前,使用特定招式前,Before using certain moves,Before using certain moves,Before using certain moves,Before using certain moves,Перед использованием определённых приёмов,Before using certain moves,Przed użyciem danych ataków,Before using certain moves,Before using certain moves,Trước khi dùng một chiêu thức nhất định,Before using certain moves,Innan den använder särskilda tekniker,Before using certain moves
681,AEGISLASH,shield,blade,Before using certain moves,Antes de usar algunos movimientos,Before using certain moves,Avant d’utiliser une certaine capacité,Vor dem Einsatz bestimmter Attacken,Prima di usare una certa mossa,Before using certain moves,특정 기술을 사용한 후,特定の 技を 出す前,使用特定招式前,使用特定招式前,Before using certain moves,Before using certain moves,Before using certain moves,Before using certain moves,Перед использованием определённых приёмов,Before using certain moves,Przed użyciem danych ataków,Before using certain moves,Before using certain moves,Trước khi dùng một chiêu thức nhất định,Before using certain moves,Innan den använder särskilda tekniker,Before using certain moves
681,AEGISLASH,blade,shield,After leaving the field,Después de dejar el combate,After leaving the field,Après avoir quitté le terrain,Beim Verlassen des Kampfs,Quando lascia il campo,After leaving the field,볼에 들어간 경우,場から 引っ込んだ後,离开对战场地后,離開對戰場地後,After leaving the field,Després de sortir del camp de batalla,After leaving the field,After leaving the field,После ухода с поля,After leaving the field,Po opuszczeniu pola bitwy,After leaving the field,After leaving the field,Khi rời sàn đấu,After leaving the field,När den har bytts av,After leaving the field
687,MALAMAR,,mega,Activating Malamarite,Activando Malamarita,Activating Malamarita,Avec l’objet Sepiatrocite activé,Calamaneronit aktivieren,Attivando Malamarite,Activating Malamarite,칼라마네로나이트[[를]] 통해 폼체인지,カラマネナイトを 有効に すれば,激活了乌贼王进化石,活化了烏賊王進化石,Activating Malamarite,Activant Malamarite,Activating Malamarite,Activating Malamarite,Активация Маламарит,Activating Malamarite,Aktywując: Malamaryt,Activating Malamarite,Activating Malamarite,Kích hoạt Malamarite,Activating Malamarite,Vid aktivering av Malamarit,Activating Malamarite
687,MALAMAR,mega,,Deactivating Malamarite,Desactivando Malamarita,Deactivating Malamarita,Avec l’objet Sepiatrocite désactivé,Calamaneronit deaktivieren,Disattivando Malamarite,Deactivating Malamarite,칼라마네로나이트[[를]] 통해 비활성화,カラマネナイトを 無効に すれば,禁用了乌贼王进化石,禁用了烏賊王進化石,Deactivating Malamarite,Desactivant Malamarite,Deactivating Malamarite,Deactivating Malamarite,Деактивация Маламарит,Deactivating Malamarite,Dezaktywując: Malamaryt,Deactivating Malamarite,Deactivating Malamarite,Vô Hiệu Hoá Malamarite,Deactivating Malamarite,Vid avaktivering av Malamarit,Deactivating Malamarite
689,BARBARACLE,,mega,Activating Barbaracite,Activando Barbaraclita,Activating Barbaraclita,Avec l’objet Golgopathite activé,Thanathoranit aktivieren,Attivando Barbaraclite,Activating Barbaracite,거북손데스나이트[[를]] 통해 폼체인지,ガメノデスナイトを 有効に すれば,激活了龟足巨铠进化石,活化了龜足巨鎧進化石,Activating Barbaracite,Activant Barbaracite,Activating Barbaracite,Activating Barbaracite,Активация Барберакит,Activating Barbaracite,Aktywując: Barbaracyt,Activating Barbaracite,Activating Barbaracite,Kích hoạt Barbaracite,Activating Barbaracite,Vid aktivering av Barbaracit,Activating Barbaracite
689,BARBARACLE,mega,,Deactivating Barbaracite,Desactivando Barbaraclita,Deactivating Barbaraclita,Avec l’objet Golgopathite désactivé,Thanathoranit deaktivieren,Disattivando Barbaraclite,Deactivating Barbaracite,거북손데스나이트[[를]] 통해 비활성화,ガメノデスナイトを 無効に すれば,禁用了龟足巨铠进化石,禁用了龜足巨鎧進化石,Deactivating Barbaracite,Desactivant Barbaracite,Deactivating Barbaracite,Deactivating Barbaracite,Деактивация Барберакит,Deactivating Barbaracite,Dezaktywując: Barbaracyt,Deactivating Barbaracite,Deactivating Barbaracite,Vô Hiệu Hoá Barbaracite,Deactivating Barbaracite,Vid avaktivering av Barbaracit,Deactivating Barbaracite
691,DRAGALGE,,mega,Activating Dragalgite,Activando Dragalgita,Activating Dragalgita,Avec l’objet Kravarekite activé,Tandraknit aktivieren,Attivando Dragalgite,Activating Dragalgite,드래캄나이트[[를]] 통해 폼체인지,ドラミドナイトを 有効に すれば,激活了毒藻龙进化石,活化了毒藻龍進化石,Activating Dragalgite,Activant Dragalgite,Activating Dragalgite,Activating Dragalgite,Активация Драгалджит,Activating Dragalgite,Aktywując: Dragalgit,Activating Dragalgite,Activating Dragalgite,Kích hoạt Dragalgite,Activating Dragalgite,Vid aktivering av Dragalgit,Activating Dragalgite
691,DRAGALGE,mega,,Deactivating Dragalgite,Desactivando Dragalgita,Deactivating Dragalgita,Avec l’objet Kravarekite désactivé,Tandraknit deaktivieren,Disattivando Dragalgite,Deactivating Dragalgite,드래캄나이트[[를]] 통해 비활성화,ドラミドナイトを 無効に すれば,禁用了毒藻龙进化石,禁用了毒藻龍進化石,Deactivating Dragalgite,Desactivant Dragalgite,Deactivating Dragalgite,Deactivating Dragalgite,Деактивация Драгалджит,Deactivating Dragalgite,Dezaktywując: Dragalgit,Deactivating Dragalgite,Deactivating Dragalgite,Vô Hiệu Hoá Dragalgite,Deactivating Dragalgite,Vid avaktivering av Dragalgit,Deactivating Dragalgite
701,HAWLUCHA,,mega,Activating Hawluchanite,Activando Hawluchanita,Activating Hawluchanita,Avec l’objet Brutalibrite activé,Resladeronit aktivieren,Attivando Hawluchite,Activating Hawluchanite,루차불나이트[[를]] 통해 폼체인지,ルチャブルナイトを 有効に すれば,激活了摔角鹰人进化石,活化了摔角鷹人進化石,Activating Hawluchanite,Activant Hawluchanite,Activating Hawluchanite,Activating Hawluchanite,Активация Хавлучанит,Activating Hawluchanite,Aktywując: Hawluchanit,Activating Hawluchanite,Activating Hawluchanite,Kích hoạt Hawluchanite,Activating Hawluchanite,Vid aktivering av Hawluchanit,Activating Hawluchanite
701,HAWLUCHA,mega,,Deactivating Hawluchanite,Desactivando Hawluchanita,Deactivating Hawluchanita,Avec l’objet Brutalibrite désactivé,Resladeronit deaktivieren,Disattivando Hawluchite,Deactivating Hawluchanite,루차불나이트[[를]] 통해 비활성화,ルチャブルナイトを 無効に すれば,禁用了摔角鹰人进化石,禁用了摔角鷹人進化石,Deactivating Hawluchanite,Desactivant Hawluchanite,Deactivating Hawluchanite,Deactivating Hawluchanite,Деактивация Хавлучанит,Deactivating Hawluchanite,Dezaktywując: Hawluchanit,Deactivating Hawluchanite,Deactivating Hawluchanite,Vô Hiệu Hoá Hawluchanite,Deactivating Hawluchanite,Vid avaktivering av Hawluchanit,Deactivating Hawluchanite
716,XERNEAS,neutral,active,After entering the field,Después de entrar al combate,After entering the field,Une fois entré sur le terrain,Beim Kampfantritt,Quando entra in campo,After entering the field,볼에서 나온 경우,場に 入った後,进入对战场地后,進入對戰場地後,After entering the field,Després d’entrar al camp de batalla,After entering the field,After entering the field,После выхода на поле,After entering the field,Po wyjściu na pole bitwy,After entering the field,After entering the field,Khi vào sàn đấu,After entering the field,När den skickats ut i strid,After entering the field
716,XERNEAS,active,neutral,After leaving the field,Después de dejar el combate,After leaving the field,Après avoir quitté le terrain,Beim Verlassen des Kampfs,Quando lascia il campo,After leaving the field,볼에 들어간 경우,場から 引っ込んだ後,离开对战场地后,離開對戰場地後,After leaving the field,Després de sortir del camp de batalla,After leaving the field,After leaving the field,После ухода с поля,After leaving the field,Po opuszczeniu pola bitwy,After leaving the field,After leaving the field,Khi rời sàn đấu,After leaving the field,När den har bytts av,After leaving the field
718,ZYGARDE,50-pc,complete,Due to its ability,Debido a su habilidad,Due to its ability,Due à son talent,Durch seine Fähigkeit,Tramite la sua abilità,Due to its ability,특성을 통해 폼체인지,特性により,由于其特性,由於其特性,Due to its ability,A causa de la seva habilitat,Due to its ability,Due to its ability,Из-за его способности,Due to its ability,Due to its ability,Due to its ability,Due to its ability,Bởi đặc tính của nó,Due to its ability,På grund av dess särdrag,Due to its ability
718,ZYGARDE,complete,50-pc,Due to its ability,Debido a su habilidad,Due to its ability,Due à son talent,Durch seine Fähigkeit,Tramite la sua abilità,Due to its ability,특성을 통해 폼체인지,特性により,由于其特性,由於其特性,Due to its ability,A causa de la seva habilitat,Due to its ability,Due to its ability,Из-за его способности,Due to its ability,Due to its ability,Due to its ability,Due to its ability,Bởi đặc tính của nó,Due to its ability,På grund av dess särdrag,Due to its ability
718,ZYGARDE,10-pc,10-complete,Due to its ability,Debido a su habilidad,Due to its ability,Due à son talent,Durch seine Fähigkeit,Tramite la sua abilità,Due to its ability,특성을 통해 폼체인지,特性により,由于其特性,由於其特性,Due to its ability,A causa de la seva habilitat,Due to its ability,Due to its ability,Из-за его способности,Due to its ability,Due to its ability,Due to its ability,Due to its ability,Bởi đặc tính của nó,Due to its ability,På grund av dess särdrag,Due to its ability
718,ZYGARDE,10-complete,10-pc,Due to its ability,Debido a su habilidad,Due to its ability,Due à son talent,Durch seine Fähigkeit,Tramite la sua abilità,Due to its ability,특성을 통해 폼체인지,特性により,由于其特性,由於其特性,Due to its ability,A causa de la seva habilitat,Due to its ability,Due to its ability,Из-за его способности,Due to its ability,Due to its ability,Due to its ability,Due to its ability,Bởi đặc tính của nó,Due to its ability,På grund av dess särdrag,Due to its ability
718,ZYGARDE,complete,mega,Activating Zygardite,Activando Zygardita,Activating Zygardita,Avec l’objet Zygardite activé,Zygardeni aktivieren,Attivando Zygardite,Activating Zygardite,지가르데나이트[[를]] 통해 폼체인지,ジガルデナイトを 有効に すれば,激活了基格尔德进化石,活化了基格爾德進化石,Activating Zygardite,Activant Zygardite,Activating Zygardite,Activating Zygardite,Активация Зайгардит,Activating Zygardite,Aktywując: Zygardyt,Activating Zygardite,Activating Zygardite,Kích hoạt Zygardite,Activating Zygardite,Vid aktivering av Zygardit,Activating Zygardite
718,ZYGARDE,10-complete,mega,Activating Zygardite,Activando Zygardita,Activating Zygardita,Avec l’objet Zygardite activé,Zygardeni aktivieren,Attivando Zygardite,Activating Zygardite,지가르데나이트[[를]] 통해 폼체인지,ジガルデナイトを 有効に すれば,激活了基格尔德进化石,活化了基格爾德進化石,Activating Zygardite,Activant Zygardite,Activating Zygardite,Activating Zygardite,Активация Зайгардит,Activating Zygardite,Aktywując: Zygardyt,Activating Zygardite,Activating Zygardite,Kích hoạt Zygardite,Activating Zygardite,Vid aktivering av Zygardit,Activating Zygardite
718,ZYGARDE,mega,complete,Deactivating Zygardite,Desactivando Zygardita,Deactivating Zygardita,Avec l’objet Zygardite désactivé,Zygardeni deaktivieren,Disattivando Zygardite,Deactivating Zygardite,지가르데나이트[[를]] 통해 비활성화,ジガルデナイトを 無効に すれば,禁用了基格尔德进化石,禁用了基格爾德進化石,Deactivating Zygardite,Desactivant Zygardite,Deactivating Zygardite,Deactivating Zygardite,Деактивация Зайгардит,Deactivating Zygardite,Dezaktywując: Zygardyt,Deactivating Zygardite,Deactivating Zygardite,Vô Hiệu Hoá Zygardite,Deactivating Zygardite,Vid avaktivering av Zygardit,Deactivating Zygardite
718,ZYGARDE,mega,10-complete,Deactivating Zygardite,Desactivando Zygardita,Deactivating Zygardita,Avec l’objet Zygardite désactivé,Zygardeni deaktivieren,Disattivando Zygardite,Deactivating Zygardite,지가르데나이트[[를]] 통해 비활성화,ジガルデナイトを 無効に すれば,禁用了基格尔德进化石,禁用了基格爾德進化石,Deactivating Zygardite,Desactivant Zygardite,Deactivating Zygardite,Deactivating Zygardite,Деактивация Зайгардит,Deactivating Zygardite,Dezaktywując: Zygardyt,Deactivating Zygardite,Deactivating Zygardite,Vô Hiệu Hoá Zygardite,Deactivating Zygardite,Vid avaktivering av Zygardit,Deactivating Zygardite
719,DIANCIE,,mega,Activating Diancite,Activando Diancita,Activating Diancita,Avec l’objet Diancite activé,Diancienit aktivieren,Attivando Diancite,Activating Diancite,디안시나이트[[를]] 통해 폼체인지,ディアンシナイトを 有効に すれば,激活了蒂安希进化石,活化了蒂安希進化石,Activating Diancite,Activant Diancite,Activating Diancite,Activating Diancite,Активация Диансит,Activating Діанцит,Aktywując: Diancyt,Activating Diancite,Activating Diancite,Kích hoạt Diancite,Activating Diancite,Vid aktivering av Diancit,Activating Diancite
719,DIANCIE,mega,,Deactivating Diancite,Desactivando Diancita,Deactivating Diancita,Avec l’objet Diancite désactivé,Diancienit deaktivieren,Disattivando Diancite,Deactivating Diancite,디안시나이트[[를]] 통해 비활성화,ディアンシナイトを 無効に すれば,禁用了蒂安希进化石,禁用了蒂安希進化石,Deactivating Diancite,Desactivant Diancite,Deactivating Diancite,Deactivating Diancite,Деактивация Диансит,Deactivating Діанцит,Dezaktywując: Diancyt,Deactivating Diancite,Deactivating Diancite,Vô Hiệu Hoá Diancite,Deactivating Diancite,Vid avaktivering av Diancit,Deactivating Diancite
720,HOOPA,,unbound,Activating Prison Bottle,Activando Vasija Castigo,Activating Vasija de Castigo,Avec l’objet Vase Scellé activé,Banngefäß aktivieren,Attivando Vaso del Vincolo,Activating Prison Bottle,굴레의항아리[[를]] 통해 폼체인지,いましめのツボを 有効に すれば,激活了惩戒之壶,活化了懲戒之壺,Activating Prison Bottle,Activant Prison Bottle,Activating Prison Bottle,Activating Prison Bottle,Активация Тюремная Бутылка,Activating Prison Bottle,Aktywując: Prison Bottle,Activating Prison Bottle,Activating Prison Bottle,Kích hoạt Lọ Phong Ấn,Activating Prison Bottle,Vid aktivering av Fängslande flaska,Activating Prison Bottle
720,HOOPA,unbound,,Deactivating Prison Bottle,Desactivando Vasija Castigo,Deactivating Vasija de Castigo,Avec l’objet Vase Scellé désactivé,Banngefäß deaktivieren,Disattivando Vaso del Vincolo,Deactivating Prison Bottle,굴레의항아리[[를]] 통해 비활성화,いましめのツボを 無効に すれば,禁用了惩戒之壶,禁用了懲戒之壺,Deactivating Prison Bottle,Desactivant Prison Bottle,Deactivating Prison Bottle,Deactivating Prison Bottle,Деактивация Тюремная Бутылка,Deactivating Prison Bottle,Dezaktywując: Prison Bottle,Deactivating Prison Bottle,Deactivating Prison Bottle,Vô Hiệu Hoá Lọ Phong Ấn,Deactivating Prison Bottle,Vid avaktivering av Fängslande flaska,Deactivating Prison Bottle
740,CRABOMINABLE,,mega,Activating Crabominite,Activando Crabominablita,Activating Crabominablita,Avec l’objet Crabominablite activé,Krawellonit aktivieren,Attivando Crabominablite,Activating Crabominite,모단단게나이트[[를]] 통해 폼체인지,ケケンカニナイトを 有効に すれば,激活了好胜毛蟹进化石,活化了好勝毛蟹進化石,Activating Crabominite,Activant Crabominite,Activating Crabominite,Activating Crabominite,Активация Крабаминит,Activating Crabominite,Aktywując: Crabominyt,Activating Crabominite,Activating Crabominite,Kích hoạt Crabominite,Activating Crabominite,Vid aktivering av Crabominit,Activating Crabominite
740,CRABOMINABLE,mega,,Deactivating Crabominite,Desactivando Crabominablita,Deactivating Crabominablita,Avec l’objet Crabominablite désactivé,Krawellonit deaktivieren,Disattivando Crabominablite,Deactivating Crabominite,모단단게나이트[[를]] 통해 비활성화,ケケンカニナイトを 無効に すれば,禁用了好胜毛蟹进化石,禁用了好勝毛蟹進化石,Deactivating Crabominite,Desactivant Crabominite,Deactivating Crabominite,Deactivating Crabominite,Деактивация Крабаминит,Deactivating Crabominite,Dezaktywując: Crabominyt,Deactivating Crabominite,Deactivating Crabominite,Vô Hiệu Hoá Crabominite,Deactivating Crabominite,Vid avaktivering av Crabominit,Deactivating Crabominite
746,WISHIWASHI,,school,Due to its ability,Debido a su habilidad,Due to its ability,Due à son talent,Durch seine Fähigkeit,Tramite la sua abilità,Due to its ability,특성을 통해 폼체인지,特性により,由于其特性,由於其特性,Due to its ability,A causa de la seva habilitat,Due to its ability,Due to its ability,Из-за его способности,Due to its ability,Due to its ability,Due to its ability,Due to its ability,Bởi đặc tính của nó,Due to its ability,På grund av dess särdrag,Due to its ability
746,WISHIWASHI,school,,Due to its ability,Debido a su habilidad,Due to its ability,Due à son talent,Durch seine Fähigkeit,Tramite la sua abilità,Due to its ability,특성을 통해 폼체인지,特性により,由于其特性,由於其特性,Due to its ability,A causa de la seva habilitat,Due to its ability,Due to its ability,Из-за его способности,Due to its ability,Due to its ability,Due to its ability,Due to its ability,Bởi đặc tính của nó,Due to its ability,På grund av dess särdrag,Due to its ability
768,GOLISOPOD,,mega,Activating Golisopite,Activando Golisopodita,Activating Golisopodita,Avec l’objet Sarmuraïte activé,Tectassnit aktivieren,Attivando Golisopodite,Activating Golisopite,갑주무사나이트[[를]] 통해 폼체인지,グソクムシャナイトを 有効に すれば,激活了具甲武者进化石,活化了具甲武者進化石,Activating Golisopite,Activant Golisopite,Activating Golisopite,Activating Golisopite,Активация Голисопит,Activating Golisopite,Aktywując: Golisopodyt,Activating Golisopite,Activating Golisopite,Kích hoạt Golisopite,Activating Golisopite,Vid aktivering av Golisopit,Activating Golisopite
768,GOLISOPOD,mega,,Deactivating Golisopite,Desactivando Golisopodita,Deactivating Golisopodita,Avec l’objet Sarmuraïte désactivé,Tectassnit deaktivieren,Disattivando Golisopodite,Deactivating Golisopite,갑주무사나이트[[를]] 통해 비활성화,グソクムシャナイトを 無効に すれば,禁用了具甲武者进化石,禁用了具甲武者進化石,Deactivating Golisopite,Desactivant Golisopite,Deactivating Golisopite,Deactivating Golisopite,Деактивация Голисопит,Deactivating Golisopite,Dezaktywując: Golisopodyt,Deactivating Golisopite,Deactivating Golisopite,Vô Hiệu Hoá Golisopite,Deactivating Golisopite,Vid avaktivering av Golisopit,Deactivating Golisopite
773,SILVALLY,normal,fighting,Activating Fighting Memory,Activando Disco Lucha,Activating Disco Pelea,Avec l’objet ROM Combat activé,Kampf-Disc aktivieren,Attivando ROM Lotta,Activating Fighting Memory,파이팅메모리[[를]] 통해 폼체인지,ファイトメモリを 有効に すれば,激活了战斗存储碟,活化了戰鬥記憶碟,Activating เมมโมรีต่อสู้,Activant Fighting Memory,Activating Fighting Memory,Activating Fighting Memory,Активация Боевая Память,Activating Fighting Memory,Aktywując: Fighting Memory,Activating Fighting Memory,Activating Fighting Memory,Kích hoạt Kí Ức Giác Đấu,Activating Fighting Memory,Vid aktivering av Minnesdisk: NÄVE,Activating Fighting Memory
773,SILVALLY,normal,flying,Activating Flying Memory,Activando Disco Volador,Activating Disco Volador,Avec l’objet ROM Vol activé,Flug-Disc aktivieren,Attivando ROM Volante,Activating Flying Memory,플라잉메모리[[를]] 통해 폼체인지,フライングメモリを 有効に すれば,激活了飞翔存储碟,活化了飛翔記憶碟,Activating เมมโมรีบิน,Activant Flying Memory,Activating Flying Memory,Activating Flying Memory,Активация Летающая Память,Activating Flying Memory,Aktywując: Flying Memory,Activating Flying Memory,Activating Flying Memory,Kích hoạt Kí Ức Bay,Activating Flying Memory,Vid aktivering av Minnesdisk: LUFT,Activating Flying Memory
773,SILVALLY,normal,poison,Activating Poison Memory,Activando Disco Veneno,Activating Disco Veneno,Avec l’objet ROM Poison activé,Gift-Disc aktivieren,Attivando ROM Veleno,Activating Poison Memory,포이즌메모리[[를]] 통해 폼체인지,ポイズンメモリを 有効に すれば,激活了毒存储碟,活化了毒記憶碟,Activating เมมโมรีพิษ,Activant Poison Memory,Activating Poison Memory,Activating Poison Memory,Активация Ядовитая Память,Activating Poison Memory,Aktywując: Poison Memory,Activating Poison Memory,Activating Poison Memory,Kích hoạt Kí Ức Độc,Activating Poison Memory,Vid aktivering av Minnesdisk: PEST,Activating Poison Memory
773,SILVALLY,normal,ground,Activating Ground Memory,Activando Disco Tierra,Activating Disco Tierra,Avec l’objet ROM Sol activé,Boden-Disc aktivieren,Attivando ROM Terra,Activating Ground Memory,그라운드메모리[[를]] 통해 폼체인지,グラウンドメモリを 有効に すれば,激活了大地存储碟,活化了大地記憶碟,Activating เมมโมรีดิน,Activant Ground Memory,Activating Ground Memory,Activating Ground Memory,Активация Наземная Память,Activating Ground Memory,Aktywując: Ground Memory,Activating Ground Memory,Activating Ground Memory,Kích hoạt Kí Ức Đất,Activating Ground Memory,Vid aktivering av Minnesdisk: JORD,Activating Ground Memory
773,SILVALLY,normal,rock,Activating Rock Memory,Activando Disco Roca,Activating Disco Roca,Avec l’objet ROM Roche activé,Gesteins-Disc aktivieren,Attivando ROM Roccia,Activating Rock Memory,록메모리[[를]] 통해 폼체인지,ロックメモリを 有効に すれば,激活了岩石存储碟,活化了岩石記憶碟,Activating เมมโมรีหิน,Activant Rock Memory,Activating Rock Memory,Activating Rock Memory,Активация Каменная Память,Activating Rock Memory,Aktywując: Rock Memory,Activating Rock Memory,Activating Rock Memory,Kích hoạt Kí Ức Đá,Activating Rock Memory,Vid aktivering av Minnesdisk: BERG,Activating Rock Memory
773,SILVALLY,normal,bug,Activating Bug Memory,Activando Disco Bicho,Activating Disco Insecto,Avec l’objet ROM Insecte activé,Käfer-Disc aktivieren,Attivando ROM Coleottero,Activating Bug Memory,버그메모리[[를]] 통해 폼체인지,バグメモリを 有効に すれば,激活了虫子存储碟,活化了蟲子記憶碟,Activating เมมโมรีแมลง,Activant Bug Memory,Activating Bug Memory,Activating Bug Memory,Активация Память Насекомых,Activating Bug Memory,Aktywując: Bug Memory,Activating Bug Memory,Activating Bug Memory,Kích hoạt Kí Ức Côn Trùng,Activating Bug Memory,Vid aktivering av Minnesdisk: KRYP,Activating Bug Memory
773,SILVALLY,normal,ghost,Activating Ghost Memory,Activando Disco Fantasma,Activating Disco Fantasma,Avec l’objet ROM Spectre activé,Geister-Disc aktivieren,Attivando ROM Spettro,Activating Ghost Memory,고스트메모리[[를]] 통해 폼체인지,ゴーストメモリを 有効に すれば,激活了幽灵存储碟,活化了幽靈記憶碟,Activating เมมโมรีผี,Activant Ghost Memory,Activating Ghost Memory,Activating Ghost Memory,Активация Призрачная Память,Activating Ghost Memory,Aktywując: Ghost Memory,Activating Ghost Memory,Activating Ghost Memory,Kích hoạt Kí Ức Ma,Activating Ghost Memory,Vid aktivering av Minnesdisk: ANDE,Activating Ghost Memory
773,SILVALLY,normal,steel,Activating Steel Memory,Activando Disco Acero,Activating Disco Acero,Avec l’objet ROM Acier activé,Stahl-Disc aktivieren,Attivando ROM Acciaio,Activating Steel Memory,스틸메모리[[를]] 통해 폼체인지,スチールメモリを 有効に すれば,激活了钢铁存储碟,活化了鋼鐵記憶碟,Activating เมมโมรีโลหะ,Activant Steel Memory,Activating Steel Memory,Activating Steel Memory,Активация Стальная Память,Activating Steel Memory,Aktywując: Steel Memory,Activating Steel Memory,Activating Steel Memory,Kích hoạt Kí Ức Thép,Activating Steel Memory,Vid aktivering av Minnesdisk: JÄRN,Activating Steel Memory
773,SILVALLY,normal,fire,Activating Fire Memory,Activando Disco Fuego,Activating Disco Fuego,Avec l’objet ROM Feu activé,Feuer-Disc aktivieren,Attivando ROM Fuoco,Activating Fire Memory,파이어메모리[[를]] 통해 폼체인지,ファイヤーメモリを 有効に すれば,激活了火焰存储碟,活化了火焰記憶碟,Activating เมมโมรีไฟ,Activant Fire Memory,Activating Fire Memory,Activating Fire Memory,Активация Огненная Память,Activating Fire Memory,Aktywując: Fire Memory,Activating Fire Memory,Activating Fire Memory,Kích hoạt Kí Ức Lửa,Activating Fire Memory,Vid aktivering av Minnesdisk: HETT,Activating Fire Memory
773,SILVALLY,normal,water,Activating Water Memory,Activando Disco Agua,Activating Disco Agua,Avec l’objet ROM Eau activé,Wasser-Disc aktivieren,Attivando ROM Acqua,Activating Water Memory,워터메모리[[를]] 통해 폼체인지,ウオーターメモリを 有効に すれば,激活了清水存储碟,活化了清水記憶碟,Activating เมมโมรีน้ำ,Activant Water Memory,Activating Water Memory,Activating Water Memory,Активация Водная Память,Activating Water Memory,Aktywując: Water Memory,Activating Water Memory,Activating Water Memory,Kích hoạt Kí Ức Nước,Activating Water Memory,Vid aktivering av Minnesdisk: BLÖT,Activating Water Memory
773,SILVALLY,normal,grass,Activating Grass Memory,Activando Disco Planta,Activating Disco Planta,Avec l’objet ROM Plante activé,Pflanzen-Disc aktivieren,Attivando ROM Erba,Activating Grass Memory,그래스메모리[[를]] 통해 폼체인지,グラスメモリを 有効に すれば,激活了青草存储碟,活化了青草記憶碟,Activating เมมโมรีหญ้า,Activant Grass Memory,Activating Grass Memory,Activating Grass Memory,Активация Травяная Память,Activating Grass Memory,Aktywując: Grass Memory,Activating Grass Memory,Activating Grass Memory,Kích hoạt Kí Ức Cỏ,Activating Grass Memory,Vid aktivering av Minnesdisk: FRÖN,Activating Grass Memory
773,SILVALLY,normal,electric,Activating Electric Memory,Activando Disco Eléctrico,Activating Disco Eléctrico,Avec l’objet ROM Électrik activé,Elektro-Disc aktivieren,Attivando ROM Elettro,Activating Electric Memory,일렉트릭메모리[[를]] 통해 폼체인지,エレクトロメモリを 有効に すれば,激活了电子存储碟,活化了電子記憶碟,Activating เมมโมรีไฟฟ้า,Activant Electric Memory,Activating Electric Memory,Activating Electric Memory,Активация Электрическая Память,Activating Electric Memory,Aktywując: Electric Memory,Activating Electric Memory,Activating Electric Memory,Kích hoạt Kí Ức Điện,Activating Electric Memory,Vid aktivering av Minnesdisk: ÅSKA,Activating Electric Memory
773,SILVALLY,normal,psychic,Activating Psychic Memory,Activando Disco Psíquico,Activating Disco Psíquico,Avec l’objet ROM Psy activé,Psycho-Disc aktivieren,Attivando ROM Psico,Activating Psychic Memory,사이킥메모리[[를]] 통해 폼체인지,サイキックメモリを 有効に すれば,激活了精神存储碟,活化了精神記憶碟,Activating เมมโมรีพลังจิต,Activant Psychic Memory,Activating Psychic Memory,Activating Psychic Memory,Активация Психическая Память,Activating Psychic Memory,Aktywując: Psychic Memory,Activating Psychic Memory,Activating Psychic Memory,Kích hoạt Kí Ức Tâm Linh,Activating Psychic Memory,Vid aktivering av Minnesdisk: TÄNK,Activating Psychic Memory
773,SILVALLY,normal,ice,Activating Ice Memory,Activando Disco Hielo,Activating Disco Hielo,Avec l’objet ROM Glace activé,Eis-Disc aktivieren,Attivando ROM Ghiaccio,Activating Ice Memory,아이스메모리[[를]] 통해 폼체인지,アイスメモリを 有効に すれば,激活了冰雪存储碟,活化了冰雪記憶碟,Activating เมมโมรีน้ำแข็ง,Activant Ice Memory,Activating Ice Memory,Activating Ice Memory,Активация Ледяная Память,Activating Ice Memory,Aktywując: Ice Memory,Activating Ice Memory,Activating Ice Memory,Kích hoạt Kí Ức Băng,Activating Ice Memory,Vid aktivering av Minnesdisk: FRYS,Activating Ice Memory
773,SILVALLY,normal,dragon,Activating Dragon Memory,Activando Disco Dragón,Activating Disco Dragón,Avec l’objet ROM Dragon activé,Drachen-Disc aktivieren,Attivando ROM Drago,Activating Dragon Memory,드래곤메모리[[를]] 통해 폼체인지,ドラゴンメモリを 有効に すれば,激活了龙存储碟,活化了龍記憶碟,Activating เมมโมรีมังกร,Activant Dragon Memory,Activating Dragon Memory,Activating Dragon Memory,Активация Драконья Память,Activating Dragon Memory,Aktywując: Dragon Memory,Activating Dragon Memory,Activating Dragon Memory,Kích hoạt Kí Ức Rồng,Activating Dragon Memory,Vid aktivering av Minnesdisk: ÖDLA,Activating Dragon Memory
773,SILVALLY,normal,dark,Activating Dark Memory,Activando Disco Siniestro,Activating Disco Siniestro,Avec l’objet ROM Ténèbres activé,Unlicht-Disc aktivieren,Attivando ROM Buio,Activating Dark Memory,다크메모리[[를]] 통해 폼체인지,ダークメモリを 有効に すれば,激活了黑暗存储碟,活化了黑暗記憶碟,Activating เมมโมรีความมืด,Activant Dark Memory,Activating Dark Memory,Activating Dark Memory,Активация Тёмная Память,Activating Dark Memory,Aktywując: Dark Memory,Activating Dark Memory,Activating Dark Memory,Kích hoạt Kí Ức Bóng Tối,Activating Dark Memory,Vid aktivering av Minnesdisk: SKUM,Activating Dark Memory
773,SILVALLY,normal,fairy,Activating Fairy Memory,Activando Disco Hada,Activating Disco Hada,Avec l’objet ROM Fée activé,Feen-Disc aktivieren,Attivando ROM Folletto,Activating Fairy Memory,페어리메모리[[를]] 통해 폼체인지,フェアリーメモリを 有効に すれば,激活了妖精存储碟,活化了妖精記憶碟,Activating เมมโมรีแฟรี่,Activant Fairy Memory,Activating Fairy Memory,Activating Fairy Memory,Активация Волшебная Память,Activating Fairy Memory,Aktywując: Fairy Memory,Activating Fairy Memory,Activating Fairy Memory,Kích hoạt Kí Ức Tiên,Activating Fairy Memory,Vid aktivering av Minnesdisk: ÄLVA,Activating Fairy Memory
773,SILVALLY,fighting,normal,Deactivating Fighting Memory,Desactivando Disco Lucha,Deactivating Disco Pelea,Avec l’objet ROM Combat désactivé,Kampf-Disc deaktivieren,Disattivando ROM Lotta,Deactivating Fighting Memory,파이팅메모리[[를]] 통해 비활성화,ファイトメモリを 無効に すれば,禁用了战斗存储碟,禁用了戰鬥記憶碟,Deactivating เมมโมรีต่อสู้,Desactivant Fighting Memory,Deactivating Fighting Memory,Deactivating Fighting Memory,Деактивация Боевая Память,Deactivating Fighting Memory,Dezaktywując: Fighting Memory,Deactivating Fighting Memory,Deactivating Fighting Memory,Vô Hiệu Hoá Kí Ức Giác Đấu,Deactivating Fighting Memory,Vid avaktivering av Minnesdisk: NÄVE,Deactivating Fighting Memory
773,SILVALLY,flying,normal,Deactivating Flying Memory,Desactivando Disco Volador,Deactivating Disco Volador,Avec l’objet ROM Vol désactivé,Flug-Disc deaktivieren,Disattivando ROM Volante,Deactivating Flying Memory,플라잉메모리[[를]] 통해 비활성화,フライングメモリを 無効に すれば,禁用了飞翔存储碟,禁用了飛翔記憶碟,Deactivating เมมโมรีบิน,Desactivant Flying Memory,Deactivating Flying Memory,Deactivating Flying Memory,Деактивация Летающая Память,Deactivating Flying Memory,Dezaktywując: Flying Memory,Deactivating Flying Memory,Deactivating Flying Memory,Vô Hiệu Hoá Kí Ức Bay,Deactivating Flying Memory,Vid avaktivering av Minnesdisk: LUFT,Deactivating Flying Memory
773,SILVALLY,poison,normal,Deactivating Poison Memory,Desactivando Disco Veneno,Deactivating Disco Veneno,Avec l’objet ROM Poison désactivé,Gift-Disc deaktivieren,Disattivando ROM Veleno,Deactivating Poison Memory,포이즌메모리[[를]] 통해 비활성화,ポイズンメモリを 無効に すれば,禁用了毒存储碟,禁用了毒記憶碟,Deactivating เมมโมรีพิษ,Desactivant Poison Memory,Deactivating Poison Memory,Deactivating Poison Memory,Деактивация Ядовитая Память,Deactivating Poison Memory,Dezaktywując: Poison Memory,Deactivating Poison Memory,Deactivating Poison Memory,Vô Hiệu Hoá Kí Ức Độc,Deactivating Poison Memory,Vid avaktivering av Minnesdisk: PEST,Deactivating Poison Memory
773,SILVALLY,ground,normal,Deactivating Ground Memory,Desactivando Disco Tierra,Deactivating Disco Tierra,Avec l’objet ROM Sol désactivé,Boden-Disc deaktivieren,Disattivando ROM Terra,Deactivating Ground Memory,그라운드메모리[[를]] 통해 비활성화,グラウンドメモリを 無効に すれば,禁用了大地存储碟,禁用了大地記憶碟,Deactivating เมมโมรีดิน,Desactivant Ground Memory,Deactivating Ground Memory,Deactivating Ground Memory,Деактивация Наземная Память,Deactivating Ground Memory,Dezaktywując: Ground Memory,Deactivating Ground Memory,Deactivating Ground Memory,Vô Hiệu Hoá Kí Ức Đất,Deactivating Ground Memory,Vid avaktivering av Minnesdisk: JORD,Deactivating Ground Memory
773,SILVALLY,rock,normal,Deactivating Rock Memory,Desactivando Disco Roca,Deactivating Disco Roca,Avec l’objet ROM Roche désactivé,Gesteins-Disc deaktivieren,Disattivando ROM Roccia,Deactivating Rock Memory,록메모리[[를]] 통해 비활성화,ロックメモリを 無効に すれば,禁用了岩石存储碟,禁用了岩石記憶碟,Deactivating เมมโมรีหิน,Desactivant Rock Memory,Deactivating Rock Memory,Deactivating Rock Memory,Деактивация Каменная Память,Deactivating Rock Memory,Dezaktywując: Rock Memory,Deactivating Rock Memory,Deactivating Rock Memory,Vô Hiệu Hoá Kí Ức Đá,Deactivating Rock Memory,Vid avaktivering av Minnesdisk: BERG,Deactivating Rock Memory
773,SILVALLY,bug,normal,Deactivating Bug Memory,Desactivando Disco Bicho,Deactivating Disco Insecto,Avec l’objet ROM Insecte désactivé,Käfer-Disc deaktivieren,Disattivando ROM Coleottero,Deactivating Bug Memory,버그메모리[[를]] 통해 비활성화,バグメモリを 無効に すれば,禁用了虫子存储碟,禁用了蟲子記憶碟,Deactivating เมมโมรีแมลง,Desactivant Bug Memory,Deactivating Bug Memory,Deactivating Bug Memory,Деактивация Память Насекомых,Deactivating Bug Memory,Dezaktywując: Bug Memory,Deactivating Bug Memory,Deactivating Bug Memory,Vô Hiệu Hoá Kí Ức Côn Trùng,Deactivating Bug Memory,Vid avaktivering av Minnesdisk: KRYP,Deactivating Bug Memory
773,SILVALLY,ghost,normal,Deactivating Ghost Memory,Desactivando Disco Fantasma,Deactivating Disco Fantasma,Avec l’objet ROM Spectre désactivé,Geister-Disc deaktivieren,Disattivando ROM Spettro,Deactivating Ghost Memory,고스트메모리[[를]] 통해 비활성화,ゴーストメモリを 無効に すれば,禁用了幽灵存储碟,禁用了幽靈記憶碟,Deactivating เมมโมรีผี,Desactivant Ghost Memory,Deactivating Ghost Memory,Deactivating Ghost Memory,Деактивация Призрачная Память,Deactivating Ghost Memory,Dezaktywując: Ghost Memory,Deactivating Ghost Memory,Deactivating Ghost Memory,Vô Hiệu Hoá Kí Ức Ma,Deactivating Ghost Memory,Vid avaktivering av Minnesdisk: ANDE,Deactivating Ghost Memory
773,SILVALLY,steel,normal,Deactivating Steel Memory,Desactivando Disco Acero,Deactivating Disco Acero,Avec l’objet ROM Acier désactivé,Stahl-Disc deaktivieren,Disattivando ROM Acciaio,Deactivating Steel Memory,스틸메모리[[를]] 통해 비활성화,スチールメモリを 無効に すれば,禁用了钢铁存储碟,禁用了鋼鐵記憶碟,Deactivating เมมโมรีโลหะ,Desactivant Steel Memory,Deactivating Steel Memory,Deactivating Steel Memory,Деактивация Стальная Память,Deactivating Steel Memory,Dezaktywując: Steel Memory,Deactivating Steel Memory,Deactivating Steel Memory,Vô Hiệu Hoá Kí Ức Thép,Deactivating Steel Memory,Vid avaktivering av Minnesdisk: JÄRN,Deactivating Steel Memory
773,SILVALLY,fire,normal,Deactivating Fire Memory,Desactivando Disco Fuego,Deactivating Disco Fuego,Avec l’objet ROM Feu désactivé,Feuer-Disc deaktivieren,Disattivando ROM Fuoco,Deactivating Fire Memory,파이어메모리[[를]] 통해 비활성화,ファイヤーメモリを 無効に すれば,禁用了火焰存储碟,禁用了火焰記憶碟,Deactivating เมมโมรีไฟ,Desactivant Fire Memory,Deactivating Fire Memory,Deactivating Fire Memory,Деактивация Огненная Память,Deactivating Fire Memory,Dezaktywując: Fire Memory,Deactivating Fire Memory,Deactivating Fire Memory,Vô Hiệu Hoá Kí Ức Lửa,Deactivating Fire Memory,Vid avaktivering av Minnesdisk: HETT,Deactivating Fire Memory
773,SILVALLY,water,normal,Deactivating Water Memory,Desactivando Disco Agua,Deactivating Disco Agua,Avec l’objet ROM Eau désactivé,Wasser-Disc deaktivieren,Disattivando ROM Acqua,Deactivating Water Memory,워터메모리[[를]] 통해 비활성화,ウオーターメモリを 無効に すれば,禁用了清水存储碟,禁用了清水記憶碟,Deactivating เมมโมรีน้ำ,Desactivant Water Memory,Deactivating Water Memory,Deactivating Water Memory,Деактивация Водная Память,Deactivating Water Memory,Dezaktywując: Water Memory,Deactivating Water Memory,Deactivating Water Memory,Vô Hiệu Hoá Kí Ức Nước,Deactivating Water Memory,Vid avaktivering av Minnesdisk: BLÖT,Deactivating Water Memory
773,SILVALLY,grass,normal,Deactivating Grass Memory,Desactivando Disco Planta,Deactivating Disco Planta,Avec l’objet ROM Plante désactivé,Pflanzen-Disc deaktivieren,Disattivando ROM Erba,Deactivating Grass Memory,그래스메모리[[를]] 통해 비활성화,グラスメモリを 無効に すれば,禁用了青草存储碟,禁用了青草記憶碟,Deactivating เมมโมรีหญ้า,Desactivant Grass Memory,Deactivating Grass Memory,Deactivating Grass Memory,Деактивация Травяная Память,Deactivating Grass Memory,Dezaktywując: Grass Memory,Deactivating Grass Memory,Deactivating Grass Memory,Vô Hiệu Hoá Kí Ức Cỏ,Deactivating Grass Memory,Vid avaktivering av Minnesdisk: FRÖN,Deactivating Grass Memory
773,SILVALLY,electric,normal,Deactivating Electric Memory,Desactivando Disco Eléctrico,Deactivating Disco Eléctrico,Avec l’objet ROM Électrik désactivé,Elektro-Disc deaktivieren,Disattivando ROM Elettro,Deactivating Electric Memory,일렉트릭메모리[[를]] 통해 비활성화,エレクトロメモリを 無効に すれば,禁用了电子存储碟,禁用了電子記憶碟,Deactivating เมมโมรีไฟฟ้า,Desactivant Electric Memory,Deactivating Electric Memory,Deactivating Electric Memory,Деактивация Электрическая Память,Deactivating Electric Memory,Dezaktywując: Electric Memory,Deactivating Electric Memory,Deactivating Electric Memory,Vô Hiệu Hoá Kí Ức Điện,Deactivating Electric Memory,Vid avaktivering av Minnesdisk: ÅSKA,Deactivating Electric Memory
773,SILVALLY,psychic,normal,Deactivating Psychic Memory,Desactivando Disco Psíquico,Deactivating Disco Psíquico,Avec l’objet ROM Psy désactivé,Psycho-Disc deaktivieren,Disattivando ROM Psico,Deactivating Psychic Memory,사이킥메모리[[를]] 통해 비활성화,サイキックメモリを 無効に すれば,禁用了精神存储碟,禁用了精神記憶碟,Deactivating เมมโมรีพลังจิต,Desactivant Psychic Memory,Deactivating Psychic Memory,Deactivating Psychic Memory,Деактивация Психическая Память,Deactivating Psychic Memory,Dezaktywując: Psychic Memory,Deactivating Psychic Memory,Deactivating Psychic Memory,Vô Hiệu Hoá Kí Ức Tâm Linh,Deactivating Psychic Memory,Vid avaktivering av Minnesdisk: TÄNK,Deactivating Psychic Memory
773,SILVALLY,ice,normal,Deactivating Ice Memory,Desactivando Disco Hielo,Deactivating Disco Hielo,Avec l’objet ROM Glace désactivé,Eis-Disc deaktivieren,Disattivando ROM Ghiaccio,Deactivating Ice Memory,아이스메모리[[를]] 통해 비활성화,アイスメモリを 無効に すれば,禁用了冰雪存储碟,禁用了冰雪記憶碟,Deactivating เมมโมรีน้ำแข็ง,Desactivant Ice Memory,Deactivating Ice Memory,Deactivating Ice Memory,Деактивация Ледяная Память,Deactivating Ice Memory,Dezaktywując: Ice Memory,Deactivating Ice Memory,Deactivating Ice Memory,Vô Hiệu Hoá Kí Ức Băng,Deactivating Ice Memory,Vid avaktivering av Minnesdisk: FRYS,Deactivating Ice Memory
773,SILVALLY,dragon,normal,Deactivating Dragon Memory,Desactivando Disco Dragón,Deactivating Disco Dragón,Avec l’objet ROM Dragon désactivé,Drachen-Disc deaktivieren,Disattivando ROM Drago,Deactivating Dragon Memory,드래곤메모리[[를]] 통해 비활성화,ドラゴンメモリを 無効に すれば,禁用了龙存储碟,禁用了龍記憶碟,Deactivating เมมโมรีมังกร,Desactivant Dragon Memory,Deactivating Dragon Memory,Deactivating Dragon Memory,Деактивация Драконья Память,Deactivating Dragon Memory,Dezaktywując: Dragon Memory,Deactivating Dragon Memory,Deactivating Dragon Memory,Vô Hiệu Hoá Kí Ức Rồng,Deactivating Dragon Memory,Vid avaktivering av Minnesdisk: ÖDLA,Deactivating Dragon Memory
773,SILVALLY,dark,normal,Deactivating Dark Memory,Desactivando Disco Siniestro,Deactivating Disco Siniestro,Avec l’objet ROM Ténèbres désactivé,Unlicht-Disc deaktivieren,Disattivando ROM Buio,Deactivating Dark Memory,다크메모리[[를]] 통해 비활성화,ダークメモリを 無効に すれば,禁用了黑暗存储碟,禁用了黑暗記憶碟,Deactivating เมมโมรีความมืด,Desactivant Dark Memory,Deactivating Dark Memory,Deactivating Dark Memory,Деактивация Тёмная Память,Deactivating Dark Memory,Dezaktywując: Dark Memory,Deactivating Dark Memory,Deactivating Dark Memory,Vô Hiệu Hoá Kí Ức Bóng Tối,Deactivating Dark Memory,Vid avaktivering av Minnesdisk: SKUM,Deactivating Dark Memory
773,SILVALLY,fairy,normal,Deactivating Fairy Memory,Desactivando Disco Hada,Deactivating Disco Hada,Avec l’objet ROM Fée désactivé,Feen-Disc deaktivieren,Disattivando ROM Folletto,Deactivating Fairy Memory,페어리메모리[[를]] 통해 비활성화,フェアリーメモリを 無効に すれば,禁用了妖精存储碟,禁用了妖精記憶碟,Deactivating เมมโมรีแฟรี่,Desactivant Fairy Memory,Deactivating Fairy Memory,Deactivating Fairy Memory,Деактивация Волшебная Память,Deactivating Fairy Memory,Dezaktywując: Fairy Memory,Deactivating Fairy Memory,Deactivating Fairy Memory,Vô Hiệu Hoá Kí Ức Tiên,Deactivating Fairy Memory,Vid avaktivering av Minnesdisk: ÄLVA,Deactivating Fairy Memory
774,MINIOR,red-meteor,red,Due to its ability,Debido a su habilidad,Due to its ability,Due à son talent,Durch seine Fähigkeit,Tramite la sua abilità,Due to its ability,특성을 통해 폼체인지,特性により,由于其特性,由於其特性,Due to its ability,A causa de la seva habilitat,Due to its ability,Due to its ability,Из-за его способности,Due to its ability,Due to its ability,Due to its ability,Due to its ability,Bởi đặc tính của nó,Due to its ability,På grund av dess särdrag,Due to its ability
774,MINIOR,red,red-meteor,Due to its ability,Debido a su habilidad,Due to its ability,Due à son talent,Durch seine Fähigkeit,Tramite la sua abilità,Due to its ability,특성을 통해 폼체인지,特性により,由于其特性,由於其特性,Due to its ability,A causa de la seva habilitat,Due to its ability,Due to its ability,Из-за его способности,Due to its ability,Due to its ability,Due to its ability,Due to its ability,Bởi đặc tính của nó,Due to its ability,På grund av dess särdrag,Due to its ability
774,MINIOR,orange-meteor,orange,Due to its ability,Debido a su habilidad,Due to its ability,Due à son talent,Durch seine Fähigkeit,Tramite la sua abilità,Due to its ability,특성을 통해 폼체인지,特性により,由于其特性,由於其特性,Due to its ability,A causa de la seva habilitat,Due to its ability,Due to its ability,Из-за его способности,Due to its ability,Due to its ability,Due to its ability,Due to its ability,Bởi đặc tính của nó,Due to its ability,På grund av dess särdrag,Due to its ability
774,MINIOR,orange,orange-meteor,Due to its ability,Debido a su habilidad,Due to its ability,Due à son talent,Durch seine Fähigkeit,Tramite la sua abilità,Due to its ability,특성을 통해 폼체인지,特性により,由于其特性,由於其特性,Due to its ability,A causa de la seva habilitat,Due to its ability,Due to its ability,Из-за его способности,Due to its ability,Due to its ability,Due to its ability,Due to its ability,Bởi đặc tính của nó,Due to its ability,På grund av dess särdrag,Due to its ability
774,MINIOR,yellow-meteor,yellow,Due to its ability,Debido a su habilidad,Due to its ability,Due à son talent,Durch seine Fähigkeit,Tramite la sua abilità,Due to its ability,특성을 통해 폼체인지,特性により,由于其特性,由於其特性,Due to its ability,A causa de la seva habilitat,Due to its ability,Due to its ability,Из-за его способности,Due to its ability,Due to its ability,Due to its ability,Due to its ability,Bởi đặc tính của nó,Due to its ability,På grund av dess särdrag,Due to its ability
774,MINIOR,yellow,yellow-meteor,Due to its ability,Debido a su habilidad,Due to its ability,Due à son talent,Durch seine Fähigkeit,Tramite la sua abilità,Due to its ability,특성을 통해 폼체인지,特性により,由于其特性,由於其特性,Due to its ability,A causa de la seva habilitat,Due to its ability,Due to its ability,Из-за его способности,Due to its ability,Due to its ability,Due to its ability,Due to its ability,Bởi đặc tính của nó,Due to its ability,På grund av dess särdrag,Due to its ability
774,MINIOR,green-meteor,green,Due to its ability,Debido a su habilidad,Due to its ability,Due à son talent,Durch seine Fähigkeit,Tramite la sua abilità,Due to its ability,특성을 통해 폼체인지,特性により,由于其特性,由於其特性,Due to its ability,A causa de la seva habilitat,Due to its ability,Due to its ability,Из-за его способности,Due to its ability,Due to its ability,Due to its ability,Due to its ability,Bởi đặc tính của nó,Due to its ability,På grund av dess särdrag,Due to its ability
774,MINIOR,green,green-meteor,Due to its ability,Debido a su habilidad,Due to its ability,Due à son talent,Durch seine Fähigkeit,Tramite la sua abilità,Due to its ability,특성을 통해 폼체인지,特性により,由于其特性,由於其特性,Due to its ability,A causa de la seva habilitat,Due to its ability,Due to its ability,Из-за его способности,Due to its ability,Due to its ability,Due to its ability,Due to its ability,Bởi đặc tính của nó,Due to its ability,På grund av dess särdrag,Due to its ability
774,MINIOR,blue-meteor,blue,Due to its ability,Debido a su habilidad,Due to its ability,Due à son talent,Durch seine Fähigkeit,Tramite la sua abilità,Due to its ability,특성을 통해 폼체인지,特性により,由于其特性,由於其特性,Due to its ability,A causa de la seva habilitat,Due to its ability,Due to its ability,Из-за его способности,Due to its ability,Due to its ability,Due to its ability,Due to its ability,Bởi đặc tính của nó,Due to its ability,På grund av dess särdrag,Due to its ability
774,MINIOR,blue,blue-meteor,Due to its ability,Debido a su habilidad,Due to its ability,Due à son talent,Durch seine Fähigkeit,Tramite la sua abilità,Due to its ability,특성을 통해 폼체인지,特性により,由于其特性,由於其特性,Due to its ability,A causa de la seva habilitat,Due to its ability,Due to its ability,Из-за его способности,Due to its ability,Due to its ability,Due to its ability,Due to its ability,Bởi đặc tính của nó,Due to its ability,På grund av dess särdrag,Due to its ability
774,MINIOR,indigo-meteor,indigo,Due to its ability,Debido a su habilidad,Due to its ability,Due à son talent,Durch seine Fähigkeit,Tramite la sua abilità,Due to its ability,특성을 통해 폼체인지,特性により,由于其特性,由於其特性,Due to its ability,A causa de la seva habilitat,Due to its ability,Due to its ability,Из-за его способности,Due to its ability,Due to its ability,Due to its ability,Due to its ability,Bởi đặc tính của nó,Due to its ability,På grund av dess särdrag,Due to its ability
774,MINIOR,indigo,indigo-meteor,Due to its ability,Debido a su habilidad,Due to its ability,Due à son talent,Durch seine Fähigkeit,Tramite la sua abilità,Due to its ability,특성을 통해 폼체인지,特性により,由于其特性,由於其特性,Due to its ability,A causa de la seva habilitat,Due to its ability,Due to its ability,Из-за его способности,Due to its ability,Due to its ability,Due to its ability,Due to its ability,Bởi đặc tính của nó,Due to its ability,På grund av dess särdrag,Due to its ability
774,MINIOR,violet-meteor,violet,Due to its ability,Debido a su habilidad,Due to its ability,Due à son talent,Durch seine Fähigkeit,Tramite la sua abilità,Due to its ability,특성을 통해 폼체인지,特性により,由于其特性,由於其特性,Due to its ability,A causa de la seva habilitat,Due to its ability,Due to its ability,Из-за его способности,Due to its ability,Due to its ability,Due to its ability,Due to its ability,Bởi đặc tính của nó,Due to its ability,På grund av dess särdrag,Due to its ability
774,MINIOR,violet,violet-meteor,Due to its ability,Debido a su habilidad,Due to its ability,Due à son talent,Durch seine Fähigkeit,Tramite la sua abilità,Due to its ability,특성을 통해 폼체인지,特性により,由于其特性,由於其特性,Due to its ability,A causa de la seva habilitat,Due to its ability,Due to its ability,Из-за его способности,Due to its ability,Due to its ability,Due to its ability,Due to its ability,Bởi đặc tính của nó,Due to its ability,På grund av dess särdrag,Due to its ability
778,MIMIKYU,disguised,busted,Due to its ability,Debido a su habilidad,Due to its ability,Due à son talent,Durch seine Fähigkeit,Tramite la sua abilità,Due to its ability,특성을 통해 폼체인지,特性により,由于其特性,由於其特性,Due to its ability,A causa de la seva habilitat,Due to its ability,Due to its ability,Из-за его способности,Due to its ability,Due to its ability,Due to its ability,Due to its ability,Bởi đặc tính của nó,Due to its ability,På grund av dess särdrag,Due to its ability
778,MIMIKYU,busted,disguised,Due to its ability,Debido a su habilidad,Due to its ability,Due à son talent,Durch seine Fähigkeit,Tramite la sua abilità,Due to its ability,특성을 통해 폼체인지,特性により,由于其特性,由於其特性,Due to its ability,A causa de la seva habilitat,Due to its ability,Due to its ability,Из-за его способности,Due to its ability,Due to its ability,Due to its ability,Due to its ability,Bởi đặc tính của nó,Due to its ability,På grund av dess särdrag,Due to its ability
780,DRAMPA,,mega,Activating Drampanite,Activando Drampanita,Activating Drampanita,Avec l’objet Draïeulite activé,Sen-Longnit aktivieren,Attivando Drampite,Activating Drampanite,할비롱나이트[[를]] 통해 폼체인지,ジジーロナイトを 有効に すれば,激活了老翁龙进化石,活化了老翁龍進化石,Activating Drampanite,Activant Drampanite,Activating Drampanite,Activating Drampanite,Активация Дрампанит,Activating Drampanite,Aktywując: Drampanit,Activating Drampanite,Activating Drampanite,Kích hoạt Drampanite,Activating Drampanite,Vid aktivering av Drampanit,Activating Drampanite
780,DRAMPA,mega,,Deactivating Drampanite,Desactivando Drampanita,Deactivating Drampanita,Avec l’objet Draïeulite désactivé,Sen-Longnit deaktivieren,Disattivando Drampite,Deactivating Drampanite,할비롱나이트[[를]] 통해 비활성화,ジジーロナイトを 無効に すれば,禁用了老翁龙进化石,禁用了老翁龍進化石,Deactivating Drampanite,Desactivant Drampanite,Deactivating Drampanite,Deactivating Drampanite,Деактивация Дрампанит,Deactivating Drampanite,Dezaktywując: Drampanit,Deactivating Drampanite,Deactivating Drampanite,Vô Hiệu Hoá Drampanite,Deactivating Drampanite,Vid avaktivering av Drampanit,Deactivating Drampanite
800,NECROZMA,,dawn-wings,Activating N Lunarizer,Activando Necroluna,Activating Necroluna,Avec l’objet Necroluna activé,Necrolun aktivieren,Attivando Necrolunix,Activating N Lunarizer,네크로플러스루나[[를]] 통해 폼체인지,ネクロプラスルナを 有効に すれば,激活了奈克洛露奈合体器,活化了奈克洛露奈合體器,Activating N Lunarizer,Activant N Lunarizer,Activating N Lunarizer,Activating N Lunarizer,Активация Лунизатор N,Activating N Lunarizer,Aktywując: N Lunarizer,Activating N Lunarizer,Activating N Lunarizer,Kích hoạt Máy Nguyệt Ấn,Activating N Lunarizer,Vid aktivering av Necro-Luna,Activating N Lunarizer
800,NECROZMA,,dusk-mane,Activating N Solarizer,Activando Necrosol,Activating Necrosol,Avec l’objet Necrosol activé,Necrosol aktivieren,Attivando Necrosolix,Activating N Solarizer,네크로플러스솔[[를]] 통해 폼체인지,ネクロプラスソルを 有効に すれば,激活了奈克洛索尔合体器,活化了奈克洛索爾合體器,Activating N Solarizer,Activant N Solarizer,Activating N Solarizer,Activating N Solarizer,Активация Соляризатор N,Activating N Solarizer,Aktywując: N Solarizer,Activating N Solarizer,Activating N Solarizer,Kích hoạt Máy Quang Ấn,Activating N Solarizer,Vid aktivering av Necro-Sol,Activating N Solarizer
800,NECROZMA,dawn-wings,ultra,Activating Ultranecrozium Z,Activando Ultranecrostal Z,Activating Ultranecrostal Z,Avec l’objet Ultranécrozélite activé,Ultranecrozium Z aktivieren,Attivando Ultranecrozium Z,Activating Ultranecrozium Z,울트라네크로Z[[를]] 통해 폼체인지,ウルトラネクロＺを 有効に すれば,激活了究极奈克洛Ｚ,活化了究極奈克洛Ｚ,Activating Ultranecrozium Z,Activant Ultranecrozium Z,Activating Ultranecrozium Z,Activating Ultranecrozium Z,Активация Ультранекрозиум Z,Activating Ultranecrozium Z,Aktywując: Ultranecrozium Z,Activating Ultranecrozium Z,Activating Ultranecrozium Z,Kích hoạt Ultranecrozium Z,Activating Ultranecrozium Z,Vid aktivering av Ultranecrozium Z,Activating Ultranecrozium Z
800,NECROZMA,dusk-mane,ultra,Activating Ultranecrozium Z,Activando Ultranecrostal Z,Activating Ultranecrostal Z,Avec l’objet Ultranécrozélite activé,Ultranecrozium Z aktivieren,Attivando Ultranecrozium Z,Activating Ultranecrozium Z,울트라네크로Z[[를]] 통해 폼체인지,ウルトラネクロＺを 有効に すれば,激活了究极奈克洛Ｚ,活化了究極奈克洛Ｚ,Activating Ultranecrozium Z,Activant Ultranecrozium Z,Activating Ultranecrozium Z,Activating Ultranecrozium Z,Активация Ультранекрозиум Z,Activating Ultranecrozium Z,Aktywując: Ultranecrozium Z,Activating Ultranecrozium Z,Activating Ultranecrozium Z,Kích hoạt Ultranecrozium Z,Activating Ultranecrozium Z,Vid aktivering av Ultranecrozium Z,Activating Ultranecrozium Z
800,NECROZMA,dawn-wings,,Deactivating N Lunarizer,Desactivando Necroluna,Deactivating Necroluna,Avec l’objet Necroluna désactivé,Necrolun deaktivieren,Disattivando Necrolunix,Deactivating N Lunarizer,네크로플러스루나[[를]] 통해 비활성화,ネクロプラスルナを 無効に すれば,禁用了奈克洛露奈合体器,禁用了奈克洛露奈合體器,Deactivating N Lunarizer,Desactivant N Lunarizer,Deactivating N Lunarizer,Deactivating N Lunarizer,Деактивация Лунизатор N,Deactivating N Lunarizer,Dezaktywując: N Lunarizer,Deactivating N Lunarizer,Deactivating N Lunarizer,Vô Hiệu Hoá Máy Nguyệt Ấn,Deactivating N Lunarizer,Vid avaktivering av Necro-Luna,Deactivating N Lunarizer
800,NECROZMA,dusk-mane,,Deactivating N Solarizer,Desactivando Necrosol,Deactivating Necrosol,Avec l’objet Necrosol désactivé,Necrosol deaktivieren,Disattivando Necrosolix,Deactivating N Solarizer,네크로플러스솔[[를]] 통해 비활성화,ネクロプラスソルを 無効に すれば,禁用了奈克洛索尔合体器,禁用了奈克洛索爾合體器,Deactivating N Solarizer,Desactivant N Solarizer,Deactivating N Solarizer,Deactivating N Solarizer,Деактивация Соляризатор N,Deactivating N Solarizer,Dezaktywując: N Solarizer,Deactivating N Solarizer,Deactivating N Solarizer,Vô Hiệu Hoá Máy Quang Ấn,Deactivating N Solarizer,Vid avaktivering av Necro-Sol,Deactivating N Solarizer
800,NECROZMA,ultra,dawn-wings,Deactivating Ultranecrozium Z,Desactivando Ultranecrostal Z,Deactivating Ultranecrostal Z,Avec l’objet Ultranécrozélite désactivé,Ultranecrozium Z deaktivieren,Disattivando Ultranecrozium Z,Deactivating Ultranecrozium Z,울트라네크로Z[[를]] 통해 비활성화,ウルトラネクロＺを 無効に すれば,禁用了究极奈克洛Ｚ,禁用了究極奈克洛Ｚ,Deactivating Ultranecrozium Z,Desactivant Ultranecrozium Z,Deactivating Ultranecrozium Z,Deactivating Ultranecrozium Z,Деактивация Ультранекрозиум Z,Deactivating Ultranecrozium Z,Dezaktywując: Ultranecrozium Z,Deactivating Ultranecrozium Z,Deactivating Ultranecrozium Z,Vô Hiệu Hoá Ultranecrozium Z,Deactivating Ultranecrozium Z,Vid avaktivering av Ultranecrozium Z,Deactivating Ultranecrozium Z
800,NECROZMA,ultra,dusk-mane,Deactivating Ultranecrozium Z,Desactivando Ultranecrostal Z,Deactivating Ultranecrostal Z,Avec l’objet Ultranécrozélite désactivé,Ultranecrozium Z deaktivieren,Disattivando Ultranecrozium Z,Deactivating Ultranecrozium Z,울트라네크로Z[[를]] 통해 비활성화,ウルトラネクロＺを 無効に すれば,禁用了究极奈克洛Ｚ,禁用了究極奈克洛Ｚ,Deactivating Ultranecrozium Z,Desactivant Ultranecrozium Z,Deactivating Ultranecrozium Z,Deactivating Ultranecrozium Z,Деактивация Ультранекрозиум Z,Deactivating Ultranecrozium Z,Dezaktywując: Ultranecrozium Z,Deactivating Ultranecrozium Z,Deactivating Ultranecrozium Z,Vô Hiệu Hoá Ultranecrozium Z,Deactivating Ultranecrozium Z,Vid avaktivering av Ultranecrozium Z,Deactivating Ultranecrozium Z
801,MAGEARNA,,mega,Activating Magearnite,Activando Magearnita,Activating Magearnita,Avec l’objet Magearnite activé,Magearnanit aktivieren,Attivando Magearnite,Activating Magearnite,마기아나이트[[를]] 통해 폼체인지,マギアナイトを 有効に すれば,激活了玛机雅娜进化石,活化了瑪機雅娜進化石,Activating Magearnite,Activant Magearnite,Activating Magearnite,Activating Magearnite,Активация Магирнит,Activating Magearnite,Aktywując: Magearnit,Activating Magearnite,Activating Magearnite,Kích hoạt Magearnite,Activating Magearnite,Vid aktivering av Magearnit,Activating Magearnite
801,MAGEARNA,original,mega-original,Activating Magearnite,Activando Magearnita,Activating Magearnita,Avec l’objet Magearnite activé,Magearnanit aktivieren,Attivando Magearnite,Activating Magearnite,마기아나이트[[를]] 통해 폼체인지,マギアナイトを 有効に すれば,激活了玛机雅娜进化石,活化了瑪機雅娜進化石,Activating Magearnite,Activant Magearnite,Activating Magearnite,Activating Magearnite,Активация Магирнит,Activating Magearnite,Aktywując: Magearnit,Activating Magearnite,Activating Magearnite,Kích hoạt Magearnite,Activating Magearnite,Vid aktivering av Magearnit,Activating Magearnite
801,MAGEARNA,mega,,Deactivating Magearnite,Desactivando Magearnita,Deactivating Magearnita,Avec l’objet Magearnite désactivé,Magearnanit deaktivieren,Disattivando Magearnite,Deactivating Magearnite,마기아나이트[[를]] 통해 비활성화,マギアナイトを 無効に すれば,禁用了玛机雅娜进化石,禁用了瑪機雅娜進化石,Deactivating Magearnite,Desactivant Magearnite,Deactivating Magearnite,Deactivating Magearnite,Деактивация Магирнит,Deactivating Magearnite,Dezaktywując: Magearnit,Deactivating Magearnite,Deactivating Magearnite,Vô Hiệu Hoá Magearnite,Deactivating Magearnite,Vid avaktivering av Magearnit,Deactivating Magearnite
801,MAGEARNA,mega-original,original,Deactivating Magearnite,Desactivando Magearnita,Deactivating Magearnita,Avec l’objet Magearnite désactivé,Magearnanit deaktivieren,Disattivando Magearnite,Deactivating Magearnite,마기아나이트[[를]] 통해 비활성화,マギアナイトを 無効に すれば,禁用了玛机雅娜进化石,禁用了瑪機雅娜進化石,Deactivating Magearnite,Desactivant Magearnite,Deactivating Magearnite,Deactivating Magearnite,Деактивация Магирнит,Deactivating Magearnite,Dezaktywując: Magearnit,Deactivating Magearnite,Deactivating Magearnite,Vô Hiệu Hoá Magearnite,Deactivating Magearnite,Vid avaktivering av Magearnit,Deactivating Magearnite
807,ZERAORA,,mega,Activating Zeraorite,Activando Zeraoranita,Activating Zeraoranita,Avec l’objet Zeraorite activé,Zeraoranit aktivieren,Attivando Zeraorite,Activating Zeraorite,제라오라나이트[[를]] 통해 폼체인지,ゼラオラナイトを 有効に すれば,激活了捷拉奥拉进化石,活化了捷拉奧拉進化石,Activating Zeraorite,Activant Zeraorite,Activating Zeraorite,Activating Zeraorite,Активация Зераорит,Activating Zeraorite,Aktywując: Zeraoratyt,Activating Zeraorite,Activating Zeraorite,Kích hoạt Zeraorite,Activating Zeraorite,Vid aktivering av Zeraorit,Activating Zeraorite
807,ZERAORA,mega,,Deactivating Zeraorite,Desactivando Zeraoranita,Deactivating Zeraoranita,Avec l’objet Zeraorite désactivé,Zeraoranit deaktivieren,Disattivando Zeraorite,Deactivating Zeraorite,제라오라나이트[[를]] 통해 비활성화,ゼラオラナイトを 無効に すれば,禁用了捷拉奥拉进化石,禁用了捷拉奧拉進化石,Deactivating Zeraorite,Desactivant Zeraorite,Deactivating Zeraorite,Deactivating Zeraorite,Деактивация Зераорит,Deactivating Zeraorite,Dezaktywując: Zeraoratyt,Deactivating Zeraorite,Deactivating Zeraorite,Vô Hiệu Hoá Zeraorite,Deactivating Zeraorite,Vid avaktivering av Zeraorit,Deactivating Zeraorite
809,MELMETAL,,gigantamax,Activating Max Mushrooms,Activando Maxisetas,Activating Maxihongo,Avec l’objet Maxi Champis activé,Dyna-Pilz aktivieren,Attivando Fungomax,Activating Max Mushrooms,다이버섯[[를]] 통해 폼체인지,ダイキノコを 有効に すれば,激活了极巨菇菇,活化了極巨菇菇,Activating Max Mushrooms,Activant Max Mushrooms,Activating Max Mushrooms,Activating Maksi Mantarlar,Активация Макс-Грибы,Activating Max Mushrooms,Aktywując: Max Mushrooms,Activating Jamur Max,Activating मैक्स मुशरूम,Kích hoạt Nấm Max,Activating Max Mushrooms,Vid aktivering av Maxsvampar,Activating Max Mushrooms
809,MELMETAL,gigantamax,,Deactivating Max Mushrooms,Desactivando Maxisetas,Deactivating Maxihongo,Avec l’objet Maxi Champis désactivé,Dyna-Pilz deaktivieren,Disattivando Fungomax,Deactivating Max Mushrooms,다이버섯[[를]] 통해 비활성화,ダイキノコを 無効に すれば,禁用了极巨菇菇,禁用了極巨菇菇,Deactivating Max Mushrooms,Desactivant Max Mushrooms,Deactivating Max Mushrooms,Deactivating Maksi Mantarlar,Деактивация Макс-Грибы,Deactivating Max Mushrooms,Dezaktywując: Max Mushrooms,Deactivating Jamur Max,Deactivating मैक्स मुशरूम,Vô Hiệu Hoá Nấm Max,Deactivating Max Mushrooms,Vid avaktivering av Maxsvampar,Deactivating Max Mushrooms
812,RILLABOOM,,gigantamax,Activating Max Mushrooms,Activando Maxisetas,Activating Maxihongo,Avec l’objet Maxi Champis activé,Dyna-Pilz aktivieren,Attivando Fungomax,Activating Max Mushrooms,다이버섯[[를]] 통해 폼체인지,ダイキノコを 有効に すれば,激活了极巨菇菇,活化了極巨菇菇,Activating Max Mushrooms,Activant Max Mushrooms,Activating Max Mushrooms,Activating Maksi Mantarlar,Активация Макс-Грибы,Activating Max Mushrooms,Aktywując: Max Mushrooms,Activating Jamur Max,Activating मैक्स मुशरूम,Kích hoạt Nấm Max,Activating Max Mushrooms,Vid aktivering av Maxsvampar,Activating Max Mushrooms
812,RILLABOOM,gigantamax,,Deactivating Max Mushrooms,Desactivando Maxisetas,Deactivating Maxihongo,Avec l’objet Maxi Champis désactivé,Dyna-Pilz deaktivieren,Disattivando Fungomax,Deactivating Max Mushrooms,다이버섯[[를]] 통해 비활성화,ダイキノコを 無効に すれば,禁用了极巨菇菇,禁用了極巨菇菇,Deactivating Max Mushrooms,Desactivant Max Mushrooms,Deactivating Max Mushrooms,Deactivating Maksi Mantarlar,Деактивация Макс-Грибы,Deactivating Max Mushrooms,Dezaktywując: Max Mushrooms,Deactivating Jamur Max,Deactivating मैक्स मुशरूम,Vô Hiệu Hoá Nấm Max,Deactivating Max Mushrooms,Vid avaktivering av Maxsvampar,Deactivating Max Mushrooms
815,CINDERACE,,gigantamax,Activating Max Mushrooms,Activando Maxisetas,Activating Maxihongo,Avec l’objet Maxi Champis activé,Dyna-Pilz aktivieren,Attivando Fungomax,Activating Max Mushrooms,다이버섯[[를]] 통해 폼체인지,ダイキノコを 有効に すれば,激活了极巨菇菇,活化了極巨菇菇,Activating Max Mushrooms,Activant Max Mushrooms,Activating Max Mushrooms,Activating Maksi Mantarlar,Активация Макс-Грибы,Activating Max Mushrooms,Aktywując: Max Mushrooms,Activating Jamur Max,Activating मैक्स मुशरूम,Kích hoạt Nấm Max,Activating Max Mushrooms,Vid aktivering av Maxsvampar,Activating Max Mushrooms
815,CINDERACE,gigantamax,,Deactivating Max Mushrooms,Desactivando Maxisetas,Deactivating Maxihongo,Avec l’objet Maxi Champis désactivé,Dyna-Pilz deaktivieren,Disattivando Fungomax,Deactivating Max Mushrooms,다이버섯[[를]] 통해 비활성화,ダイキノコを 無効に すれば,禁用了极巨菇菇,禁用了極巨菇菇,Deactivating Max Mushrooms,Desactivant Max Mushrooms,Deactivating Max Mushrooms,Deactivating Maksi Mantarlar,Деактивация Макс-Грибы,Deactivating Max Mushrooms,Dezaktywując: Max Mushrooms,Deactivating Jamur Max,Deactivating मैक्स मुशरूम,Vô Hiệu Hoá Nấm Max,Deactivating Max Mushrooms,Vid avaktivering av Maxsvampar,Deactivating Max Mushrooms
818,INTELEON,,gigantamax,Activating Max Mushrooms,Activando Maxisetas,Activating Maxihongo,Avec l’objet Maxi Champis activé,Dyna-Pilz aktivieren,Attivando Fungomax,Activating Max Mushrooms,다이버섯[[를]] 통해 폼체인지,ダイキノコを 有効に すれば,激活了极巨菇菇,活化了極巨菇菇,Activating Max Mushrooms,Activant Max Mushrooms,Activating Max Mushrooms,Activating Maksi Mantarlar,Активация Макс-Грибы,Activating Max Mushrooms,Aktywując: Max Mushrooms,Activating Jamur Max,Activating मैक्स मुशरूम,Kích hoạt Nấm Max,Activating Max Mushrooms,Vid aktivering av Maxsvampar,Activating Max Mushrooms
818,INTELEON,gigantamax,,Deactivating Max Mushrooms,Desactivando Maxisetas,Deactivating Maxihongo,Avec l’objet Maxi Champis désactivé,Dyna-Pilz deaktivieren,Disattivando Fungomax,Deactivating Max Mushrooms,다이버섯[[를]] 통해 비활성화,ダイキノコを 無効に すれば,禁用了极巨菇菇,禁用了極巨菇菇,Deactivating Max Mushrooms,Desactivant Max Mushrooms,Deactivating Max Mushrooms,Deactivating Maksi Mantarlar,Деактивация Макс-Грибы,Deactivating Max Mushrooms,Dezaktywując: Max Mushrooms,Deactivating Jamur Max,Deactivating मैक्स मुशरूम,Vô Hiệu Hoá Nấm Max,Deactivating Max Mushrooms,Vid avaktivering av Maxsvampar,Deactivating Max Mushrooms
823,CORVIKNIGHT,,gigantamax,Activating Max Mushrooms,Activando Maxisetas,Activating Maxihongo,Avec l’objet Maxi Champis activé,Dyna-Pilz aktivieren,Attivando Fungomax,Activating Max Mushrooms,다이버섯[[를]] 통해 폼체인지,ダイキノコを 有効に すれば,激活了极巨菇菇,活化了極巨菇菇,Activating Max Mushrooms,Activant Max Mushrooms,Activating Max Mushrooms,Activating Maksi Mantarlar,Активация Макс-Грибы,Activating Max Mushrooms,Aktywując: Max Mushrooms,Activating Jamur Max,Activating मैक्स मुशरूम,Kích hoạt Nấm Max,Activating Max Mushrooms,Vid aktivering av Maxsvampar,Activating Max Mushrooms
823,CORVIKNIGHT,gigantamax,,Deactivating Max Mushrooms,Desactivando Maxisetas,Deactivating Maxihongo,Avec l’objet Maxi Champis désactivé,Dyna-Pilz deaktivieren,Disattivando Fungomax,Deactivating Max Mushrooms,다이버섯[[를]] 통해 비활성화,ダイキノコを 無効に すれば,禁用了极巨菇菇,禁用了極巨菇菇,Deactivating Max Mushrooms,Desactivant Max Mushrooms,Deactivating Max Mushrooms,Deactivating Maksi Mantarlar,Деактивация Макс-Грибы,Deactivating Max Mushrooms,Dezaktywując: Max Mushrooms,Deactivating Jamur Max,Deactivating मैक्स मुशरूम,Vô Hiệu Hoá Nấm Max,Deactivating Max Mushrooms,Vid avaktivering av Maxsvampar,Deactivating Max Mushrooms
826,ORBEETLE,,gigantamax,Activating Max Mushrooms,Activando Maxisetas,Activating Maxihongo,Avec l’objet Maxi Champis activé,Dyna-Pilz aktivieren,Attivando Fungomax,Activating Max Mushrooms,다이버섯[[를]] 통해 폼체인지,ダイキノコを 有効に すれば,激活了极巨菇菇,活化了極巨菇菇,Activating Max Mushrooms,Activant Max Mushrooms,Activating Max Mushrooms,Activating Maksi Mantarlar,Активация Макс-Грибы,Activating Max Mushrooms,Aktywując: Max Mushrooms,Activating Jamur Max,Activating मैक्स मुशरूम,Kích hoạt Nấm Max,Activating Max Mushrooms,Vid aktivering av Maxsvampar,Activating Max Mushrooms
826,ORBEETLE,gigantamax,,Deactivating Max Mushrooms,Desactivando Maxisetas,Deactivating Maxihongo,Avec l’objet Maxi Champis désactivé,Dyna-Pilz deaktivieren,Disattivando Fungomax,Deactivating Max Mushrooms,다이버섯[[를]] 통해 비활성화,ダイキノコを 無効に すれば,禁用了极巨菇菇,禁用了極巨菇菇,Deactivating Max Mushrooms,Desactivant Max Mushrooms,Deactivating Max Mushrooms,Deactivating Maksi Mantarlar,Деактивация Макс-Грибы,Deactivating Max Mushrooms,Dezaktywując: Max Mushrooms,Deactivating Jamur Max,Deactivating मैक्स मुशरूम,Vô Hiệu Hoá Nấm Max,Deactivating Max Mushrooms,Vid avaktivering av Maxsvampar,Deactivating Max Mushrooms
834,DREDNAW,,gigantamax,Activating Max Mushrooms,Activando Maxisetas,Activating Maxihongo,Avec l’objet Maxi Champis activé,Dyna-Pilz aktivieren,Attivando Fungomax,Activating Max Mushrooms,다이버섯[[를]] 통해 폼체인지,ダイキノコを 有効に すれば,激活了极巨菇菇,活化了極巨菇菇,Activating Max Mushrooms,Activant Max Mushrooms,Activating Max Mushrooms,Activating Maksi Mantarlar,Активация Макс-Грибы,Activating Max Mushrooms,Aktywując: Max Mushrooms,Activating Jamur Max,Activating मैक्स मुशरूम,Kích hoạt Nấm Max,Activating Max Mushrooms,Vid aktivering av Maxsvampar,Activating Max Mushrooms
834,DREDNAW,gigantamax,,Deactivating Max Mushrooms,Desactivando Maxisetas,Deactivating Maxihongo,Avec l’objet Maxi Champis désactivé,Dyna-Pilz deaktivieren,Disattivando Fungomax,Deactivating Max Mushrooms,다이버섯[[를]] 통해 비활성화,ダイキノコを 無効に すれば,禁用了极巨菇菇,禁用了極巨菇菇,Deactivating Max Mushrooms,Desactivant Max Mushrooms,Deactivating Max Mushrooms,Deactivating Maksi Mantarlar,Деактивация Макс-Грибы,Deactivating Max Mushrooms,Dezaktywując: Max Mushrooms,Deactivating Jamur Max,Deactivating मैक्स मुशरूम,Vô Hiệu Hoá Nấm Max,Deactivating Max Mushrooms,Vid avaktivering av Maxsvampar,Deactivating Max Mushrooms
839,COALOSSAL,,gigantamax,Activating Max Mushrooms,Activando Maxisetas,Activating Maxihongo,Avec l’objet Maxi Champis activé,Dyna-Pilz aktivieren,Attivando Fungomax,Activating Max Mushrooms,다이버섯[[를]] 통해 폼체인지,ダイキノコを 有効に すれば,激活了极巨菇菇,活化了極巨菇菇,Activating Max Mushrooms,Activant Max Mushrooms,Activating Max Mushrooms,Activating Maksi Mantarlar,Активация Макс-Грибы,Activating Max Mushrooms,Aktywując: Max Mushrooms,Activating Jamur Max,Activating मैक्स मुशरूम,Kích hoạt Nấm Max,Activating Max Mushrooms,Vid aktivering av Maxsvampar,Activating Max Mushrooms
839,COALOSSAL,gigantamax,,Deactivating Max Mushrooms,Desactivando Maxisetas,Deactivating Maxihongo,Avec l’objet Maxi Champis désactivé,Dyna-Pilz deaktivieren,Disattivando Fungomax,Deactivating Max Mushrooms,다이버섯[[를]] 통해 비활성화,ダイキノコを 無効に すれば,禁用了极巨菇菇,禁用了極巨菇菇,Deactivating Max Mushrooms,Desactivant Max Mushrooms,Deactivating Max Mushrooms,Deactivating Maksi Mantarlar,Деактивация Макс-Грибы,Deactivating Max Mushrooms,Dezaktywując: Max Mushrooms,Deactivating Jamur Max,Deactivating मैक्स मुशरूम,Vô Hiệu Hoá Nấm Max,Deactivating Max Mushrooms,Vid avaktivering av Maxsvampar,Deactivating Max Mushrooms
841,FLAPPLE,,gigantamax,Activating Max Mushrooms,Activando Maxisetas,Activating Maxihongo,Avec l’objet Maxi Champis activé,Dyna-Pilz aktivieren,Attivando Fungomax,Activating Max Mushrooms,다이버섯[[를]] 통해 폼체인지,ダイキノコを 有効に すれば,激活了极巨菇菇,活化了極巨菇菇,Activating Max Mushrooms,Activant Max Mushrooms,Activating Max Mushrooms,Activating Maksi Mantarlar,Активация Макс-Грибы,Activating Max Mushrooms,Aktywując: Max Mushrooms,Activating Jamur Max,Activating मैक्स मुशरूम,Kích hoạt Nấm Max,Activating Max Mushrooms,Vid aktivering av Maxsvampar,Activating Max Mushrooms
841,FLAPPLE,gigantamax,,Deactivating Max Mushrooms,Desactivando Maxisetas,Deactivating Maxihongo,Avec l’objet Maxi Champis désactivé,Dyna-Pilz deaktivieren,Disattivando Fungomax,Deactivating Max Mushrooms,다이버섯[[를]] 통해 비활성화,ダイキノコを 無効に すれば,禁用了极巨菇菇,禁用了極巨菇菇,Deactivating Max Mushrooms,Desactivant Max Mushrooms,Deactivating Max Mushrooms,Deactivating Maksi Mantarlar,Деактивация Макс-Грибы,Deactivating Max Mushrooms,Dezaktywując: Max Mushrooms,Deactivating Jamur Max,Deactivating मैक्स मुशरूम,Vô Hiệu Hoá Nấm Max,Deactivating Max Mushrooms,Vid avaktivering av Maxsvampar,Deactivating Max Mushrooms
842,APPLETUN,,gigantamax,Activating Max Mushrooms,Activando Maxisetas,Activating Maxihongo,Avec l’objet Maxi Champis activé,Dyna-Pilz aktivieren,Attivando Fungomax,Activating Max Mushrooms,다이버섯[[를]] 통해 폼체인지,ダイキノコを 有効に すれば,激活了极巨菇菇,活化了極巨菇菇,Activating Max Mushrooms,Activant Max Mushrooms,Activating Max Mushrooms,Activating Maksi Mantarlar,Активация Макс-Грибы,Activating Max Mushrooms,Aktywując: Max Mushrooms,Activating Jamur Max,Activating मैक्स मुशरूम,Kích hoạt Nấm Max,Activating Max Mushrooms,Vid aktivering av Maxsvampar,Activating Max Mushrooms
842,APPLETUN,gigantamax,,Deactivating Max Mushrooms,Desactivando Maxisetas,Deactivating Maxihongo,Avec l’objet Maxi Champis désactivé,Dyna-Pilz deaktivieren,Disattivando Fungomax,Deactivating Max Mushrooms,다이버섯[[를]] 통해 비활성화,ダイキノコを 無効に すれば,禁用了极巨菇菇,禁用了極巨菇菇,Deactivating Max Mushrooms,Desactivant Max Mushrooms,Deactivating Max Mushrooms,Deactivating Maksi Mantarlar,Деактивация Макс-Грибы,Deactivating Max Mushrooms,Dezaktywując: Max Mushrooms,Deactivating Jamur Max,Deactivating मैक्स मुशरूम,Vô Hiệu Hoá Nấm Max,Deactivating Max Mushrooms,Vid avaktivering av Maxsvampar,Deactivating Max Mushrooms
844,SANDACONDA,,gigantamax,Activating Max Mushrooms,Activando Maxisetas,Activating Maxihongo,Avec l’objet Maxi Champis activé,Dyna-Pilz aktivieren,Attivando Fungomax,Activating Max Mushrooms,다이버섯[[를]] 통해 폼체인지,ダイキノコを 有効に すれば,激活了极巨菇菇,活化了極巨菇菇,Activating Max Mushrooms,Activant Max Mushrooms,Activating Max Mushrooms,Activating Maksi Mantarlar,Активация Макс-Грибы,Activating Max Mushrooms,Aktywując: Max Mushrooms,Activating Jamur Max,Activating मैक्स मुशरूम,Kích hoạt Nấm Max,Activating Max Mushrooms,Vid aktivering av Maxsvampar,Activating Max Mushrooms
844,SANDACONDA,gigantamax,,Deactivating Max Mushrooms,Desactivando Maxisetas,Deactivating Maxihongo,Avec l’objet Maxi Champis désactivé,Dyna-Pilz deaktivieren,Disattivando Fungomax,Deactivating Max Mushrooms,다이버섯[[를]] 통해 비활성화,ダイキノコを 無効に すれば,禁用了极巨菇菇,禁用了極巨菇菇,Deactivating Max Mushrooms,Desactivant Max Mushrooms,Deactivating Max Mushrooms,Deactivating Maksi Mantarlar,Деактивация Макс-Грибы,Deactivating Max Mushrooms,Dezaktywując: Max Mushrooms,Deactivating Jamur Max,Deactivating मैक्स मुशरूम,Vô Hiệu Hoá Nấm Max,Deactivating Max Mushrooms,Vid avaktivering av Maxsvampar,Deactivating Max Mushrooms
845,CRAMORANT,,gulping,Due to its ability,Debido a su habilidad,Due to its ability,Due à son talent,Durch seine Fähigkeit,Tramite la sua abilità,Due to its ability,특성을 통해 폼체인지,特性により,由于其特性,由於其特性,Due to its ability,A causa de la seva habilitat,Due to its ability,Due to its ability,Из-за его способности,Due to its ability,Due to its ability,Due to its ability,Due to its ability,Bởi đặc tính của nó,Due to its ability,På grund av dess särdrag,Due to its ability
845,CRAMORANT,,gorging,Due to its ability,Debido a su habilidad,Due to its ability,Due à son talent,Durch seine Fähigkeit,Tramite la sua abilità,Due to its ability,특성을 통해 폼체인지,特性により,由于其特性,由於其特性,Due to its ability,A causa de la seva habilitat,Due to its ability,Due to its ability,Из-за его способности,Due to its ability,Due to its ability,Due to its ability,Due to its ability,Bởi đặc tính của nó,Due to its ability,På grund av dess särdrag,Due to its ability
845,CRAMORANT,gulping,,Due to its ability,Debido a su habilidad,Due to its ability,Due à son talent,Durch seine Fähigkeit,Tramite la sua abilità,Due to its ability,특성을 통해 폼체인지,特性により,由于其特性,由於其特性,Due to its ability,A causa de la seva habilitat,Due to its ability,Due to its ability,Из-за его способности,Due to its ability,Due to its ability,Due to its ability,Due to its ability,Bởi đặc tính của nó,Due to its ability,På grund av dess särdrag,Due to its ability
845,CRAMORANT,gorging,,Due to its ability,Debido a su habilidad,Due to its ability,Due à son talent,Durch seine Fähigkeit,Tramite la sua abilità,Due to its ability,특성을 통해 폼체인지,特性により,由于其特性,由於其特性,Due to its ability,A causa de la seva habilitat,Due to its ability,Due to its ability,Из-за его способности,Due to its ability,Due to its ability,Due to its ability,Due to its ability,Bởi đặc tính của nó,Due to its ability,På grund av dess särdrag,Due to its ability
845,CRAMORANT,gulping,,After leaving the field,Después de dejar el combate,After leaving the field,Après avoir quitté le terrain,Beim Verlassen des Kampfs,Quando lascia il campo,After leaving the field,볼에 들어간 경우,場から 引っ込んだ後,离开对战场地后,離開對戰場地後,After leaving the field,Després de sortir del camp de batalla,After leaving the field,After leaving the field,После ухода с поля,After leaving the field,Po opuszczeniu pola bitwy,After leaving the field,After leaving the field,Khi rời sàn đấu,After leaving the field,När den har bytts av,After leaving the field
845,CRAMORANT,gorging,,After leaving the field,Después de dejar el combate,After leaving the field,Après avoir quitté le terrain,Beim Verlassen des Kampfs,Quando lascia il campo,After leaving the field,볼에 들어간 경우,場から 引っ込んだ後,离开对战场地后,離開對戰場地後,After leaving the field,Després de sortir del camp de batalla,After leaving the field,After leaving the field,После ухода с поля,After leaving the field,Po opuszczeniu pola bitwy,After leaving the field,After leaving the field,Khi rời sàn đấu,After leaving the field,När den har bytts av,After leaving the field
849,TOXTRICITY,amped,gigantamax,Activating Max Mushrooms,Activando Maxisetas,Activating Maxihongo,Avec l’objet Maxi Champis activé,Dyna-Pilz aktivieren,Attivando Fungomax,Activating Max Mushrooms,다이버섯[[를]] 통해 폼체인지,ダイキノコを 有効に すれば,激活了极巨菇菇,活化了極巨菇菇,Activating Max Mushrooms,Activant Max Mushrooms,Activating Max Mushrooms,Activating Maksi Mantarlar,Активация Макс-Грибы,Activating Max Mushrooms,Aktywując: Max Mushrooms,Activating Jamur Max,Activating मैक्स मुशरूम,Kích hoạt Nấm Max,Activating Max Mushrooms,Vid aktivering av Maxsvampar,Activating Max Mushrooms
849,TOXTRICITY,lowkey,gigantamax,Activating Max Mushrooms,Activando Maxisetas,Activating Maxihongo,Avec l’objet Maxi Champis activé,Dyna-Pilz aktivieren,Attivando Fungomax,Activating Max Mushrooms,다이버섯[[를]] 통해 폼체인지,ダイキノコを 有効に すれば,激活了极巨菇菇,活化了極巨菇菇,Activating Max Mushrooms,Activant Max Mushrooms,Activating Max Mushrooms,Activating Maksi Mantarlar,Активация Макс-Грибы,Activating Max Mushrooms,Aktywując: Max Mushrooms,Activating Jamur Max,Activating मैक्स मुशरूम,Kích hoạt Nấm Max,Activating Max Mushrooms,Vid aktivering av Maxsvampar,Activating Max Mushrooms
849,TOXTRICITY,gigantamax,amped,Deactivating Max Mushrooms,Desactivando Maxisetas,Deactivating Maxihongo,Avec l’objet Maxi Champis désactivé,Dyna-Pilz deaktivieren,Disattivando Fungomax,Deactivating Max Mushrooms,다이버섯[[를]] 통해 비활성화,ダイキノコを 無効に すれば,禁用了极巨菇菇,禁用了極巨菇菇,Deactivating Max Mushrooms,Desactivant Max Mushrooms,Deactivating Max Mushrooms,Deactivating Maksi Mantarlar,Деактивация Макс-Грибы,Deactivating Max Mushrooms,Dezaktywując: Max Mushrooms,Deactivating Jamur Max,Deactivating मैक्स मुशरूम,Vô Hiệu Hoá Nấm Max,Deactivating Max Mushrooms,Vid avaktivering av Maxsvampar,Deactivating Max Mushrooms
849,TOXTRICITY,gigantamax,lowkey,Deactivating Max Mushrooms,Desactivando Maxisetas,Deactivating Maxihongo,Avec l’objet Maxi Champis désactivé,Dyna-Pilz deaktivieren,Disattivando Fungomax,Deactivating Max Mushrooms,다이버섯[[를]] 통해 비활성화,ダイキノコを 無効に すれば,禁用了极巨菇菇,禁用了極巨菇菇,Deactivating Max Mushrooms,Desactivant Max Mushrooms,Deactivating Max Mushrooms,Deactivating Maksi Mantarlar,Деактивация Макс-Грибы,Deactivating Max Mushrooms,Dezaktywując: Max Mushrooms,Deactivating Jamur Max,Deactivating मैक्स मुशरूम,Vô Hiệu Hoá Nấm Max,Deactivating Max Mushrooms,Vid avaktivering av Maxsvampar,Deactivating Max Mushrooms
851,CENTISKORCH,,gigantamax,Activating Max Mushrooms,Activando Maxisetas,Activating Maxihongo,Avec l’objet Maxi Champis activé,Dyna-Pilz aktivieren,Attivando Fungomax,Activating Max Mushrooms,다이버섯[[를]] 통해 폼체인지,ダイキノコを 有効に すれば,激活了极巨菇菇,活化了極巨菇菇,Activating Max Mushrooms,Activant Max Mushrooms,Activating Max Mushrooms,Activating Maksi Mantarlar,Активация Макс-Грибы,Activating Max Mushrooms,Aktywując: Max Mushrooms,Activating Jamur Max,Activating मैक्स मुशरूम,Kích hoạt Nấm Max,Activating Max Mushrooms,Vid aktivering av Maxsvampar,Activating Max Mushrooms
851,CENTISKORCH,gigantamax,,Deactivating Max Mushrooms,Desactivando Maxisetas,Deactivating Maxihongo,Avec l’objet Maxi Champis désactivé,Dyna-Pilz deaktivieren,Disattivando Fungomax,Deactivating Max Mushrooms,다이버섯[[를]] 통해 비활성화,ダイキノコを 無効に すれば,禁用了极巨菇菇,禁用了極巨菇菇,Deactivating Max Mushrooms,Desactivant Max Mushrooms,Deactivating Max Mushrooms,Deactivating Maksi Mantarlar,Деактивация Макс-Грибы,Deactivating Max Mushrooms,Dezaktywując: Max Mushrooms,Deactivating Jamur Max,Deactivating मैक्स मुशरूम,Vô Hiệu Hoá Nấm Max,Deactivating Max Mushrooms,Vid avaktivering av Maxsvampar,Deactivating Max Mushrooms
858,HATTERENE,,gigantamax,Activating Max Mushrooms,Activando Maxisetas,Activating Maxihongo,Avec l’objet Maxi Champis activé,Dyna-Pilz aktivieren,Attivando Fungomax,Activating Max Mushrooms,다이버섯[[를]] 통해 폼체인지,ダイキノコを 有効に すれば,激活了极巨菇菇,活化了極巨菇菇,Activating Max Mushrooms,Activant Max Mushrooms,Activating Max Mushrooms,Activating Maksi Mantarlar,Активация Макс-Грибы,Activating Max Mushrooms,Aktywując: Max Mushrooms,Activating Jamur Max,Activating मैक्स मुशरूम,Kích hoạt Nấm Max,Activating Max Mushrooms,Vid aktivering av Maxsvampar,Activating Max Mushrooms
858,HATTERENE,gigantamax,,Deactivating Max Mushrooms,Desactivando Maxisetas,Deactivating Maxihongo,Avec l’objet Maxi Champis désactivé,Dyna-Pilz deaktivieren,Disattivando Fungomax,Deactivating Max Mushrooms,다이버섯[[를]] 통해 비활성화,ダイキノコを 無効に すれば,禁用了极巨菇菇,禁用了極巨菇菇,Deactivating Max Mushrooms,Desactivant Max Mushrooms,Deactivating Max Mushrooms,Deactivating Maksi Mantarlar,Деактивация Макс-Грибы,Deactivating Max Mushrooms,Dezaktywując: Max Mushrooms,Deactivating Jamur Max,Deactivating मैक्स मुशरूम,Vô Hiệu Hoá Nấm Max,Deactivating Max Mushrooms,Vid avaktivering av Maxsvampar,Deactivating Max Mushrooms
861,GRIMMSNARL,,gigantamax,Activating Max Mushrooms,Activando Maxisetas,Activating Maxihongo,Avec l’objet Maxi Champis activé,Dyna-Pilz aktivieren,Attivando Fungomax,Activating Max Mushrooms,다이버섯[[를]] 통해 폼체인지,ダイキノコを 有効に すれば,激活了极巨菇菇,活化了極巨菇菇,Activating Max Mushrooms,Activant Max Mushrooms,Activating Max Mushrooms,Activating Maksi Mantarlar,Активация Макс-Грибы,Activating Max Mushrooms,Aktywując: Max Mushrooms,Activating Jamur Max,Activating मैक्स मुशरूम,Kích hoạt Nấm Max,Activating Max Mushrooms,Vid aktivering av Maxsvampar,Activating Max Mushrooms
861,GRIMMSNARL,gigantamax,,Deactivating Max Mushrooms,Desactivando Maxisetas,Deactivating Maxihongo,Avec l’objet Maxi Champis désactivé,Dyna-Pilz deaktivieren,Disattivando Fungomax,Deactivating Max Mushrooms,다이버섯[[를]] 통해 비활성화,ダイキノコを 無効に すれば,禁用了极巨菇菇,禁用了極巨菇菇,Deactivating Max Mushrooms,Desactivant Max Mushrooms,Deactivating Max Mushrooms,Deactivating Maksi Mantarlar,Деактивация Макс-Грибы,Deactivating Max Mushrooms,Dezaktywując: Max Mushrooms,Deactivating Jamur Max,Deactivating मैक्स मुशरूम,Vô Hiệu Hoá Nấm Max,Deactivating Max Mushrooms,Vid avaktivering av Maxsvampar,Deactivating Max Mushrooms
869,ALCREMIE,vanilla-cream,gigantamax,Activating Max Mushrooms,Activando Maxisetas,Activating Maxihongo,Avec l’objet Maxi Champis activé,Dyna-Pilz aktivieren,Attivando Fungomax,Activating Max Mushrooms,다이버섯[[를]] 통해 폼체인지,ダイキノコを 有効に すれば,激活了极巨菇菇,活化了極巨菇菇,Activating Max Mushrooms,Activant Max Mushrooms,Activating Max Mushrooms,Activating Maksi Mantarlar,Активация Макс-Грибы,Activating Max Mushrooms,Aktywując: Max Mushrooms,Activating Jamur Max,Activating मैक्स मुशरूम,Kích hoạt Nấm Max,Activating Max Mushrooms,Vid aktivering av Maxsvampar,Activating Max Mushrooms
869,ALCREMIE,ruby-cream,gigantamax,Activating Max Mushrooms,Activando Maxisetas,Activating Maxihongo,Avec l’objet Maxi Champis activé,Dyna-Pilz aktivieren,Attivando Fungomax,Activating Max Mushrooms,다이버섯[[를]] 통해 폼체인지,ダイキノコを 有効に すれば,激活了极巨菇菇,活化了極巨菇菇,Activating Max Mushrooms,Activant Max Mushrooms,Activating Max Mushrooms,Activating Maksi Mantarlar,Активация Макс-Грибы,Activating Max Mushrooms,Aktywując: Max Mushrooms,Activating Jamur Max,Activating मैक्स मुशरूम,Kích hoạt Nấm Max,Activating Max Mushrooms,Vid aktivering av Maxsvampar,Activating Max Mushrooms
869,ALCREMIE,matcha-cream,gigantamax,Activating Max Mushrooms,Activando Maxisetas,Activating Maxihongo,Avec l’objet Maxi Champis activé,Dyna-Pilz aktivieren,Attivando Fungomax,Activating Max Mushrooms,다이버섯[[를]] 통해 폼체인지,ダイキノコを 有効に すれば,激活了极巨菇菇,活化了極巨菇菇,Activating Max Mushrooms,Activant Max Mushrooms,Activating Max Mushrooms,Activating Maksi Mantarlar,Активация Макс-Грибы,Activating Max Mushrooms,Aktywując: Max Mushrooms,Activating Jamur Max,Activating मैक्स मुशरूम,Kích hoạt Nấm Max,Activating Max Mushrooms,Vid aktivering av Maxsvampar,Activating Max Mushrooms
869,ALCREMIE,mint-cream,gigantamax,Activating Max Mushrooms,Activando Maxisetas,Activating Maxihongo,Avec l’objet Maxi Champis activé,Dyna-Pilz aktivieren,Attivando Fungomax,Activating Max Mushrooms,다이버섯[[를]] 통해 폼체인지,ダイキノコを 有効に すれば,激活了极巨菇菇,活化了極巨菇菇,Activating Max Mushrooms,Activant Max Mushrooms,Activating Max Mushrooms,Activating Maksi Mantarlar,Активация Макс-Грибы,Activating Max Mushrooms,Aktywując: Max Mushrooms,Activating Jamur Max,Activating मैक्स मुशरूम,Kích hoạt Nấm Max,Activating Max Mushrooms,Vid aktivering av Maxsvampar,Activating Max Mushrooms
869,ALCREMIE,lemon-cream,gigantamax,Activating Max Mushrooms,Activando Maxisetas,Activating Maxihongo,Avec l’objet Maxi Champis activé,Dyna-Pilz aktivieren,Attivando Fungomax,Activating Max Mushrooms,다이버섯[[를]] 통해 폼체인지,ダイキノコを 有効に すれば,激活了极巨菇菇,活化了極巨菇菇,Activating Max Mushrooms,Activant Max Mushrooms,Activating Max Mushrooms,Activating Maksi Mantarlar,Активация Макс-Грибы,Activating Max Mushrooms,Aktywując: Max Mushrooms,Activating Jamur Max,Activating मैक्स मुशरूम,Kích hoạt Nấm Max,Activating Max Mushrooms,Vid aktivering av Maxsvampar,Activating Max Mushrooms
869,ALCREMIE,salted-cream,gigantamax,Activating Max Mushrooms,Activando Maxisetas,Activating Maxihongo,Avec l’objet Maxi Champis activé,Dyna-Pilz aktivieren,Attivando Fungomax,Activating Max Mushrooms,다이버섯[[를]] 통해 폼체인지,ダイキノコを 有効に すれば,激活了极巨菇菇,活化了極巨菇菇,Activating Max Mushrooms,Activant Max Mushrooms,Activating Max Mushrooms,Activating Maksi Mantarlar,Активация Макс-Грибы,Activating Max Mushrooms,Aktywując: Max Mushrooms,Activating Jamur Max,Activating मैक्स मुशरूम,Kích hoạt Nấm Max,Activating Max Mushrooms,Vid aktivering av Maxsvampar,Activating Max Mushrooms
869,ALCREMIE,ruby-swirl,gigantamax,Activating Max Mushrooms,Activando Maxisetas,Activating Maxihongo,Avec l’objet Maxi Champis activé,Dyna-Pilz aktivieren,Attivando Fungomax,Activating Max Mushrooms,다이버섯[[를]] 통해 폼체인지,ダイキノコを 有効に すれば,激活了极巨菇菇,活化了極巨菇菇,Activating Max Mushrooms,Activant Max Mushrooms,Activating Max Mushrooms,Activating Maksi Mantarlar,Активация Макс-Грибы,Activating Max Mushrooms,Aktywując: Max Mushrooms,Activating Jamur Max,Activating मैक्स मुशरूम,Kích hoạt Nấm Max,Activating Max Mushrooms,Vid aktivering av Maxsvampar,Activating Max Mushrooms
869,ALCREMIE,caramel-swirl,gigantamax,Activating Max Mushrooms,Activando Maxisetas,Activating Maxihongo,Avec l’objet Maxi Champis activé,Dyna-Pilz aktivieren,Attivando Fungomax,Activating Max Mushrooms,다이버섯[[를]] 통해 폼체인지,ダイキノコを 有効に すれば,激活了极巨菇菇,活化了極巨菇菇,Activating Max Mushrooms,Activant Max Mushrooms,Activating Max Mushrooms,Activating Maksi Mantarlar,Активация Макс-Грибы,Activating Max Mushrooms,Aktywując: Max Mushrooms,Activating Jamur Max,Activating मैक्स मुशरूम,Kích hoạt Nấm Max,Activating Max Mushrooms,Vid aktivering av Maxsvampar,Activating Max Mushrooms
869,ALCREMIE,rainbow-swirl,gigantamax,Activating Max Mushrooms,Activando Maxisetas,Activating Maxihongo,Avec l’objet Maxi Champis activé,Dyna-Pilz aktivieren,Attivando Fungomax,Activating Max Mushrooms,다이버섯[[를]] 통해 폼체인지,ダイキノコを 有効に すれば,激活了极巨菇菇,活化了極巨菇菇,Activating Max Mushrooms,Activant Max Mushrooms,Activating Max Mushrooms,Activating Maksi Mantarlar,Активация Макс-Грибы,Activating Max Mushrooms,Aktywując: Max Mushrooms,Activating Jamur Max,Activating मैक्स मुशरूम,Kích hoạt Nấm Max,Activating Max Mushrooms,Vid aktivering av Maxsvampar,Activating Max Mushrooms
869,ALCREMIE,gigantamax,vanilla-cream,Deactivating Max Mushrooms,Desactivando Maxisetas,Deactivating Maxihongo,Avec l’objet Maxi Champis désactivé,Dyna-Pilz deaktivieren,Disattivando Fungomax,Deactivating Max Mushrooms,다이버섯[[를]] 통해 비활성화,ダイキノコを 無効に すれば,禁用了极巨菇菇,禁用了極巨菇菇,Deactivating Max Mushrooms,Desactivant Max Mushrooms,Deactivating Max Mushrooms,Deactivating Maksi Mantarlar,Деактивация Макс-Грибы,Deactivating Max Mushrooms,Dezaktywując: Max Mushrooms,Deactivating Jamur Max,Deactivating मैक्स मुशरूम,Vô Hiệu Hoá Nấm Max,Deactivating Max Mushrooms,Vid avaktivering av Maxsvampar,Deactivating Max Mushrooms
869,ALCREMIE,gigantamax,ruby-cream,Deactivating Max Mushrooms,Desactivando Maxisetas,Deactivating Maxihongo,Avec l’objet Maxi Champis désactivé,Dyna-Pilz deaktivieren,Disattivando Fungomax,Deactivating Max Mushrooms,다이버섯[[를]] 통해 비활성화,ダイキノコを 無効に すれば,禁用了极巨菇菇,禁用了極巨菇菇,Deactivating Max Mushrooms,Desactivant Max Mushrooms,Deactivating Max Mushrooms,Deactivating Maksi Mantarlar,Деактивация Макс-Грибы,Deactivating Max Mushrooms,Dezaktywując: Max Mushrooms,Deactivating Jamur Max,Deactivating मैक्स मुशरूम,Vô Hiệu Hoá Nấm Max,Deactivating Max Mushrooms,Vid avaktivering av Maxsvampar,Deactivating Max Mushrooms
869,ALCREMIE,gigantamax,matcha-cream,Deactivating Max Mushrooms,Desactivando Maxisetas,Deactivating Maxihongo,Avec l’objet Maxi Champis désactivé,Dyna-Pilz deaktivieren,Disattivando Fungomax,Deactivating Max Mushrooms,다이버섯[[를]] 통해 비활성화,ダイキノコを 無効に すれば,禁用了极巨菇菇,禁用了極巨菇菇,Deactivating Max Mushrooms,Desactivant Max Mushrooms,Deactivating Max Mushrooms,Deactivating Maksi Mantarlar,Деактивация Макс-Грибы,Deactivating Max Mushrooms,Dezaktywując: Max Mushrooms,Deactivating Jamur Max,Deactivating मैक्स मुशरूम,Vô Hiệu Hoá Nấm Max,Deactivating Max Mushrooms,Vid avaktivering av Maxsvampar,Deactivating Max Mushrooms
869,ALCREMIE,gigantamax,mint-cream,Deactivating Max Mushrooms,Desactivando Maxisetas,Deactivating Maxihongo,Avec l’objet Maxi Champis désactivé,Dyna-Pilz deaktivieren,Disattivando Fungomax,Deactivating Max Mushrooms,다이버섯[[를]] 통해 비활성화,ダイキノコを 無効に すれば,禁用了极巨菇菇,禁用了極巨菇菇,Deactivating Max Mushrooms,Desactivant Max Mushrooms,Deactivating Max Mushrooms,Deactivating Maksi Mantarlar,Деактивация Макс-Грибы,Deactivating Max Mushrooms,Dezaktywując: Max Mushrooms,Deactivating Jamur Max,Deactivating मैक्स मुशरूम,Vô Hiệu Hoá Nấm Max,Deactivating Max Mushrooms,Vid avaktivering av Maxsvampar,Deactivating Max Mushrooms
869,ALCREMIE,gigantamax,lemon-cream,Deactivating Max Mushrooms,Desactivando Maxisetas,Deactivating Maxihongo,Avec l’objet Maxi Champis désactivé,Dyna-Pilz deaktivieren,Disattivando Fungomax,Deactivating Max Mushrooms,다이버섯[[를]] 통해 비활성화,ダイキノコを 無効に すれば,禁用了极巨菇菇,禁用了極巨菇菇,Deactivating Max Mushrooms,Desactivant Max Mushrooms,Deactivating Max Mushrooms,Deactivating Maksi Mantarlar,Деактивация Макс-Грибы,Deactivating Max Mushrooms,Dezaktywując: Max Mushrooms,Deactivating Jamur Max,Deactivating मैक्स मुशरूम,Vô Hiệu Hoá Nấm Max,Deactivating Max Mushrooms,Vid avaktivering av Maxsvampar,Deactivating Max Mushrooms
869,ALCREMIE,gigantamax,salted-cream,Deactivating Max Mushrooms,Desactivando Maxisetas,Deactivating Maxihongo,Avec l’objet Maxi Champis désactivé,Dyna-Pilz deaktivieren,Disattivando Fungomax,Deactivating Max Mushrooms,다이버섯[[를]] 통해 비활성화,ダイキノコを 無効に すれば,禁用了极巨菇菇,禁用了極巨菇菇,Deactivating Max Mushrooms,Desactivant Max Mushrooms,Deactivating Max Mushrooms,Deactivating Maksi Mantarlar,Деактивация Макс-Грибы,Deactivating Max Mushrooms,Dezaktywując: Max Mushrooms,Deactivating Jamur Max,Deactivating मैक्स मुशरूम,Vô Hiệu Hoá Nấm Max,Deactivating Max Mushrooms,Vid avaktivering av Maxsvampar,Deactivating Max Mushrooms
869,ALCREMIE,gigantamax,ruby-swirl,Deactivating Max Mushrooms,Desactivando Maxisetas,Deactivating Maxihongo,Avec l’objet Maxi Champis désactivé,Dyna-Pilz deaktivieren,Disattivando Fungomax,Deactivating Max Mushrooms,다이버섯[[를]] 통해 비활성화,ダイキノコを 無効に すれば,禁用了极巨菇菇,禁用了極巨菇菇,Deactivating Max Mushrooms,Desactivant Max Mushrooms,Deactivating Max Mushrooms,Deactivating Maksi Mantarlar,Деактивация Макс-Грибы,Deactivating Max Mushrooms,Dezaktywując: Max Mushrooms,Deactivating Jamur Max,Deactivating मैक्स मुशरूम,Vô Hiệu Hoá Nấm Max,Deactivating Max Mushrooms,Vid avaktivering av Maxsvampar,Deactivating Max Mushrooms
869,ALCREMIE,gigantamax,caramel-swirl,Deactivating Max Mushrooms,Desactivando Maxisetas,Deactivating Maxihongo,Avec l’objet Maxi Champis désactivé,Dyna-Pilz deaktivieren,Disattivando Fungomax,Deactivating Max Mushrooms,다이버섯[[를]] 통해 비활성화,ダイキノコを 無効に すれば,禁用了极巨菇菇,禁用了極巨菇菇,Deactivating Max Mushrooms,Desactivant Max Mushrooms,Deactivating Max Mushrooms,Deactivating Maksi Mantarlar,Деактивация Макс-Грибы,Deactivating Max Mushrooms,Dezaktywując: Max Mushrooms,Deactivating Jamur Max,Deactivating मैक्स मुशरूम,Vô Hiệu Hoá Nấm Max,Deactivating Max Mushrooms,Vid avaktivering av Maxsvampar,Deactivating Max Mushrooms
869,ALCREMIE,gigantamax,rainbow-swirl,Deactivating Max Mushrooms,Desactivando Maxisetas,Deactivating Maxihongo,Avec l’objet Maxi Champis désactivé,Dyna-Pilz deaktivieren,Disattivando Fungomax,Deactivating Max Mushrooms,다이버섯[[를]] 통해 비활성화,ダイキノコを 無効に すれば,禁用了极巨菇菇,禁用了極巨菇菇,Deactivating Max Mushrooms,Desactivant Max Mushrooms,Deactivating Max Mushrooms,Deactivating Maksi Mantarlar,Деактивация Макс-Грибы,Deactivating Max Mushrooms,Dezaktywując: Max Mushrooms,Deactivating Jamur Max,Deactivating मैक्स मुशरूम,Vô Hiệu Hoá Nấm Max,Deactivating Max Mushrooms,Vid avaktivering av Maxsvampar,Deactivating Max Mushrooms
870,FALINKS,,mega,Activating Falinksite,Activando Falinksita,Activating Falinksita,Avec l’objet Hexadronite activé,Legiosnit aktivieren,Attivando Falinksite,Activating Falinksite,대여르나이트[[를]] 통해 폼체인지,タイレーツナイトを 有効に すれば,激活了列阵兵进化石,活化了列陣兵進化石,Activating Falinksite,Activant Falinksite,Activating Falinksite,Activating Falinksite,Активация Фалинксит,Activating Falinksite,Aktywując: Falinksyt,Activating Falinksite,Activating Falinksite,Kích hoạt Falinksite,Activating Falinksite,Vid aktivering av Falinksit,Activating Falinksite
870,FALINKS,mega,,Deactivating Falinksite,Desactivando Falinksita,Deactivating Falinksita,Avec l’objet Hexadronite désactivé,Legiosnit deaktivieren,Disattivando Falinksite,Deactivating Falinksite,대여르나이트[[를]] 통해 비활성화,タイレーツナイトを 無効に すれば,禁用了列阵兵进化石,禁用了列陣兵進化石,Deactivating Falinksite,Desactivant Falinksite,Deactivating Falinksite,Deactivating Falinksite,Деактивация Фалинксит,Deactivating Falinksite,Dezaktywując: Falinksyt,Deactivating Falinksite,Deactivating Falinksite,Vô Hiệu Hoá Falinksite,Deactivating Falinksite,Vid avaktivering av Falinksit,Deactivating Falinksite
875,EISCUE,,no-ice,Due to its ability,Debido a su habilidad,Due to its ability,Due à son talent,Durch seine Fähigkeit,Tramite la sua abilità,Due to its ability,특성을 통해 폼체인지,特性により,由于其特性,由於其特性,Due to its ability,A causa de la seva habilitat,Due to its ability,Due to its ability,Из-за его способности,Due to its ability,Due to its ability,Due to its ability,Due to its ability,Bởi đặc tính của nó,Due to its ability,På grund av dess särdrag,Due to its ability
875,EISCUE,no-ice,,Due to its ability,Debido a su habilidad,Due to its ability,Due à son talent,Durch seine Fähigkeit,Tramite la sua abilità,Due to its ability,특성을 통해 폼체인지,特性により,由于其特性,由於其特性,Due to its ability,A causa de la seva habilitat,Due to its ability,Due to its ability,Из-за его способности,Due to its ability,Due to its ability,Due to its ability,Due to its ability,Bởi đặc tính của nó,Due to its ability,På grund av dess särdrag,Due to its ability
877,MORPEKO,full-belly,hangry,Due to its ability,Debido a su habilidad,Due to its ability,Due à son talent,Durch seine Fähigkeit,Tramite la sua abilità,Due to its ability,특성을 통해 폼체인지,特性により,由于其特性,由於其特性,Due to its ability,A causa de la seva habilitat,Due to its ability,Due to its ability,Из-за его способности,Due to its ability,Due to its ability,Due to its ability,Due to its ability,Bởi đặc tính của nó,Due to its ability,På grund av dess särdrag,Due to its ability
877,MORPEKO,hangry,full-belly,Due to its ability,Debido a su habilidad,Due to its ability,Due à son talent,Durch seine Fähigkeit,Tramite la sua abilità,Due to its ability,특성을 통해 폼체인지,特性により,由于其特性,由於其特性,Due to its ability,A causa de la seva habilitat,Due to its ability,Due to its ability,Из-за его способности,Due to its ability,Due to its ability,Due to its ability,Due to its ability,Bởi đặc tính của nó,Due to its ability,På grund av dess särdrag,Due to its ability
879,COPPERAJAH,,gigantamax,Activating Max Mushrooms,Activando Maxisetas,Activating Maxihongo,Avec l’objet Maxi Champis activé,Dyna-Pilz aktivieren,Attivando Fungomax,Activating Max Mushrooms,다이버섯[[를]] 통해 폼체인지,ダイキノコを 有効に すれば,激活了极巨菇菇,活化了極巨菇菇,Activating Max Mushrooms,Activant Max Mushrooms,Activating Max Mushrooms,Activating Maksi Mantarlar,Активация Макс-Грибы,Activating Max Mushrooms,Aktywując: Max Mushrooms,Activating Jamur Max,Activating मैक्स मुशरूम,Kích hoạt Nấm Max,Activating Max Mushrooms,Vid aktivering av Maxsvampar,Activating Max Mushrooms
879,COPPERAJAH,gigantamax,,Deactivating Max Mushrooms,Desactivando Maxisetas,Deactivating Maxihongo,Avec l’objet Maxi Champis désactivé,Dyna-Pilz deaktivieren,Disattivando Fungomax,Deactivating Max Mushrooms,다이버섯[[를]] 통해 비활성화,ダイキノコを 無効に すれば,禁用了极巨菇菇,禁用了極巨菇菇,Deactivating Max Mushrooms,Desactivant Max Mushrooms,Deactivating Max Mushrooms,Deactivating Maksi Mantarlar,Деактивация Макс-Грибы,Deactivating Max Mushrooms,Dezaktywując: Max Mushrooms,Deactivating Jamur Max,Deactivating मैक्स मुशरूम,Vô Hiệu Hoá Nấm Max,Deactivating Max Mushrooms,Vid avaktivering av Maxsvampar,Deactivating Max Mushrooms
884,DURALUDON,,gigantamax,Activating Max Mushrooms,Activando Maxisetas,Activating Maxihongo,Avec l’objet Maxi Champis activé,Dyna-Pilz aktivieren,Attivando Fungomax,Activating Max Mushrooms,다이버섯[[를]] 통해 폼체인지,ダイキノコを 有効に すれば,激活了极巨菇菇,活化了極巨菇菇,Activating Max Mushrooms,Activant Max Mushrooms,Activating Max Mushrooms,Activating Maksi Mantarlar,Активация Макс-Грибы,Activating Max Mushrooms,Aktywując: Max Mushrooms,Activating Jamur Max,Activating मैक्स मुशरूम,Kích hoạt Nấm Max,Activating Max Mushrooms,Vid aktivering av Maxsvampar,Activating Max Mushrooms
884,DURALUDON,gigantamax,,Deactivating Max Mushrooms,Desactivando Maxisetas,Deactivating Maxihongo,Avec l’objet Maxi Champis désactivé,Dyna-Pilz deaktivieren,Disattivando Fungomax,Deactivating Max Mushrooms,다이버섯[[를]] 통해 비활성화,ダイキノコを 無効に すれば,禁用了极巨菇菇,禁用了極巨菇菇,Deactivating Max Mushrooms,Desactivant Max Mushrooms,Deactivating Max Mushrooms,Deactivating Maksi Mantarlar,Деактивация Макс-Грибы,Deactivating Max Mushrooms,Dezaktywując: Max Mushrooms,Deactivating Jamur Max,Deactivating मैक्स मुशरूम,Vô Hiệu Hoá Nấm Max,Deactivating Max Mushrooms,Vid avaktivering av Maxsvampar,Deactivating Max Mushrooms
888,ZACIAN,hero-of-many-battles,crowned,Activating Rusted Sword,Activando Espada Oxidada,Activating Espada Oxidada,Avec l’objet Épée Rouillée activé,Rostiges Schwert aktivieren,Attivando Spada Rovinata,Activating Rusted Sword,녹슨검[[를]] 통해 폼체인지,くちたけんを 有効に すれば,激活了腐朽的剑,活化了腐朽的劍,Activating Rusted Sword,Activant Rusted Sword,Activating Rusted Sword,Activating Rusted Sword,Активация Ржавый Меч,Activating Rusted Sword,Aktywując: Zardzewiały Miecz,Activating Pedang Berkarat,Activating Rusted Sword,Kích hoạt Kiếm Rỉ Sét,Activating Rusted Sword,Vid aktivering av Rostigt svärd,Activating Rusted Sword
888,ZACIAN,crowned,hero-of-many-battles,Deactivating Rusted Sword,Desactivando Espada Oxidada,Deactivating Espada Oxidada,Avec l’objet Épée Rouillée désactivé,Rostiges Schwert deaktivieren,Disattivando Spada Rovinata,Deactivating Rusted Sword,녹슨검[[를]] 통해 비활성화,くちたけんを 無効に すれば,禁用了腐朽的剑,禁用了腐朽的劍,Deactivating Rusted Sword,Desactivant Rusted Sword,Deactivating Rusted Sword,Deactivating Rusted Sword,Деактивация Ржавый Меч,Deactivating Rusted Sword,Dezaktywując: Zardzewiały Miecz,Deactivating Pedang Berkarat,Deactivating Rusted Sword,Vô Hiệu Hoá Kiếm Rỉ Sét,Deactivating Rusted Sword,Vid avaktivering av Rostigt svärd,Deactivating Rusted Sword
889,ZAMAZENTA,hero-of-many-battles,crowned,Activating Rusted Shield,Activando Escudo Oxidado,Activating Escudo Oxidado,Avec l’objet Bouclier Rouillé activé,Rostiges Schild aktivieren,Attivando Scudo Rovinato,Activating Rusted Shield,녹슨방패[[를]] 통해 폼체인지,くちたたてを 有効に すれば,激活了腐朽的盾,活化了腐朽的盾,Activating Rusted Shield,Activant Rusted Shield,Activating Rusted Shield,Activating Rusted Shield,Активация Ржавый Щит,Activating Rusted Shield,Aktywując: Zardzewiała Tarcza,Activating Perisai Berkarat,Activating Rusted Shield,Kích hoạt Khiên Rỉ Sét,Activating Rusted Shield,Vid aktivering av Rostig sköld,Activating Rusted Shield
889,ZAMAZENTA,crowned,hero-of-many-battles,Deactivating Rusted Shield,Desactivando Escudo Oxidado,Deactivating Escudo Oxidado,Avec l’objet Bouclier Rouillé désactivé,Rostiges Schild deaktivieren,Disattivando Scudo Rovinato,Deactivating Rusted Shield,녹슨방패[[를]] 통해 비활성화,くちたたてを 無効に すれば,禁用了腐朽的盾,禁用了腐朽的盾,Deactivating Rusted Shield,Desactivant Rusted Shield,Deactivating Rusted Shield,Deactivating Rusted Shield,Деактивация Ржавый Щит,Deactivating Rusted Shield,Dezaktywując: Zardzewiała Tarcza,Deactivating Perisai Berkarat,Deactivating Rusted Shield,Vô Hiệu Hoá Khiên Rỉ Sét,Deactivating Rusted Shield,Vid avaktivering av Rostig sköld,Deactivating Rusted Shield
890,ETERNATUS,,eternamax,,,,,,,,,,,,,,,,,,,,,,,,
890,ETERNATUS,,eternamax,Activating Max Mushrooms,Activando Maxisetas,Activating Maxihongo,Avec l’objet Maxi Champis activé,Dyna-Pilz aktivieren,Attivando Fungomax,Activating Max Mushrooms,다이버섯[[를]] 통해 폼체인지,ダイキノコを 有効に すれば,激活了极巨菇菇,活化了極巨菇菇,Activating Max Mushrooms,Activant Max Mushrooms,Activating Max Mushrooms,Activating Maksi Mantarlar,Активация Макс-Грибы,Activating Max Mushrooms,Aktywując: Max Mushrooms,Activating Jamur Max,Activating मैक्स मुशरूम,Kích hoạt Nấm Max,Activating Max Mushrooms,Vid aktivering av Maxsvampar,Activating Max Mushrooms
890,ETERNATUS,eternamax,,Deactivating Max Mushrooms,Desactivando Maxisetas,Deactivating Maxihongo,Avec l’objet Maxi Champis désactivé,Dyna-Pilz deaktivieren,Disattivando Fungomax,Deactivating Max Mushrooms,다이버섯[[를]] 통해 비활성화,ダイキノコを 無効に すれば,禁用了极巨菇菇,禁用了極巨菇菇,Deactivating Max Mushrooms,Desactivant Max Mushrooms,Deactivating Max Mushrooms,Deactivating Maksi Mantarlar,Деактивация Макс-Грибы,Deactivating Max Mushrooms,Dezaktywując: Max Mushrooms,Deactivating Jamur Max,Deactivating मैक्स मुशरूम,Vô Hiệu Hoá Nấm Max,Deactivating Max Mushrooms,Vid avaktivering av Maxsvampar,Deactivating Max Mushrooms
892,URSHIFU,single-strike,gigantamax-single,Activating Max Mushrooms,Activando Maxisetas,Activating Maxihongo,Avec l’objet Maxi Champis activé,Dyna-Pilz aktivieren,Attivando Fungomax,Activating Max Mushrooms,다이버섯[[를]] 통해 폼체인지,ダイキノコを 有効に すれば,激活了极巨菇菇,活化了極巨菇菇,Activating Max Mushrooms,Activant Max Mushrooms,Activating Max Mushrooms,Activating Maksi Mantarlar,Активация Макс-Грибы,Activating Max Mushrooms,Aktywując: Max Mushrooms,Activating Jamur Max,Activating मैक्स मुशरूम,Kích hoạt Nấm Max,Activating Max Mushrooms,Vid aktivering av Maxsvampar,Activating Max Mushrooms
892,URSHIFU,rapid-strike,gigantamax-rapid,Activating Max Mushrooms,Activando Maxisetas,Activating Maxihongo,Avec l’objet Maxi Champis activé,Dyna-Pilz aktivieren,Attivando Fungomax,Activating Max Mushrooms,다이버섯[[를]] 통해 폼체인지,ダイキノコを 有効に すれば,激活了极巨菇菇,活化了極巨菇菇,Activating Max Mushrooms,Activant Max Mushrooms,Activating Max Mushrooms,Activating Maksi Mantarlar,Активация Макс-Грибы,Activating Max Mushrooms,Aktywując: Max Mushrooms,Activating Jamur Max,Activating मैक्स मुशरूम,Kích hoạt Nấm Max,Activating Max Mushrooms,Vid aktivering av Maxsvampar,Activating Max Mushrooms
892,URSHIFU,gigantamax-single,single-strike,Deactivating Max Mushrooms,Desactivando Maxisetas,Deactivating Maxihongo,Avec l’objet Maxi Champis désactivé,Dyna-Pilz deaktivieren,Disattivando Fungomax,Deactivating Max Mushrooms,다이버섯[[를]] 통해 비활성화,ダイキノコを 無効に すれば,禁用了极巨菇菇,禁用了極巨菇菇,Deactivating Max Mushrooms,Desactivant Max Mushrooms,Deactivating Max Mushrooms,Deactivating Maksi Mantarlar,Деактивация Макс-Грибы,Deactivating Max Mushrooms,Dezaktywując: Max Mushrooms,Deactivating Jamur Max,Deactivating मैक्स मुशरूम,Vô Hiệu Hoá Nấm Max,Deactivating Max Mushrooms,Vid avaktivering av Maxsvampar,Deactivating Max Mushrooms
892,URSHIFU,gigantamax-rapid,rapid-strike,Deactivating Max Mushrooms,Desactivando Maxisetas,Deactivating Maxihongo,Avec l’objet Maxi Champis désactivé,Dyna-Pilz deaktivieren,Disattivando Fungomax,Deactivating Max Mushrooms,다이버섯[[를]] 통해 비활성화,ダイキノコを 無効に すれば,禁用了极巨菇菇,禁用了極巨菇菇,Deactivating Max Mushrooms,Desactivant Max Mushrooms,Deactivating Max Mushrooms,Deactivating Maksi Mantarlar,Деактивация Макс-Грибы,Deactivating Max Mushrooms,Dezaktywując: Max Mushrooms,Deactivating Jamur Max,Deactivating मैक्स मुशरूम,Vô Hiệu Hoá Nấm Max,Deactivating Max Mushrooms,Vid avaktivering av Maxsvampar,Deactivating Max Mushrooms
898,CALYREX,,ice,Activating Icy Reins of Unity,Activando Riendas Unión Heladas,Activating Icy Reins of Unity,Avec l’objet Rênes de l’Unité du Froid activé,Eisige Zügel des Bundes aktivieren,Attivando Briglie Legame Giaccio,Activating Icy Reins of Unity,차가운유대의고삐[[를]] 통해 폼체인지,つめたいキズナのタヅナを 有効に すれば,激活了牵绊缰绳(冰),活化了牽絆繮繩(冰),Activating Icy Reins of Unity,Activant Icy Reins of Unity,Activating Icy Reins of Unity,Activating Icy Reins of Unity,Активация Ледяные Уздечки Единства,Activating Icy Reins of Unity,Aktywując: Icy Reins of Unity,Activating Icy Reins of Unity,Activating Icy Reins of Unity,Kích hoạt Dây Cưỡi Băng Giá,Activating Icy Reins of Unity,Vid aktivering av Förbindande istyglar,Activating Icy Reins of Unity
898,CALYREX,,shadow,Activating Shadow Reins of Unity,Activando Riendas Unión Oscuras,Activating Shadow Reins of Unity,Avec l’objet Rênes de l’Unité d’Effroi activé,Schattige Zügel des Bundes aktivieren,Attivando Briglie legame Ombra,Activating Shadow Reins of Unity,검은유대의고삐[[를]] 통해 폼체인지,くろいキズナのタヅナを 有効に すれば,激活了牵绊缰绳(幽灵),活化了牽絆繮繩(幽靈),Activating Shadow Reins of Unity,Activant Shadow Reins of Unity,Activating Shadow Reins of Unity,Activating Shadow Reins of Unity,Активация Теневые Уздечки Единства,Activating Shadow Reins of Unity,Aktywując: Shadow Reins of Unity,Activating Shadow Reins of Unity,Activating Shadow Reins of Unity,Kích hoạt Dây Cưỡi Bóng Đêm,Activating Shadow Reins of Unity,Vid aktivering av Förbindande skuggtyglar,Activating Shadow Reins of Unity
898,CALYREX,ice,,Deactivating Icy Reins of Unity,Desactivando Riendas Unión Heladas,Deactivating Icy Reins of Unity,Avec l’objet Rênes de l’Unité du Froid désactivé,Eisige Zügel des Bundes deaktivieren,Disattivando Briglie Legame Giaccio,Deactivating Icy Reins of Unity,차가운유대의고삐[[를]] 통해 비활성화,つめたいキズナのタヅナを 無効に すれば,禁用了牵绊缰绳(冰),禁用了牽絆繮繩(冰),Deactivating Icy Reins of Unity,Desactivant Icy Reins of Unity,Deactivating Icy Reins of Unity,Deactivating Icy Reins of Unity,Деактивация Ледяные Уздечки Единства,Deactivating Icy Reins of Unity,Dezaktywując: Icy Reins of Unity,Deactivating Icy Reins of Unity,Deactivating Icy Reins of Unity,Vô Hiệu Hoá Dây Cưỡi Băng Giá,Deactivating Icy Reins of Unity,Vid avaktivering av Förbindande istyglar,Deactivating Icy Reins of Unity
898,CALYREX,shadow,,Deactivating Shadow Reins of Unity,Desactivando Riendas Unión Oscuras,Deactivating Shadow Reins of Unity,Avec l’objet Rênes de l’Unité d’Effroi désactivé,Schattige Zügel des Bundes deaktivieren,Disattivando Briglie legame Ombra,Deactivating Shadow Reins of Unity,검은유대의고삐[[를]] 통해 비활성화,くろいキズナのタヅナを 無効に すれば,禁用了牵绊缰绳(幽灵),禁用了牽絆繮繩(幽靈),Deactivating Shadow Reins of Unity,Desactivant Shadow Reins of Unity,Deactivating Shadow Reins of Unity,Deactivating Shadow Reins of Unity,Деактивация Теневые Уздечки Единства,Deactivating Shadow Reins of Unity,Dezaktywując: Shadow Reins of Unity,Deactivating Shadow Reins of Unity,Deactivating Shadow Reins of Unity,Vô Hiệu Hoá Dây Cưỡi Bóng Đêm,Deactivating Shadow Reins of Unity,Vid avaktivering av Förbindande skuggtyglar,Deactivating Shadow Reins of Unity
905,ENAMORUS,incarnate,therian,Activating Reveal Glass,Activando Espejo Veraz,Activating Espejo Veraz,Avec l’objet Miroir Sacré activé,Wahrspiegel aktivieren,Attivando Verispecchio,Activating Reveal Glass,비추는거울[[를]] 통해 폼체인지,うつしかがみを 有効に すれば,激活了现形镜,活化了現形鏡,Activating Reveal Glass,Activant Reveal Glass,Activating Reveal Glass,Activating Reveal Glass,Активация Зеркальце,Activating Reveal Glass,Aktywując: Reveal Glass,Activating Reveal Glass,Activating Reveal Glass,Kích hoạt Gương Phản Chiếu,Activating Reveal Glass,Vid aktivering av Sanningspegel,Activating Reveal Glass
905,ENAMORUS,therian,incarnate,Deactivating Reveal Glass,Desactivando Espejo Veraz,Deactivating Espejo Veraz,Avec l’objet Miroir Sacré désactivé,Wahrspiegel deaktivieren,Disattivando Verispecchio,Deactivating Reveal Glass,비추는거울[[를]] 통해 비활성화,うつしかがみを 無効に すれば,禁用了现形镜,禁用了現形鏡,Deactivating Reveal Glass,Desactivant Reveal Glass,Deactivating Reveal Glass,Deactivating Reveal Glass,Деактивация Зеркальце,Deactivating Reveal Glass,Dezaktywując: Reveal Glass,Deactivating Reveal Glass,Deactivating Reveal Glass,Vô Hiệu Hoá Gương Phản Chiếu,Deactivating Reveal Glass,Vid avaktivering av Sanningspegel,Deactivating Reveal Glass
952,SCOVILLAIN,,mega,Activating Scovillainite,Activando Scovillainita,Activating Scovillainita,Avec l’objet Scovilainite activé,Halupenjonit aktivieren,Attivando Scovillainite,Activating Scovillainite,스코빌런나이트[[를]] 통해 폼체인지,スコヴィラナイトを 有効に すれば,激活了狠辣椒进化石,活化了狠辣椒進化石,Activating Scovillainite,Activant Scovillainite,Activating Scovillainite,Activating Scovillainite,Активация Сковилленит,Activating Scovillainite,Aktywując: Scovillainit,Activating Scovillainite,Activating Scovillainite,Kích hoạt Scovillainite,Activating Scovillainite,Vid aktivering av Scovillainit,Activating Scovillainite
952,SCOVILLAIN,mega,,Deactivating Scovillainite,Desactivando Scovillainita,Deactivating Scovillainita,Avec l’objet Scovilainite désactivé,Halupenjonit deaktivieren,Disattivando Scovillainite,Deactivating Scovillainite,스코빌런나이트[[를]] 통해 비활성화,スコヴィラナイトを 無効に すれば,禁用了狠辣椒进化石,禁用了狠辣椒進化石,Deactivating Scovillainite,Desactivant Scovillainite,Deactivating Scovillainite,Deactivating Scovillainite,Деактивация Сковилленит,Deactivating Scovillainite,Dezaktywując: Scovillainit,Deactivating Scovillainite,Deactivating Scovillainite,Vô Hiệu Hoá Scovillainite,Deactivating Scovillainite,Vid avaktivering av Scovillainit,Deactivating Scovillainite
964,PALAFIN,zero,hero,Due to its ability,Debido a su habilidad,Due to its ability,Due à son talent,Durch seine Fähigkeit,Tramite la sua abilità,Due to its ability,특성을 통해 폼체인지,特性により,由于其特性,由於其特性,Due to its ability,A causa de la seva habilitat,Due to its ability,Due to its ability,Из-за его способности,Due to its ability,Due to its ability,Due to its ability,Due to its ability,Bởi đặc tính của nó,Due to its ability,På grund av dess särdrag,Due to its ability
964,PALAFIN,hero,zero,Due to its ability,Debido a su habilidad,Due to its ability,Due à son talent,Durch seine Fähigkeit,Tramite la sua abilità,Due to its ability,특성을 통해 폼체인지,特性により,由于其特性,由於其特性,Due to its ability,A causa de la seva habilitat,Due to its ability,Due to its ability,Из-за его способности,Due to its ability,Due to its ability,Due to its ability,Due to its ability,Bởi đặc tính của nó,Due to its ability,På grund av dess särdrag,Due to its ability
970,GLIMMORA,,mega,Activating Glimmoranite,Activando Glimmoranita,Activating Glimmoranita,Avec l’objet Floréclatite activé,Lumifloranit aktivieren,Attivando Glimmorite,Activating Glimmoranite,킬라플로르나이트[[를]] 통해 폼체인지,キラフロルナイトを 有効に すれば,激活了晶光花进化石,活化了晶光花進化石,Activating Glimmoranite,Activant Glimmoranite,Activating Glimmoranite,Activating Glimmoranite,Активация Глимморанит,Activating Glimmoranite,Aktywując: Glimmoranit,Activating Glimmoranite,Activating Glimmoranite,Kích hoạt Glimmoranite,Activating Glimmoranite,Vid aktivering av Glimmoranit,Activating Glimmoranite
970,GLIMMORA,mega,,Deactivating Glimmoranite,Desactivando Glimmoranita,Deactivating Glimmoranita,Avec l’objet Floréclatite désactivé,Lumifloranit deaktivieren,Disattivando Glimmorite,Deactivating Glimmoranite,킬라플로르나이트[[를]] 통해 비활성화,キラフロルナイトを 無効に すれば,禁用了晶光花进化石,禁用了晶光花進化石,Deactivating Glimmoranite,Desactivant Glimmoranite,Deactivating Glimmoranite,Deactivating Glimmoranite,Деактивация Глимморанит,Deactivating Glimmoranite,Dezaktywując: Glimmoranit,Deactivating Glimmoranite,Deactivating Glimmoranite,Vô Hiệu Hoá Glimmoranite,Deactivating Glimmoranite,Vid avaktivering av Glimmoranit,Deactivating Glimmoranite
978,TATSUGIRI,curly,mega-curly,Activating Tatsugirinite,Activando Tatsugirita,Activating Tatsugirita,Avec l’objet Nigirigonite activé,Nigiraginit aktivieren,Attivando Tatsugirite,Activating Tatsugirinite,싸리용나이트[[를]] 통해 폼체인지,シャリタツナイトを 有効に すれば,激活了米立龙进化石,活化了米立龍進化石,Activating Tatsugirinite,Activant Tatsugirinite,Activating Tatsugirinite,Activating Tatsugirinite,Активация Тацугиринит,Activating Tatsugirinite,Aktywując: Tatsugiryt,Activating Tatsugirinite,Activating Tatsugirinite,Kích hoạt Tatsugirinite,Activating Tatsugirinite,Vid aktivering av Tatsugirinit,Activating Tatsugirinite
978,TATSUGIRI,droopy,mega-droopy,Activating Tatsugirinite,Activando Tatsugirita,Activating Tatsugirita,Avec l’objet Nigirigonite activé,Nigiraginit aktivieren,Attivando Tatsugirite,Activating Tatsugirinite,싸리용나이트[[를]] 통해 폼체인지,シャリタツナイトを 有効に すれば,激活了米立龙进化石,活化了米立龍進化石,Activating Tatsugirinite,Activant Tatsugirinite,Activating Tatsugirinite,Activating Tatsugirinite,Активация Тацугиринит,Activating Tatsugirinite,Aktywując: Tatsugiryt,Activating Tatsugirinite,Activating Tatsugirinite,Kích hoạt Tatsugirinite,Activating Tatsugirinite,Vid aktivering av Tatsugirinit,Activating Tatsugirinite
978,TATSUGIRI,stretchy,mega-stretchy,Activating Tatsugirinite,Activando Tatsugirita,Activating Tatsugirita,Avec l’objet Nigirigonite activé,Nigiraginit aktivieren,Attivando Tatsugirite,Activating Tatsugirinite,싸리용나이트[[를]] 통해 폼체인지,シャリタツナイトを 有効に すれば,激活了米立龙进化石,活化了米立龍進化石,Activating Tatsugirinite,Activant Tatsugirinite,Activating Tatsugirinite,Activating Tatsugirinite,Активация Тацугиринит,Activating Tatsugirinite,Aktywując: Tatsugiryt,Activating Tatsugirinite,Activating Tatsugirinite,Kích hoạt Tatsugirinite,Activating Tatsugirinite,Vid aktivering av Tatsugirinit,Activating Tatsugirinite
978,TATSUGIRI,mega-curly,curly,Deactivating Tatsugirinite,Desactivando Tatsugirita,Deactivating Tatsugirita,Avec l’objet Nigirigonite désactivé,Nigiraginit deaktivieren,Disattivando Tatsugirite,Deactivating Tatsugirinite,싸리용나이트[[를]] 통해 비활성화,シャリタツナイトを 無効に すれば,禁用了米立龙进化石,禁用了米立龍進化石,Deactivating Tatsugirinite,Desactivant Tatsugirinite,Deactivating Tatsugirinite,Deactivating Tatsugirinite,Деактивация Тацугиринит,Deactivating Tatsugirinite,Dezaktywując: Tatsugiryt,Deactivating Tatsugirinite,Deactivating Tatsugirinite,Vô Hiệu Hoá Tatsugirinite,Deactivating Tatsugirinite,Vid avaktivering av Tatsugirinit,Deactivating Tatsugirinite
978,TATSUGIRI,mega-droopy,droopy,Deactivating Tatsugirinite,Desactivando Tatsugirita,Deactivating Tatsugirita,Avec l’objet Nigirigonite désactivé,Nigiraginit deaktivieren,Disattivando Tatsugirite,Deactivating Tatsugirinite,싸리용나이트[[를]] 통해 비활성화,シャリタツナイトを 無効に すれば,禁用了米立龙进化石,禁用了米立龍進化石,Deactivating Tatsugirinite,Desactivant Tatsugirinite,Deactivating Tatsugirinite,Deactivating Tatsugirinite,Деактивация Тацугиринит,Deactivating Tatsugirinite,Dezaktywując: Tatsugiryt,Deactivating Tatsugirinite,Deactivating Tatsugirinite,Vô Hiệu Hoá Tatsugirinite,Deactivating Tatsugirinite,Vid avaktivering av Tatsugirinit,Deactivating Tatsugirinite
978,TATSUGIRI,mega-stretchy,stretchy,Deactivating Tatsugirinite,Desactivando Tatsugirita,Deactivating Tatsugirita,Avec l’objet Nigirigonite désactivé,Nigiraginit deaktivieren,Disattivando Tatsugirite,Deactivating Tatsugirinite,싸리용나이트[[를]] 통해 비활성화,シャリタツナイトを 無効に すれば,禁用了米立龙进化石,禁用了米立龍進化石,Deactivating Tatsugirinite,Desactivant Tatsugirinite,Deactivating Tatsugirinite,Deactivating Tatsugirinite,Деактивация Тацугиринит,Deactivating Tatsugirinite,Dezaktywując: Tatsugiryt,Deactivating Tatsugirinite,Deactivating Tatsugirinite,Vô Hiệu Hoá Tatsugirinite,Deactivating Tatsugirinite,Vid avaktivering av Tatsugirinit,Deactivating Tatsugirinite
998,BAXCALIBUR,,mega,Activating Baxcalibrite,Activando Baxcaliburita,Activating Baxcaliburita,Avec l’objet Glaivodite activé,Espinodonit aktivieren,Attivando Baxcaliburite,Activating Baxcalibrite,드닐레이브나이트[[를]] 통해 폼체인지,セグレイブナイトを 有効に すれば,激活了戟脊龙进化石,活化了戟脊龍進化石,Activating Baxcalibrite,Activant Baxcalibrite,Activating Baxcalibrite,Activating Baxcalibrite,Активация Бакскалибрит,Activating Baxcalibrite,Aktywując: Baxcalibryt,Activating Baxcalibrite,Activating Baxcalibrite,Kích hoạt Baxcalibrite,Activating Baxcalibrite,Vid aktivering av Baxcalibrit,Activating Baxcalibrite
998,BAXCALIBUR,mega,,Deactivating Baxcalibrite,Desactivando Baxcaliburita,Deactivating Baxcaliburita,Avec l’objet Glaivodite désactivé,Espinodonit deaktivieren,Disattivando Baxcaliburite,Deactivating Baxcalibrite,드닐레이브나이트[[를]] 통해 비활성화,セグレイブナイトを 無効に すれば,禁用了戟脊龙进化石,禁用了戟脊龍進化石,Deactivating Baxcalibrite,Desactivant Baxcalibrite,Deactivating Baxcalibrite,Deactivating Baxcalibrite,Деактивация Бакскалибрит,Deactivating Baxcalibrite,Dezaktywując: Baxcalibryt,Deactivating Baxcalibrite,Deactivating Baxcalibrite,Vô Hiệu Hoá Baxcalibrite,Deactivating Baxcalibrite,Vid avaktivering av Baxcalibrit,Deactivating Baxcalibrite
1017,OGERPON,teal-mask,wellspring-mask,Activating Wellspring Mask,Activando Máscara Fuente,Activating Máscara Fuente,Avec l’objet Masque du Puits activé,Brunnenmaske aktivieren,Attivando Maschera Pozzo,Activating Wellspring Mask,우물의가면[[를]] 통해 폼체인지,いどのめんを 有効に すれば,激活了水井面具,活化了水井面具,Activating Wellspring Mask,Activant Wellspring Mask,Activating Wellspring Mask,Activating Wellspring Mask,Активация Маска Родника,Activating Wellspring Mask,Aktywując: Wellspring Mask,Activating Wellspring Mask,Activating Wellspring Mask,Kích hoạt Mặt Nạ Thủy Tinh,Activating Wellspring Mask,Vid aktivering av Källans mask,Activating Wellspring Mask
1017,OGERPON,teal-mask,hearthflame-mask,Activating Hearthflame Mask,Activando Máscara Horno,Activating Máscara Horno,Avec l’objet Masque du Fourneau activé,Ofenmaske aktivieren,Attivando Maschera Focolare,Activating Hearthflame Mask,화덕의가면[[를]] 통해 폼체인지,かまどのめんを 有効に すれば,激活了火灶面具,活化了火竈面具,Activating Hearthflame Mask,Activant Hearthflame Mask,Activating Hearthflame Mask,Activating Hearthflame Mask,Активация Маска Пламени,Activating Hearthflame Mask,Aktywując: Hearthflame Mask,Activating Topeng Tungku,Activating Hearthflame Mask,Kích hoạt Mặt Nạ Hoả Tinh,Activating Hearthflame Mask,Vid aktivering av Härdens mask,Activating Hearthflame Mask
1017,OGERPON,teal-mask,cornerstone-mask,Activating Cornerstone Mask,Activando Máscara Cimiento,Activating Máscara Cimiento,Avec l’objet Masque de la Pierre activé,Fundamentmaske aktivieren,Attivando Maschera Fondamenta,Activating Cornerstone Mask,주춧돌의가면[[를]] 통해 폼체인지,いしずえのめんを 有効に すれば,激活了础石面具,活化了礎石面具,Activating Cornerstone Mask,Activant Cornerstone Mask,Activating Cornerstone Mask,Activating Cornerstone Mask,Активация Маска Краеугольного Камня,Activating Cornerstone Mask,Aktywując: Cornerstone Mask,Activating Cornerstone Mask,Activating Cornerstone Mask,Kích hoạt Mặt Nạ Sơn Tinh,Activating Cornerstone Mask,Vid aktivering av Hörnstenens mask,Activating Cornerstone Mask
1017,OGERPON,teal-mask,teal-mask-tera,By Terastallizing,Cuando teracristaliza,By Terastallizing,En se téracristallisant,Durch Terakristallisierung,Quando teracristallizza,By Terastallizing,테라스탈한 경우,テラスタルにより,因为太晶化,因為太晶化,By Terastallizing,By Terastallizing,By Terastallizing,By Terastallizing,Путём Терасталлизации,By Terastallizing,Podczas Terastalizacji,By Terastallizing,By Terastallizing,Bằng cách Terastallizing,By Terastallizing,Genom terastallisering,By Terastallizing
1017,OGERPON,teal-mask-tera,teal-mask,When Terastallization runs out,Cuando se acaba la teracristalización,When Terastallization runs out,Quand la Téracristallisation se dissipe,Nach Ende der Terrakristallisierung,Quando la forma teracristal termina,When Terastallization runs out,테라스탈이 끝난 경우,テラスタルが 尽きるとき,当太晶化结束时,當太晶化結束時,When Terastallization runs out,When Terastallization runs out,When Terastallization runs out,When Terastallization runs out,Когда Терасталлизация заканчивается,When Terastallization runs out,Gdy skończy się Terastalizacja,When Terastallization runs out,When Terastallization runs out,Khi Terastallization hết tác dụng,When Terastallization runs out,När terastalliseringen tar slut,When Terastallization runs out
1017,OGERPON,wellspring-mask,wellspring-mask-tera,By Terastallizing,Cuando teracristaliza,By Terastallizing,En se téracristallisant,Durch Terakristallisierung,Quando teracristallizza,By Terastallizing,테라스탈한 경우,テラスタルにより,因为太晶化,因為太晶化,By Terastallizing,By Terastallizing,By Terastallizing,By Terastallizing,Путём Терасталлизации,By Terastallizing,Podczas Terastalizacji,By Terastallizing,By Terastallizing,Bằng cách Terastallizing,By Terastallizing,Genom terastallisering,By Terastallizing
1017,OGERPON,wellspring-mask-tera,wellspring-mask,When Terastallization runs out,Cuando se acaba la teracristalización,When Terastallization runs out,Quand la Téracristallisation se dissipe,Nach Ende der Terrakristallisierung,Quando la forma teracristal termina,When Terastallization runs out,테라스탈이 끝난 경우,テラスタルが 尽きるとき,当太晶化结束时,當太晶化結束時,When Terastallization runs out,When Terastallization runs out,When Terastallization runs out,When Terastallization runs out,Когда Терасталлизация заканчивается,When Terastallization runs out,Gdy skończy się Terastalizacja,When Terastallization runs out,When Terastallization runs out,Khi Terastallization hết tác dụng,When Terastallization runs out,När terastalliseringen tar slut,When Terastallization runs out
1017,OGERPON,hearthflame-mask,hearthflame-mask-tera,By Terastallizing,Cuando teracristaliza,By Terastallizing,En se téracristallisant,Durch Terakristallisierung,Quando teracristallizza,By Terastallizing,테라스탈한 경우,テラスタルにより,因为太晶化,因為太晶化,By Terastallizing,By Terastallizing,By Terastallizing,By Terastallizing,Путём Терасталлизации,By Terastallizing,Podczas Terastalizacji,By Terastallizing,By Terastallizing,Bằng cách Terastallizing,By Terastallizing,Genom terastallisering,By Terastallizing
1017,OGERPON,hearthflame-mask-tera,hearthflame-mask,When Terastallization runs out,Cuando se acaba la teracristalización,When Terastallization runs out,Quand la Téracristallisation se dissipe,Nach Ende der Terrakristallisierung,Quando la forma teracristal termina,When Terastallization runs out,테라스탈이 끝난 경우,テラスタルが 尽きるとき,当太晶化结束时,當太晶化結束時,When Terastallization runs out,When Terastallization runs out,When Terastallization runs out,When Terastallization runs out,Когда Терасталлизация заканчивается,When Terastallization runs out,Gdy skończy się Terastalizacja,When Terastallization runs out,When Terastallization runs out,Khi Terastallization hết tác dụng,When Terastallization runs out,När terastalliseringen tar slut,When Terastallization runs out
1017,OGERPON,cornerstone-mask,cornerstone-mask-tera,By Terastallizing,Cuando teracristaliza,By Terastallizing,En se téracristallisant,Durch Terakristallisierung,Quando teracristallizza,By Terastallizing,테라스탈한 경우,テラスタルにより,因为太晶化,因為太晶化,By Terastallizing,By Terastallizing,By Terastallizing,By Terastallizing,Путём Терасталлизации,By Terastallizing,Podczas Terastalizacji,By Terastallizing,By Terastallizing,Bằng cách Terastallizing,By Terastallizing,Genom terastallisering,By Terastallizing
1017,OGERPON,cornerstone-mask-tera,cornerstone-mask,When Terastallization runs out,Cuando se acaba la teracristalización,When Terastallization runs out,Quand la Téracristallisation se dissipe,Nach Ende der Terrakristallisierung,Quando la forma teracristal termina,When Terastallization runs out,테라스탈이 끝난 경우,テラスタルが 尽きるとき,当太晶化结束时,當太晶化結束時,When Terastallization runs out,When Terastallization runs out,When Terastallization runs out,When Terastallization runs out,Когда Терасталлизация заканчивается,When Terastallization runs out,Gdy skończy się Terastalizacja,When Terastallization runs out,When Terastallization runs out,Khi Terastallization hết tác dụng,When Terastallization runs out,När terastalliseringen tar slut,When Terastallization runs out
1017,OGERPON,wellspring-mask,teal-mask,Deactivating Wellspring Mask,Desactivando Máscara Fuente,Deactivating Máscara Fuente,Avec l’objet Masque du Puits désactivé,Brunnenmaske deaktivieren,Disattivando Maschera Pozzo,Deactivating Wellspring Mask,우물의가면[[를]] 통해 비활성화,いどのめんを 無効に すれば,禁用了水井面具,禁用了水井面具,Deactivating Wellspring Mask,Desactivant Wellspring Mask,Deactivating Wellspring Mask,Deactivating Wellspring Mask,Деактивация Маска Родника,Deactivating Wellspring Mask,Dezaktywując: Wellspring Mask,Deactivating Wellspring Mask,Deactivating Wellspring Mask,Vô Hiệu Hoá Mặt Nạ Thủy Tinh,Deactivating Wellspring Mask,Vid avaktivering av Källans mask,Deactivating Wellspring Mask
1017,OGERPON,hearthflame-mask,teal-mask,Deactivating Hearthflame Mask,Desactivando Máscara Horno,Deactivating Máscara Horno,Avec l’objet Masque du Fourneau désactivé,Ofenmaske deaktivieren,Disattivando Maschera Focolare,Deactivating Hearthflame Mask,화덕의가면[[를]] 통해 비활성화,かまどのめんを 無効に すれば,禁用了火灶面具,禁用了火竈面具,Deactivating Hearthflame Mask,Desactivant Hearthflame Mask,Deactivating Hearthflame Mask,Deactivating Hearthflame Mask,Деактивация Маска Пламени,Deactivating Hearthflame Mask,Dezaktywując: Hearthflame Mask,Deactivating Topeng Tungku,Deactivating Hearthflame Mask,Vô Hiệu Hoá Mặt Nạ Hoả Tinh,Deactivating Hearthflame Mask,Vid avaktivering av Härdens mask,Deactivating Hearthflame Mask
1017,OGERPON,cornerstone-mask,teal-mask,Deactivating Cornerstone Mask,Desactivando Máscara Cimiento,Deactivating Máscara Cimiento,Avec l’objet Masque de la Pierre désactivé,Fundamentmaske deaktivieren,Disattivando Maschera Fondamenta,Deactivating Cornerstone Mask,주춧돌의가면[[를]] 통해 비활성화,いしずえのめんを 無効に すれば,禁用了础石面具,禁用了礎石面具,Deactivating Cornerstone Mask,Desactivant Cornerstone Mask,Deactivating Cornerstone Mask,Deactivating Cornerstone Mask,Деактивация Маска Краеугольного Камня,Deactivating Cornerstone Mask,Dezaktywując: Cornerstone Mask,Deactivating Cornerstone Mask,Deactivating Cornerstone Mask,Vô Hiệu Hoá Mặt Nạ Sơn Tinh,Deactivating Cornerstone Mask,Vid avaktivering av Hörnstenens mask,Deactivating Cornerstone Mask
1024,TERAPAGOS,,terastal,Due to its ability,Debido a su habilidad,Due to its ability,Due à son talent,Durch seine Fähigkeit,Tramite la sua abilità,Due to its ability,특성을 통해 폼체인지,特性により,由于其特性,由於其特性,Due to its ability,A causa de la seva habilitat,Due to its ability,Due to its ability,Из-за его способности,Due to its ability,Due to its ability,Due to its ability,Due to its ability,Bởi đặc tính của nó,Due to its ability,På grund av dess särdrag,Due to its ability
1024,TERAPAGOS,terastal,stellar,By Terastallizing,Cuando teracristaliza,By Terastallizing,En se téracristallisant,Durch Terakristallisierung,Quando teracristallizza,By Terastallizing,테라스탈한 경우,テラスタルにより,因为太晶化,因為太晶化,By Terastallizing,By Terastallizing,By Terastallizing,By Terastallizing,Путём Терасталлизации,By Terastallizing,Podczas Terastalizacji,By Terastallizing,By Terastallizing,Bằng cách Terastallizing,By Terastallizing,Genom terastallisering,By Terastallizing
1024,TERAPAGOS,stellar,terastal,When Terastallization runs out,Cuando se acaba la teracristalización,When Terastallization runs out,Quand la Téracristallisation se dissipe,Nach Ende der Terrakristallisierung,Quando la forma teracristal termina,When Terastallization runs out,테라스탈이 끝난 경우,テラスタルが 尽きるとき,当太晶化结束时,當太晶化結束時,When Terastallization runs out,When Terastallization runs out,When Terastallization runs out,When Terastallization runs out,Когда Терасталлизация заканчивается,When Terastallization runs out,Gdy skończy się Terastalizacja,When Terastallization runs out,When Terastallization runs out,Khi Terastallization hết tác dụng,When Terastallization runs out,När terastalliseringen tar slut,When Terastallization runs out
2658,BATTLE_BOND_GRENINJA,battle-bond,ash,Due to its ability,Debido a su habilidad,Due to its ability,Due à son talent,Durch seine Fähigkeit,Tramite la sua abilità,Due to its ability,특성을 통해 폼체인지,特性により,由于其特性,由於其特性,Due to its ability,A causa de la seva habilitat,Due to its ability,Due to its ability,Из-за его способности,Due to its ability,Due to its ability,Due to its ability,Due to its ability,Bởi đặc tính của nó,Due to its ability,På grund av dess särdrag,Due to its ability
2658,BATTLE_BOND_GRENINJA,ash,battle-bond,Due to its ability,Debido a su habilidad,Due to its ability,Due à son talent,Durch seine Fähigkeit,Tramite la sua abilità,Due to its ability,특성을 통해 폼체인지,特性により,由于其特性,由於其特性,Due to its ability,A causa de la seva habilitat,Due to its ability,Due to its ability,Из-за его способности,Due to its ability,Due to its ability,Due to its ability,Due to its ability,Bởi đặc tính của nó,Due to its ability,På grund av dess särdrag,Due to its ability
2670,ETERNAL_FLOETTE,,mega,Activating Floettite,Activando Floettita,Activating Floettita,Avec l’objet Floettite activé,Floetteonit aktivieren,Attivando Floettite,Activating Floettite,플라엣테나이트[[를]] 통해 폼체인지,フラエッテナイトを 有効に すれば,激活了花叶蒂进化石,活化了花葉蒂進化石,Activating Floettite,Activant Floettite,Activating Floettite,Activating Floettite,Активация Флоэттит,Activating Floettite,Aktywując: Floettyt,Activating Floettite,Activating Floettite,Kích hoạt Floettite,Activating Floettite,Vid aktivering av Floettit,Activating Floettite
2670,ETERNAL_FLOETTE,mega,,Deactivating Floettite,Desactivando Floettita,Deactivating Floettita,Avec l’objet Floettite désactivé,Floetteonit deaktivieren,Disattivando Floettite,Deactivating Floettite,플라엣테나이트[[를]] 통해 비활성화,フラエッテナイトを 無効に すれば,禁用了花叶蒂进化石,禁用了花葉蒂進化石,Deactivating Floettite,Desactivant Floettite,Deactivating Floettite,Deactivating Floettite,Деактивация Флоэттит,Deactivating Floettite,Dezaktywując: Floettyt,Deactivating Floettite,Deactivating Floettite,Vô Hiệu Hoá Floettite,Deactivating Floettite,Vid avaktivering av Floettit,Deactivating Floettite
4555,GALAR_DARMANITAN,,zen,Due to its ability,Debido a su habilidad,Due to its ability,Due à son talent,Durch seine Fähigkeit,Tramite la sua abilità,Due to its ability,특성을 통해 폼체인지,特性により,由于其特性,由於其特性,Due to its ability,A causa de la seva habilitat,Due to its ability,Due to its ability,Из-за его способности,Due to its ability,Due to its ability,Due to its ability,Due to its ability,Bởi đặc tính của nó,Due to its ability,På grund av dess särdrag,Due to its ability
4555,GALAR_DARMANITAN,zen,,Due to its ability,Debido a su habilidad,Due to its ability,Due à son talent,Durch seine Fähigkeit,Tramite la sua abilità,Due to its ability,특성을 통해 폼체인지,特性により,由于其特性,由於其特性,Due to its ability,A causa de la seva habilitat,Due to its ability,Due to its ability,Из-за его способности,Due to its ability,Due to its ability,Due to its ability,Due to its ability,Bởi đặc tính của nó,Due to its ability,På grund av dess särdrag,Due to its ability