dexNum,id,form,level,move
1,BULBASAUR,,1,TACKLE
1,BULBASAUR,,1,GROWL
1,BULBASAUR,,3,VINE_WHIP
1,BULBASAUR,,6,GROWTH
1,BULBASAUR,,9,LEECH_SEED
1,BULBASAUR,,12,RAZOR_LEAF
1,BULBASAUR,,15,POISON_POWDER
1,BULBASAUR,,15,SLEEP_POWDER
1,BULBASAUR,,18,SEED_BOMB
1,BULBASAUR,,21,TAKE_DOWN
1,BULBASAUR,,24,SWEET_SCENT
1,BULBASAUR,,27,SYNTHESIS
1,BULBASAUR,,30,WORRY_SEED
1,BULBASAUR,,33,POWER_WHIP
1,BULBASAUR,,36,SOLAR_BEAM
2,IVYSAUR,,1,VINE_WHIP
2,IVYSAUR,,1,TACKLE
2,IVYSAUR,,1,GROWL
2,IVYSAUR,,1,GROWTH
2,IVYSAUR,,9,LEECH_SEED
2,IVYSAUR,,12,RAZOR_LEAF
2,IVYSAUR,,15,POISON_POWDER
2,IVYSAUR,,15,SLEEP_POWDER
2,IVYSAUR,,20,SEED_BOMB
2,IVYSAUR,,25,TAKE_DOWN
2,IVYSAUR,,30,SWEET_SCENT
2,IVYSAUR,,35,SYNTHESIS
2,IVYSAUR,,40,WORRY_SEED
2,IVYSAUR,,45,POWER_WHIP
2,IVYSAUR,,50,SOLAR_BEAM
3,VENUSAUR,,EVOLVE_MOVE,PETAL_BLIZZARD
3,VENUSAUR,,1,GROWTH
3,VENUSAUR,,1,PETAL_DANCE
3,VENUSAUR,,1,VINE_WHIP
3,VENUSAUR,,1,TACKLE
3,VENUSAUR,,1,GROWL
3,VENUSAUR,,9,LEECH_SEED
3,VENUSAUR,,12,RAZOR_LEAF
3,VENUSAUR,,15,POISON_POWDER
3,VENUSAUR,,15,SLEEP_POWDER
3,VENUSAUR,,20,SEED_BOMB
3,VENUSAUR,,25,TAKE_DOWN
3,VENUSAUR,,30,SWEET_SCENT
3,VENUSAUR,,37,SYNTHESIS
3,VENUSAUR,,44,WORRY_SEED
3,VENUSAUR,,51,POWER_WHIP
3,VENUSAUR,,58,SOLAR_BEAM
4,CHARMANDER,,1,SCRATCH
4,CHARMANDER,,1,GROWL
4,CHARMANDER,,4,EMBER
4,CHARMANDER,,8,SMOKESCREEN
4,CHARMANDER,,12,DRAGON_BREATH
4,CHARMANDER,,17,FIRE_FANG
4,CHARMANDER,,20,SLASH
4,CHARMANDER,,24,FLAMETHROWER
4,CHARMANDER,,28,SCARY_FACE
4,CHARMANDER,,32,FIRE_SPIN
4,CHARMANDER,,36,INFERNO
4,CHARMANDER,,40,FLARE_BLITZ
5,CHARMELEON,,1,SCRATCH
5,CHARMELEON,,1,GROWL
5,CHARMELEON,,1,EMBER
5,CHARMELEON,,1,SMOKESCREEN
5,CHARMELEON,,1,FIRE_SPIN
5,CHARMELEON,,12,DRAGON_BREATH
5,CHARMELEON,,19,FIRE_FANG
5,CHARMELEON,,24,SLASH
5,CHARMELEON,,30,FLAMETHROWER
5,CHARMELEON,,37,SCARY_FACE
5,CHARMELEON,,48,INFERNO
5,CHARMELEON,,54,FLARE_BLITZ
6,CHARIZARD,,EVOLVE_MOVE,AIR_SLASH
6,CHARIZARD,,1,SCRATCH
6,CHARIZARD,,1,GROWL
6,CHARIZARD,,1,EMBER
6,CHARIZARD,,1,SMOKESCREEN
6,CHARIZARD,,1,HEAT_WAVE
6,CHARIZARD,,1,DRAGON_CLAW
6,CHARIZARD,,12,DRAGON_BREATH
6,CHARIZARD,,19,FIRE_FANG
6,CHARIZARD,,24,SLASH
6,CHARIZARD,,30,FLAMETHROWER
6,CHARIZARD,,39,SCARY_FACE
6,CHARIZARD,,46,FIRE_SPIN
6,CHARIZARD,,54,INFERNO
6,CHARIZARD,,62,FLARE_BLITZ
7,SQUIRTLE,,1,TACKLE
7,SQUIRTLE,,1,TAIL_WHIP
7,SQUIRTLE,,3,WATER_GUN
7,SQUIRTLE,,6,WITHDRAW
7,SQUIRTLE,,9,RAPID_SPIN
7,SQUIRTLE,,12,BITE
7,SQUIRTLE,,15,WATER_PULSE
7,SQUIRTLE,,18,PROTECT
7,SQUIRTLE,,21,RAIN_DANCE
7,SQUIRTLE,,24,AQUA_TAIL
7,SQUIRTLE,,27,SHELL_SMASH
7,SQUIRTLE,,30,IRON_DEFENSE
7,SQUIRTLE,,33,HYDRO_PUMP
7,SQUIRTLE,,36,WAVE_CRASH
8,WARTORTLE,,1,TACKLE
8,WARTORTLE,,1,TAIL_WHIP
8,WARTORTLE,,1,WATER_GUN
8,WARTORTLE,,1,WITHDRAW
8,WARTORTLE,,9,RAPID_SPIN
8,WARTORTLE,,12,BITE
8,WARTORTLE,,15,WATER_PULSE
8,WARTORTLE,,20,PROTECT
8,WARTORTLE,,25,RAIN_DANCE
8,WARTORTLE,,30,AQUA_TAIL
8,WARTORTLE,,35,SHELL_SMASH
8,WARTORTLE,,40,IRON_DEFENSE
8,WARTORTLE,,45,HYDRO_PUMP
8,WARTORTLE,,50,WAVE_CRASH
9,BLASTOISE,,EVOLVE_MOVE,FLASH_CANNON
9,BLASTOISE,,1,TACKLE
9,BLASTOISE,,1,TAIL_WHIP
9,BLASTOISE,,1,WATER_GUN
9,BLASTOISE,,1,WITHDRAW
9,BLASTOISE,,9,RAPID_SPIN
9,BLASTOISE,,12,BITE
9,BLASTOISE,,15,WATER_PULSE
9,BLASTOISE,,20,PROTECT
9,BLASTOISE,,25,RAIN_DANCE
9,BLASTOISE,,30,AQUA_TAIL
9,BLASTOISE,,35,SHELL_SMASH
9,BLASTOISE,,42,IRON_DEFENSE
9,BLASTOISE,,49,HYDRO_PUMP
9,BLASTOISE,,56,WAVE_CRASH
10,CATERPIE,,1,TACKLE
10,CATERPIE,,1,STRING_SHOT
10,CATERPIE,,9,BUG_BITE
11,METAPOD,,EVOLVE_MOVE,HARDEN
11,METAPOD,,RELEARN_MOVE,TACKLE
11,METAPOD,,RELEARN_MOVE,STRING_SHOT
11,METAPOD,,RELEARN_MOVE,BUG_BITE
11,METAPOD,,1,HARDEN
12,BUTTERFREE,,EVOLVE_MOVE,GUST
12,BUTTERFREE,,1,TACKLE
12,BUTTERFREE,,1,STRING_SHOT
12,BUTTERFREE,,1,HARDEN
12,BUTTERFREE,,1,BUG_BITE
12,BUTTERFREE,,4,SUPERSONIC
12,BUTTERFREE,,8,CONFUSION
12,BUTTERFREE,,12,POISON_POWDER
12,BUTTERFREE,,12,STUN_SPORE
12,BUTTERFREE,,12,SLEEP_POWDER
12,BUTTERFREE,,16,PSYBEAM
12,BUTTERFREE,,20,WHIRLWIND
12,BUTTERFREE,,24,AIR_SLASH
12,BUTTERFREE,,28,SAFEGUARD
12,BUTTERFREE,,32,BUG_BUZZ
12,BUTTERFREE,,36,TAILWIND
12,BUTTERFREE,,40,RAGE_POWDER
12,BUTTERFREE,,44,QUIVER_DANCE
13,WEEDLE,,1,POISON_STING
13,WEEDLE,,1,STRING_SHOT
13,WEEDLE,,9,BUG_BITE
14,KAKUNA,,EVOLVE_MOVE,HARDEN
14,KAKUNA,,RELEARN_MOVE,POISON_STING
14,KAKUNA,,RELEARN_MOVE,STRING_SHOT
14,KAKUNA,,RELEARN_MOVE,BUG_BITE
14,KAKUNA,,1,HARDEN
15,BEEDRILL,,EVOLVE_MOVE,TWINEEDLE
15,BEEDRILL,,1,POISON_STING
15,BEEDRILL,,1,STRING_SHOT
15,BEEDRILL,,1,HARDEN
15,BEEDRILL,,1,BUG_BITE
15,BEEDRILL,,1,FURY_ATTACK
15,BEEDRILL,,11,FURY_CUTTER
15,BEEDRILL,,14,RAGE
15,BEEDRILL,,17,PURSUIT
15,BEEDRILL,,20,FOCUS_ENERGY
15,BEEDRILL,,23,VENOSHOCK
15,BEEDRILL,,26,ASSURANCE
15,BEEDRILL,,29,TOXIC_SPIKES
15,BEEDRILL,,32,PIN_MISSILE
15,BEEDRILL,,35,POISON_JAB
15,BEEDRILL,,38,AGILITY
15,BEEDRILL,,41,ENDEAVOR
15,BEEDRILL,,44,FELL_STINGER
16,PIDGEY,,1,TACKLE
16,PIDGEY,,5,SAND_ATTACK
16,PIDGEY,,9,GUST
16,PIDGEY,,13,QUICK_ATTACK
16,PIDGEY,,17,WHIRLWIND
16,PIDGEY,,21,TWISTER
16,PIDGEY,,25,FEATHER_DANCE
16,PIDGEY,,29,AGILITY
16,PIDGEY,,33,WING_ATTACK
16,PIDGEY,,37,ROOST
16,PIDGEY,,41,TAILWIND
16,PIDGEY,,45,AERIAL_ACE
16,PIDGEY,,49,AIR_SLASH
16,PIDGEY,,53,HURRICANE
17,PIDGEOTTO,,1,GUST
17,PIDGEOTTO,,1,SAND_ATTACK
17,PIDGEOTTO,,1,TACKLE
17,PIDGEOTTO,,5,SAND_ATTACK
17,PIDGEOTTO,,9,GUST
17,PIDGEOTTO,,13,QUICK_ATTACK
17,PIDGEOTTO,,17,WHIRLWIND
17,PIDGEOTTO,,22,TWISTER
17,PIDGEOTTO,,27,FEATHER_DANCE
17,PIDGEOTTO,,32,AGILITY
17,PIDGEOTTO,,37,WING_ATTACK
17,PIDGEOTTO,,42,ROOST
17,PIDGEOTTO,,47,TAILWIND
17,PIDGEOTTO,,52,AERIAL_ACE
17,PIDGEOTTO,,57,AIR_SLASH
17,PIDGEOTTO,,62,HURRICANE
18,PIDGEOT,,1,GUST
18,PIDGEOT,,1,SAND_ATTACK
18,PIDGEOT,,1,TACKLE
18,PIDGEOT,,1,QUICK_ATTACK
18,PIDGEOT,,1,HURRICANE
18,PIDGEOT,,5,SAND_ATTACK
18,PIDGEOT,,9,GUST
18,PIDGEOT,,17,WHIRLWIND
18,PIDGEOT,,22,TWISTER
18,PIDGEOT,,27,FEATHER_DANCE
18,PIDGEOT,,32,AGILITY
18,PIDGEOT,,38,WING_ATTACK
18,PIDGEOT,,44,ROOST
18,PIDGEOT,,50,TAILWIND
18,PIDGEOT,,56,AERIAL_ACE
18,PIDGEOT,,62,AIR_SLASH
18,PIDGEOT,,68,HURRICANE
19,RATTATA,,1,TACKLE
19,RATTATA,,1,TAIL_WHIP
19,RATTATA,,4,QUICK_ATTACK
19,RATTATA,,7,FOCUS_ENERGY
19,RATTATA,,10,BITE
19,RATTATA,,13,LASER_FOCUS
19,RATTATA,,16,TAKE_DOWN
19,RATTATA,,19,ASSURANCE
19,RATTATA,,22,CRUNCH
19,RATTATA,,25,SUCKER_PUNCH
19,RATTATA,,28,SUPER_FANG
19,RATTATA,,31,DOUBLE_EDGE
19,RATTATA,,34,ENDEAVOR
20,RATICATE,,EVOLVE_MOVE,SCARY_FACE
20,RATICATE,,1,SWORDS_DANCE
20,RATICATE,,1,TACKLE
20,RATICATE,,1,TAIL_WHIP
20,RATICATE,,1,QUICK_ATTACK
20,RATICATE,,1,FOCUS_ENERGY
20,RATICATE,,10,BITE
20,RATICATE,,13,LASER_FOCUS
20,RATICATE,,16,TAKE_DOWN
20,RATICATE,,19,ASSURANCE
20,RATICATE,,24,CRUNCH
20,RATICATE,,29,SUCKER_PUNCH
20,RATICATE,,34,SUPER_FANG
20,RATICATE,,39,DOUBLE_EDGE
20,RATICATE,,44,ENDEAVOR
21,SPEAROW,,1,GROWL
21,SPEAROW,,1,PECK
21,SPEAROW,,4,LEER
21,SPEAROW,,8,ASSURANCE
21,SPEAROW,,11,FURY_ATTACK
21,SPEAROW,,15,AERIAL_ACE
21,SPEAROW,,18,WING_ATTACK
21,SPEAROW,,22,TAKE_DOWN
21,SPEAROW,,25,AGILITY
21,SPEAROW,,29,FOCUS_ENERGY
21,SPEAROW,,32,ROOST
21,SPEAROW,,36,DRILL_PECK
22,FEAROW,,1,LEER
22,FEAROW,,1,GROWL
22,FEAROW,,1,PECK
22,FEAROW,,1,ASSURANCE
22,FEAROW,,1,PLUCK
22,FEAROW,,1,DRILL_RUN
22,FEAROW,,1,PURSUIT
22,FEAROW,,4,LEER
22,FEAROW,,8,ASSURANCE
22,FEAROW,,11,FURY_ATTACK
22,FEAROW,,15,AERIAL_ACE
22,FEAROW,,18,WING_ATTACK
22,FEAROW,,23,TAKE_DOWN
22,FEAROW,,27,AGILITY
22,FEAROW,,32,FOCUS_ENERGY
22,FEAROW,,36,ROOST
22,FEAROW,,41,DRILL_PECK
23,EKANS,,1,WRAP
23,EKANS,,1,LEER
23,EKANS,,4,POISON_STING
23,EKANS,,9,BITE
23,EKANS,,12,GLARE
23,EKANS,,17,SCREECH
23,EKANS,,20,ACID
23,EKANS,,25,SWALLOW
23,EKANS,,25,STOCKPILE
23,EKANS,,25,SPIT_UP
23,EKANS,,28,ACID_SPRAY
23,EKANS,,33,SLUDGE_BOMB
23,EKANS,,36,GASTRO_ACID
23,EKANS,,38,BELCH
23,EKANS,,41,HAZE
23,EKANS,,44,COIL
23,EKANS,,49,GUNK_SHOT
24,ARBOK,,EVOLVE_MOVE,CRUNCH
24,ARBOK,,1,WRAP
24,ARBOK,,1,POISON_STING
24,ARBOK,,1,LEER
24,ARBOK,,1,BITE
24,ARBOK,,1,THUNDER_FANG
24,ARBOK,,1,ICE_FANG
24,ARBOK,,1,FIRE_FANG
24,ARBOK,,12,GLARE
24,ARBOK,,17,SCREECH
24,ARBOK,,20,ACID
24,ARBOK,,27,STOCKPILE
24,ARBOK,,27,SPIT_UP
24,ARBOK,,27,SWALLOW
24,ARBOK,,32,ACID_SPRAY
24,ARBOK,,39,SLUDGE_BOMB
24,ARBOK,,44,GASTRO_ACID
24,ARBOK,,48,BELCH
24,ARBOK,,51,HAZE
24,ARBOK,,56,COIL
24,ARBOK,,63,GUNK_SHOT
25,PIKACHU,,1,TAIL_WHIP
25,PIKACHU,,1,GROWL
25,PIKACHU,,1,THUNDER_SHOCK
25,PIKACHU,,1,QUICK_ATTACK
25,PIKACHU,,1,SWEET_KISS
25,PIKACHU,,1,CHARM
25,PIKACHU,,1,NASTY_PLOT
25,PIKACHU,,1,PLAY_NICE
25,PIKACHU,,1,NUZZLE
25,PIKACHU,,4,THUNDER_WAVE
25,PIKACHU,,8,DOUBLE_TEAM
25,PIKACHU,,12,ELECTRO_BALL
25,PIKACHU,,16,FEINT
25,PIKACHU,,24,AGILITY
25,PIKACHU,,28,IRON_TAIL
25,PIKACHU,,32,DISCHARGE
25,PIKACHU,,36,THUNDERBOLT
25,PIKACHU,,40,LIGHT_SCREEN
25,PIKACHU,,44,THUNDER
25,PIKACHU,,48,PIKA_PAPOW
25,PIKACHU,,20,SPARK
25,PIKACHU,partner,20,ZIPPY_ZAP
25,PIKACHU,partner,34,FLOATY_FALL
25,PIKACHU,partner,42,SPLISHY_SPLASH
25,PIKACHU,cosplay,20,SPARK
25,PIKACHU,cool-cosplay,1,METEOR_MASH
25,PIKACHU,cool-cosplay,20,SPARK
25,PIKACHU,beauty-cosplay,1,ICICLE_CRASH
25,PIKACHU,beauty-cosplay,20,SPARK
25,PIKACHU,cute-cosplay,1,DRAINING_KISS
25,PIKACHU,cute-cosplay,20,SPARK
25,PIKACHU,smart-cosplay,1,ELECTRIC_TERRAIN
25,PIKACHU,smart-cosplay,20,SPARK
25,PIKACHU,tough-cosplay,1,FLYING_PRESS
25,PIKACHU,tough-cosplay,20,SPARK
25,PIKACHU,gigantamax,20,ZIPPY_ZAP
25,PIKACHU,gigantamax,34,FLOATY_FALL
25,PIKACHU,gigantamax,42,SPLISHY_SPLASH
26,RAICHU,,EVOLVE_MOVE,ZIPPY_ZAP
26,RAICHU,,1,TAIL_WHIP
26,RAICHU,,1,GROWL
26,RAICHU,,1,THUNDER_SHOCK
26,RAICHU,,1,THUNDER_WAVE
26,RAICHU,,1,THUNDER
26,RAICHU,,1,AGILITY
26,RAICHU,,1,QUICK_ATTACK
26,RAICHU,,1,DOUBLE_TEAM
26,RAICHU,,1,LIGHT_SCREEN
26,RAICHU,,1,SWEET_KISS
26,RAICHU,,1,CHARM
26,RAICHU,,1,SPARK
26,RAICHU,,1,IRON_TAIL
26,RAICHU,,1,FEINT
26,RAICHU,,1,NASTY_PLOT
26,RAICHU,,1,DISCHARGE
26,RAICHU,,1,ELECTRO_BALL
26,RAICHU,,1,PLAY_NICE
26,RAICHU,,1,NUZZLE
26,RAICHU,,1,THUNDER_PUNCH
26,RAICHU,,5,THUNDERBOLT
26,RAICHU,,50,PIKA_PAPOW
27,SANDSHREW,,1,SCRATCH
27,SANDSHREW,,1,DEFENSE_CURL
27,SANDSHREW,,3,POISON_STING
27,SANDSHREW,,6,SAND_ATTACK
27,SANDSHREW,,9,ROLLOUT
27,SANDSHREW,,12,FURY_CUTTER
27,SANDSHREW,,15,RAPID_SPIN
27,SANDSHREW,,18,BULLDOZE
27,SANDSHREW,,21,SWIFT
27,SANDSHREW,,24,FURY_SWIPES
27,SANDSHREW,,27,AGILITY
27,SANDSHREW,,30,SLASH
27,SANDSHREW,,33,DIG
27,SANDSHREW,,36,GYRO_BALL
27,SANDSHREW,,39,SWORDS_DANCE
27,SANDSHREW,,42,SANDSTORM
27,SANDSHREW,,45,EARTHQUAKE
28,SANDSLASH,,1,SCRATCH
28,SANDSLASH,,1,SAND_ATTACK
28,SANDSLASH,,1,POISON_STING
28,SANDSLASH,,1,DEFENSE_CURL
28,SANDSLASH,,1,CRUSH_CLAW
28,SANDSLASH,,1,AGILITY
28,SANDSLASH,,9,ROLLOUT
28,SANDSLASH,,12,FURY_CUTTER
28,SANDSLASH,,15,RAPID_SPIN
28,SANDSLASH,,18,BULLDOZE
28,SANDSLASH,,21,SWIFT
28,SANDSLASH,,26,FURY_SWIPES
28,SANDSLASH,,31,SAND_TOMB
28,SANDSLASH,,36,SLASH
28,SANDSLASH,,41,DIG
28,SANDSLASH,,46,GYRO_BALL
28,SANDSLASH,,51,SWORDS_DANCE
28,SANDSLASH,,56,SANDSTORM
28,SANDSLASH,,61,EARTHQUAKE
29,NIDORAN_F,,1,POISON_STING
29,NIDORAN_F,,1,GROWL
29,NIDORAN_F,,5,SCRATCH
29,NIDORAN_F,,10,TAIL_WHIP
29,NIDORAN_F,,15,FURY_SWIPES
29,NIDORAN_F,,20,TOXIC_SPIKES
29,NIDORAN_F,,25,DOUBLE_KICK
29,NIDORAN_F,,30,BITE
29,NIDORAN_F,,35,HELPING_HAND
29,NIDORAN_F,,40,TOXIC
29,NIDORAN_F,,45,FLATTER
29,NIDORAN_F,,50,CRUNCH
29,NIDORAN_F,,55,EARTH_POWER
30,NIDORINA,,1,SCRATCH
30,NIDORINA,,1,TAIL_WHIP
30,NIDORINA,,1,POISON_STING
30,NIDORINA,,1,GROWL
30,NIDORINA,,15,FURY_SWIPES
30,NIDORINA,,22,TOXIC_SPIKES
30,NIDORINA,,29,DOUBLE_KICK
30,NIDORINA,,36,BITE
30,NIDORINA,,43,HELPING_HAND
30,NIDORINA,,50,TOXIC
30,NIDORINA,,57,FLATTER
30,NIDORINA,,64,CRUNCH
30,NIDORINA,,71,EARTH_POWER
31,NIDOQUEEN,,EVOLVE_MOVE,SUPERPOWER
31,NIDOQUEEN,,1,SLUDGE_WAVE
31,NIDOQUEEN,,1,SCRATCH
31,NIDOQUEEN,,1,DOUBLE_KICK
31,NIDOQUEEN,,1,TAIL_WHIP
31,NIDOQUEEN,,1,POISON_STING
31,NIDOQUEEN,,1,BITE
31,NIDOQUEEN,,1,GROWL
31,NIDOQUEEN,,1,TOXIC
31,NIDOQUEEN,,1,FURY_SWIPES
31,NIDOQUEEN,,1,CRUNCH
31,NIDOQUEEN,,1,FLATTER
31,NIDOQUEEN,,1,HELPING_HAND
31,NIDOQUEEN,,1,TOXIC_SPIKES
31,NIDOQUEEN,,1,EARTH_POWER
32,NIDORAN_M,,1,POISON_STING
32,NIDORAN_M,,1,LEER
32,NIDORAN_M,,5,PECK
32,NIDORAN_M,,10,FOCUS_ENERGY
32,NIDORAN_M,,15,FURY_ATTACK
32,NIDORAN_M,,20,TOXIC_SPIKES
32,NIDORAN_M,,25,DOUBLE_KICK
32,NIDORAN_M,,30,HORN_ATTACK
32,NIDORAN_M,,35,HELPING_HAND
32,NIDORAN_M,,40,TOXIC
32,NIDORAN_M,,45,FLATTER
32,NIDORAN_M,,50,POISON_JAB
32,NIDORAN_M,,55,EARTH_POWER
33,NIDORINO,,1,POISON_STING
33,NIDORINO,,1,LEER
33,NIDORINO,,1,PECK
33,NIDORINO,,1,FOCUS_ENERGY
33,NIDORINO,,15,FURY_ATTACK
33,NIDORINO,,22,TOXIC_SPIKES
33,NIDORINO,,29,DOUBLE_KICK
33,NIDORINO,,36,HORN_ATTACK
33,NIDORINO,,43,HELPING_HAND
33,NIDORINO,,50,TOXIC
33,NIDORINO,,57,FLATTER
33,NIDORINO,,64,POISON_JAB
33,NIDORINO,,71,EARTH_POWER
34,NIDOKING,,EVOLVE_MOVE,MEGAHORN
34,NIDOKING,,1,SLUDGE_WAVE
34,NIDOKING,,1,DOUBLE_KICK
34,NIDOKING,,1,HORN_ATTACK
34,NIDOKING,,1,FURY_ATTACK
34,NIDOKING,,1,POISON_STING
34,NIDOKING,,1,LEER
34,NIDOKING,,1,PECK
34,NIDOKING,,1,TOXIC
34,NIDOKING,,1,FOCUS_ENERGY
34,NIDOKING,,1,FLATTER
34,NIDOKING,,1,HELPING_HAND
34,NIDOKING,,1,TOXIC_SPIKES
34,NIDOKING,,1,POISON_JAB
34,NIDOKING,,1,EARTH_POWER
35,CLEFAIRY,,1,POUND
35,CLEFAIRY,,1,GROWL
35,CLEFAIRY,,1,SING
35,CLEFAIRY,,1,DEFENSE_CURL
35,CLEFAIRY,,1,SPLASH
35,CLEFAIRY,,1,SWEET_KISS
35,CLEFAIRY,,1,CHARM
35,CLEFAIRY,,1,COPYCAT
35,CLEFAIRY,,1,DISARMING_VOICE
35,CLEFAIRY,,1,SPOTLIGHT
35,CLEFAIRY,,4,STORED_POWER
35,CLEFAIRY,,8,ENCORE
35,CLEFAIRY,,12,AFTER_YOU
35,CLEFAIRY,,16,LIFE_DEW
35,CLEFAIRY,,20,METRONOME
35,CLEFAIRY,,24,MOONLIGHT
35,CLEFAIRY,,28,GRAVITY
35,CLEFAIRY,,32,METEOR_MASH
35,CLEFAIRY,,36,FOLLOW_ME
35,CLEFAIRY,,40,COSMIC_POWER
35,CLEFAIRY,,44,MOONBLAST
35,CLEFAIRY,,48,HEALING_WISH
36,CLEFABLE,,RELEARN_MOVE,POUND
36,CLEFABLE,,RELEARN_MOVE,GROWL
36,CLEFABLE,,RELEARN_MOVE,SING
36,CLEFABLE,,RELEARN_MOVE,DEFENSE_CURL
36,CLEFABLE,,RELEARN_MOVE,SPLASH
36,CLEFABLE,,RELEARN_MOVE,SWEET_KISS
36,CLEFABLE,,RELEARN_MOVE,CHARM
36,CLEFABLE,,RELEARN_MOVE,ENCORE
36,CLEFABLE,,RELEARN_MOVE,MOONLIGHT
36,CLEFABLE,,RELEARN_MOVE,FOLLOW_ME
36,CLEFABLE,,RELEARN_MOVE,COSMIC_POWER
36,CLEFABLE,,RELEARN_MOVE,GRAVITY
36,CLEFABLE,,RELEARN_MOVE,HEALING_WISH
36,CLEFABLE,,RELEARN_MOVE,COPYCAT
36,CLEFABLE,,RELEARN_MOVE,AFTER_YOU
36,CLEFABLE,,RELEARN_MOVE,STORED_POWER
36,CLEFABLE,,RELEARN_MOVE,DISARMING_VOICE
36,CLEFABLE,,1,METRONOME
36,CLEFABLE,,1,METEOR_MASH
36,CLEFABLE,,1,MOONBLAST
36,CLEFABLE,,1,LIFE_DEW
36,CLEFABLE,,1,SPOTLIGHT
37,VULPIX,,1,TAIL_WHIP
37,VULPIX,,1,EMBER
37,VULPIX,,4,DISABLE
37,VULPIX,,8,QUICK_ATTACK
37,VULPIX,,12,SPITE
37,VULPIX,,16,INCINERATE
37,VULPIX,,20,CONFUSE_RAY
37,VULPIX,,24,WILL_O_WISP
37,VULPIX,,28,EXTRASENSORY
37,VULPIX,,32,FLAMETHROWER
37,VULPIX,,36,IMPRISON
37,VULPIX,,40,FIRE_SPIN
37,VULPIX,,44,SAFEGUARD
37,VULPIX,,48,INFERNO
37,VULPIX,,52,FIRE_BLAST
38,NINETALES,,RELEARN_MOVE,DISABLE
38,NINETALES,,RELEARN_MOVE,EMBER
38,NINETALES,,RELEARN_MOVE,FIRE_SPIN
38,NINETALES,,RELEARN_MOVE,CONFUSE_RAY
38,NINETALES,,RELEARN_MOVE,FIRE_BLAST
38,NINETALES,,RELEARN_MOVE,SPITE
38,NINETALES,,RELEARN_MOVE,SAFEGUARD
38,NINETALES,,RELEARN_MOVE,WILL_O_WISP
38,NINETALES,,RELEARN_MOVE,IMPRISON
38,NINETALES,,RELEARN_MOVE,EXTRASENSORY
38,NINETALES,,RELEARN_MOVE,NASTY_PLOT
38,NINETALES,,RELEARN_MOVE,INCINERATE
38,NINETALES,,RELEARN_MOVE,INFERNO
38,NINETALES,,1,FLAMETHROWER
38,NINETALES,,1,TAIL_WHIP
38,NINETALES,,1,QUICK_ATTACK
39,JIGGLYPUFF,,1,POUND
39,JIGGLYPUFF,,1,SING
39,JIGGLYPUFF,,1,DISABLE
39,JIGGLYPUFF,,1,DEFENSE_CURL
39,JIGGLYPUFF,,1,SWEET_KISS
39,JIGGLYPUFF,,1,CHARM
39,JIGGLYPUFF,,1,COPYCAT
39,JIGGLYPUFF,,1,DISARMING_VOICE
39,JIGGLYPUFF,,4,ECHOED_VOICE
39,JIGGLYPUFF,,8,COVET
39,JIGGLYPUFF,,12,STOCKPILE
39,JIGGLYPUFF,,12,SPIT_UP
39,JIGGLYPUFF,,12,SWALLOW
39,JIGGLYPUFF,,16,ROUND
39,JIGGLYPUFF,,20,REST
39,JIGGLYPUFF,,24,BODY_SLAM
39,JIGGLYPUFF,,28,MIMIC
39,JIGGLYPUFF,,32,GYRO_BALL
39,JIGGLYPUFF,,36,HYPER_VOICE
39,JIGGLYPUFF,,44,DOUBLE_EDGE
40,WIGGLYTUFF,,1,POUND
40,WIGGLYTUFF,,1,BODY_SLAM
40,WIGGLYTUFF,,1,DOUBLE_EDGE
40,WIGGLYTUFF,,1,SING
40,WIGGLYTUFF,,1,DISABLE
40,WIGGLYTUFF,,1,MIMIC
40,WIGGLYTUFF,,1,DEFENSE_CURL
40,WIGGLYTUFF,,1,REST
40,WIGGLYTUFF,,1,SWEET_KISS
40,WIGGLYTUFF,,1,CHARM
40,WIGGLYTUFF,,1,STOCKPILE
40,WIGGLYTUFF,,1,SPIT_UP
40,WIGGLYTUFF,,1,SWALLOW
40,WIGGLYTUFF,,1,HYPER_VOICE
40,WIGGLYTUFF,,1,COVET
40,WIGGLYTUFF,,1,GYRO_BALL
40,WIGGLYTUFF,,1,COPYCAT
40,WIGGLYTUFF,,1,ROUND
40,WIGGLYTUFF,,1,ECHOED_VOICE
40,WIGGLYTUFF,,1,DISARMING_VOICE
40,WIGGLYTUFF,,5,PLAY_ROUGH
41,ZUBAT,,1,SUPERSONIC
41,ZUBAT,,1,ABSORB
41,ZUBAT,,5,ASTONISH
41,ZUBAT,,10,MEAN_LOOK
41,ZUBAT,,15,POISON_FANG
41,ZUBAT,,20,QUICK_GUARD
41,ZUBAT,,25,AIR_CUTTER
41,ZUBAT,,30,BITE
41,ZUBAT,,35,HAZE
41,ZUBAT,,40,VENOSHOCK
41,ZUBAT,,45,CONFUSE_RAY
41,ZUBAT,,50,AIR_SLASH
41,ZUBAT,,55,LEECH_LIFE
42,GOLBAT,,1,SUPERSONIC
42,GOLBAT,,1,ABSORB
42,GOLBAT,,1,SCREECH
42,GOLBAT,,1,MEAN_LOOK
42,GOLBAT,,1,ASTONISH
42,GOLBAT,,15,POISON_FANG
42,GOLBAT,,20,QUICK_GUARD
42,GOLBAT,,27,AIR_CUTTER
42,GOLBAT,,34,BITE
42,GOLBAT,,41,HAZE
42,GOLBAT,,48,VENOSHOCK
42,GOLBAT,,55,CONFUSE_RAY
42,GOLBAT,,62,AIR_SLASH
42,GOLBAT,,69,LEECH_LIFE
43,ODDISH,,1,ABSORB
43,ODDISH,,1,GROWTH
43,ODDISH,,4,ACID
43,ODDISH,,8,SWEET_SCENT
43,ODDISH,,12,MEGA_DRAIN
43,ODDISH,,14,POISON_POWDER
43,ODDISH,,16,STUN_SPORE
43,ODDISH,,18,SLEEP_POWDER
43,ODDISH,,20,GIGA_DRAIN
43,ODDISH,,24,TOXIC
43,ODDISH,,28,MOONBLAST
43,ODDISH,,32,GRASSY_TERRAIN
43,ODDISH,,36,MOONLIGHT
43,ODDISH,,40,PETAL_DANCE
44,GLOOM,,1,ACID
44,GLOOM,,1,ABSORB
44,GLOOM,,1,GROWTH
44,GLOOM,,1,SWEET_SCENT
44,GLOOM,,12,MEGA_DRAIN
44,GLOOM,,14,POISON_POWDER
44,GLOOM,,16,STUN_SPORE
44,GLOOM,,18,SLEEP_POWDER
44,GLOOM,,20,GIGA_DRAIN
44,GLOOM,,26,TOXIC
44,GLOOM,,32,MOONBLAST
44,GLOOM,,38,GRASSY_TERRAIN
44,GLOOM,,44,MOONLIGHT
44,GLOOM,,50,PETAL_DANCE
45,VILEPLUME,,EVOLVE_MOVE,PETAL_BLIZZARD
45,VILEPLUME,,1,ACID
45,VILEPLUME,,1,ABSORB
45,VILEPLUME,,1,MEGA_DRAIN
45,VILEPLUME,,1,GROWTH
45,VILEPLUME,,1,POISON_POWDER
45,VILEPLUME,,1,STUN_SPORE
45,VILEPLUME,,1,SLEEP_POWDER
45,VILEPLUME,,1,PETAL_DANCE
45,VILEPLUME,,1,TOXIC
45,VILEPLUME,,1,GIGA_DRAIN
45,VILEPLUME,,1,SWEET_SCENT
45,VILEPLUME,,1,MOONLIGHT
45,VILEPLUME,,1,AROMATHERAPY
45,VILEPLUME,,1,GRASSY_TERRAIN
45,VILEPLUME,,1,MOONBLAST
46,PARAS,,1,SCRATCH
46,PARAS,,6,POISON_POWDER
46,PARAS,,6,STUN_SPORE
46,PARAS,,11,ABSORB
46,PARAS,,17,FURY_CUTTER
46,PARAS,,22,SPORE
46,PARAS,,27,SLASH
46,PARAS,,33,GROWTH
46,PARAS,,38,GIGA_DRAIN
46,PARAS,,43,AROMATHERAPY
46,PARAS,,49,RAGE_POWDER
46,PARAS,,54,X_SCISSOR
47,PARASECT,,1,SCRATCH
47,PARASECT,,1,ABSORB
47,PARASECT,,1,POISON_POWDER
47,PARASECT,,1,STUN_SPORE
47,PARASECT,,1,CROSS_POISON
47,PARASECT,,6,POISON_POWDER
47,PARASECT,,6,STUN_SPORE
47,PARASECT,,11,ABSORB
47,PARASECT,,17,FURY_CUTTER
47,PARASECT,,22,SPORE
47,PARASECT,,29,SLASH
47,PARASECT,,37,GROWTH
47,PARASECT,,44,GIGA_DRAIN
47,PARASECT,,51,AROMATHERAPY
47,PARASECT,,59,RAGE_POWDER
47,PARASECT,,66,X_SCISSOR
48,VENONAT,,1,TACKLE
48,VENONAT,,1,DISABLE
48,VENONAT,,5,SUPERSONIC
48,VENONAT,,11,CONFUSION
48,VENONAT,,13,POISON_POWDER
48,VENONAT,,17,PSYBEAM
48,VENONAT,,23,STUN_SPORE
48,VENONAT,,25,BUG_BUZZ
48,VENONAT,,29,SLEEP_POWDER
48,VENONAT,,35,LEECH_LIFE
48,VENONAT,,37,ZEN_HEADBUTT
48,VENONAT,,41,POISON_FANG
48,VENONAT,,47,PSYCHIC
49,VENOMOTH,,EVOLVE_MOVE,AIR_SLASH
49,VENOMOTH,,1,TACKLE
49,VENOMOTH,,1,SUPERSONIC
49,VENOMOTH,,1,DISABLE
49,VENOMOTH,,1,QUIVER_DANCE
49,VENOMOTH,,1,SILVER_WIND
49,VENOMOTH,,11,CONFUSION
49,VENOMOTH,,13,POISON_POWDER
49,VENOMOTH,,17,PSYBEAM
49,VENOMOTH,,23,STUN_SPORE
49,VENOMOTH,,25,BUG_BUZZ
49,VENOMOTH,,29,SLEEP_POWDER
49,VENOMOTH,,37,LEECH_LIFE
49,VENOMOTH,,41,ZEN_HEADBUTT
49,VENOMOTH,,47,POISON_FANG
49,VENOMOTH,,55,PSYCHIC
50,DIGLETT,,1,SCRATCH
50,DIGLETT,,1,SAND_ATTACK
50,DIGLETT,,4,GROWL
50,DIGLETT,,8,ASTONISH
50,DIGLETT,,12,MUD_SLAP
50,DIGLETT,,16,BULLDOZE
50,DIGLETT,,20,SUCKER_PUNCH
50,DIGLETT,,24,SLASH
50,DIGLETT,,28,SANDSTORM
50,DIGLETT,,32,DIG
50,DIGLETT,,36,EARTH_POWER
50,DIGLETT,,40,EARTHQUAKE
50,DIGLETT,,44,FISSURE
51,DUGTRIO,,EVOLVE_MOVE,SAND_TOMB
51,DUGTRIO,,1,SCRATCH
51,DUGTRIO,,1,SAND_ATTACK
51,DUGTRIO,,1,GROWL
51,DUGTRIO,,1,TRI_ATTACK
51,DUGTRIO,,1,ASTONISH
51,DUGTRIO,,1,NIGHT_SLASH
51,DUGTRIO,,1,ROTOTILLER
51,DUGTRIO,,12,MUD_SLAP
51,DUGTRIO,,16,BULLDOZE
51,DUGTRIO,,20,SUCKER_PUNCH
51,DUGTRIO,,24,SLASH
51,DUGTRIO,,30,SANDSTORM
51,DUGTRIO,,36,DIG
51,DUGTRIO,,42,EARTH_POWER
51,DUGTRIO,,48,EARTHQUAKE
51,DUGTRIO,,54,FISSURE
52,MEOWTH,,1,GROWL
52,MEOWTH,,1,FAKE_OUT
52,MEOWTH,,4,FEINT
52,MEOWTH,,8,SCRATCH
52,MEOWTH,,12,PAY_DAY
52,MEOWTH,,16,BITE
52,MEOWTH,,20,TAUNT
52,MEOWTH,,24,ASSURANCE
52,MEOWTH,,29,FURY_SWIPES
52,MEOWTH,,32,SCREECH
52,MEOWTH,,36,SLASH
52,MEOWTH,,40,NASTY_PLOT
52,MEOWTH,,44,PLAY_ROUGH
53,PERSIAN,,EVOLVE_MOVE,POWER_GEM
53,PERSIAN,,1,SCRATCH
53,PERSIAN,,1,GROWL
53,PERSIAN,,1,FAKE_OUT
53,PERSIAN,,1,FEINT
53,PERSIAN,,1,SWITCHEROO
53,PERSIAN,,12,PAY_DAY
53,PERSIAN,,16,BITE
53,PERSIAN,,20,TAUNT
53,PERSIAN,,24,ASSURANCE
53,PERSIAN,,31,FURY_SWIPES
53,PERSIAN,,36,SCREECH
53,PERSIAN,,42,SLASH
53,PERSIAN,,48,NASTY_PLOT
53,PERSIAN,,54,PLAY_ROUGH
54,PSYDUCK,,1,SCRATCH
54,PSYDUCK,,1,TAIL_WHIP
54,PSYDUCK,,1,WATER_SPORT
54,PSYDUCK,,3,WATER_GUN
54,PSYDUCK,,6,CONFUSION
54,PSYDUCK,,9,FURY_SWIPES
54,PSYDUCK,,12,WATER_PULSE
54,PSYDUCK,,15,DISABLE
54,PSYDUCK,,18,ZEN_HEADBUTT
54,PSYDUCK,,21,SCREECH
54,PSYDUCK,,24,AQUA_TAIL
54,PSYDUCK,,27,SOAK
54,PSYDUCK,,30,PSYCH_UP
54,PSYDUCK,,34,AMNESIA
54,PSYDUCK,,39,WONDER_ROOM
55,GOLDUCK,,1,SCRATCH
55,GOLDUCK,,1,TAIL_WHIP
55,GOLDUCK,,1,WATER_GUN
55,GOLDUCK,,1,CONFUSION
55,GOLDUCK,,1,AQUA_JET
55,GOLDUCK,,1,WATER_SPORT
55,GOLDUCK,,1,ME_FIRST
55,GOLDUCK,,9,FURY_SWIPES
55,GOLDUCK,,12,WATER_PULSE
55,GOLDUCK,,15,DISABLE
55,GOLDUCK,,18,ZEN_HEADBUTT
55,GOLDUCK,,21,SCREECH
55,GOLDUCK,,24,AQUA_TAIL
55,GOLDUCK,,27,SOAK
55,GOLDUCK,,30,PSYCH_UP
55,GOLDUCK,,36,AMNESIA
55,GOLDUCK,,40,HYDRO_PUMP
55,GOLDUCK,,45,WONDER_ROOM
56,MANKEY,,1,SCRATCH
56,MANKEY,,1,LEER
56,MANKEY,,1,FOCUS_ENERGY
56,MANKEY,,1,COVET
56,MANKEY,,5,FURY_SWIPES
56,MANKEY,,8,LOW_KICK
56,MANKEY,,12,SEISMIC_TOSS
56,MANKEY,,17,SWAGGER
56,MANKEY,,22,CROSS_CHOP
56,MANKEY,,26,ASSURANCE
56,MANKEY,,29,THRASH
56,MANKEY,,33,CLOSE_COMBAT
56,MANKEY,,36,SCREECH
56,MANKEY,,40,STOMPING_TANTRUM
56,MANKEY,,44,OUTRAGE
56,MANKEY,,48,FINAL_GAMBIT
57,PRIMEAPE,,1,SCRATCH
57,PRIMEAPE,,1,LEER
57,PRIMEAPE,,1,FOCUS_ENERGY
57,PRIMEAPE,,1,COVET
57,PRIMEAPE,,1,FLING
57,PRIMEAPE,,5,FURY_SWIPES
57,PRIMEAPE,,8,LOW_KICK
57,PRIMEAPE,,15,SEISMIC_TOSS
57,PRIMEAPE,,17,SWAGGER
57,PRIMEAPE,,22,CROSS_CHOP
57,PRIMEAPE,,26,ASSURANCE
57,PRIMEAPE,,30,THRASH
57,PRIMEAPE,,35,RAGE_FIST
57,PRIMEAPE,,39,CLOSE_COMBAT
57,PRIMEAPE,,44,SCREECH
57,PRIMEAPE,,48,STOMPING_TANTRUM
57,PRIMEAPE,,53,OUTRAGE
57,PRIMEAPE,,57,FINAL_GAMBIT
58,GROWLITHE,,1,LEER
58,GROWLITHE,,1,EMBER
58,GROWLITHE,,4,HOWL
58,GROWLITHE,,8,BITE
58,GROWLITHE,,12,FLAME_WHEEL
58,GROWLITHE,,16,HELPING_HAND
58,GROWLITHE,,20,AGILITY
58,GROWLITHE,,24,FIRE_FANG
58,GROWLITHE,,28,RETALIATE
58,GROWLITHE,,32,CRUNCH
58,GROWLITHE,,36,TAKE_DOWN
58,GROWLITHE,,40,FLAMETHROWER
58,GROWLITHE,,44,ROAR
58,GROWLITHE,,48,PLAY_ROUGH
58,GROWLITHE,,52,REVERSAL
58,GROWLITHE,,56,FLARE_BLITZ
59,ARCANINE,,EVOLVE_MOVE,EXTREME_SPEED
59,ARCANINE,,1,TAKE_DOWN
59,ARCANINE,,1,LEER
59,ARCANINE,,1,BITE
59,ARCANINE,,1,ROAR
59,ARCANINE,,1,EMBER
59,ARCANINE,,1,AGILITY
59,ARCANINE,,1,FLAME_WHEEL
59,ARCANINE,,1,REVERSAL
59,ARCANINE,,1,CRUNCH
59,ARCANINE,,1,HELPING_HAND
59,ARCANINE,,1,ODOR_SLEUTH
59,ARCANINE,,1,HOWL
59,ARCANINE,,1,FLARE_BLITZ
59,ARCANINE,,1,FIRE_FANG
59,ARCANINE,,1,RETALIATE
59,ARCANINE,,1,PLAY_ROUGH
59,ARCANINE,,5,FLAMETHROWER
60,POLIWAG,,1,WATER_GUN
60,POLIWAG,,1,HYPNOSIS
60,POLIWAG,,1,WATER_SPORT
60,POLIWAG,,6,POUND
60,POLIWAG,,12,MUD_SHOT
60,POLIWAG,,18,BUBBLE_BEAM
60,POLIWAG,,24,RAIN_DANCE
60,POLIWAG,,30,BODY_SLAM
60,POLIWAG,,36,EARTH_POWER
60,POLIWAG,,42,HYDRO_PUMP
60,POLIWAG,,48,BELLY_DRUM
60,POLIWAG,,54,DOUBLE_EDGE
61,POLIWHIRL,,1,POUND
61,POLIWHIRL,,1,WATER_GUN
61,POLIWHIRL,,1,HYPNOSIS
61,POLIWHIRL,,1,WATER_SPORT
61,POLIWHIRL,,1,MUD_SHOT
61,POLIWHIRL,,18,BUBBLE_BEAM
61,POLIWHIRL,,24,RAIN_DANCE
61,POLIWHIRL,,32,BODY_SLAM
61,POLIWHIRL,,40,EARTH_POWER
61,POLIWHIRL,,48,HYDRO_PUMP
61,POLIWHIRL,,56,BELLY_DRUM
61,POLIWHIRL,,66,DOUBLE_EDGE
62,POLIWRATH,,EVOLVE_MOVE,DYNAMIC_PUNCH
62,POLIWRATH,,RELEARN_MOVE,POUND
62,POLIWRATH,,RELEARN_MOVE,DOUBLE_EDGE
62,POLIWRATH,,RELEARN_MOVE,WATER_GUN
62,POLIWRATH,,RELEARN_MOVE,HYDRO_PUMP
62,POLIWRATH,,RELEARN_MOVE,BELLY_DRUM
62,POLIWRATH,,RELEARN_MOVE,RAIN_DANCE
62,POLIWRATH,,RELEARN_MOVE,MUD_SHOT
62,POLIWRATH,,RELEARN_MOVE,EARTH_POWER
62,POLIWRATH,,RELEARN_MOVE,CIRCLE_THROW
62,POLIWRATH,,1,BUBBLE_BEAM
62,POLIWRATH,,1,BODY_SLAM
62,POLIWRATH,,1,HYPNOSIS
62,POLIWRATH,,1,WATER_SPORT
63,ABRA,,1,TELEPORT
63,ABRA,,1,CONFUSION
64,KADABRA,,EVOLVE_MOVE,PSYBEAM
64,KADABRA,,1,CONFUSION
64,KADABRA,,1,DISABLE
64,KADABRA,,1,TELEPORT
64,KADABRA,,1,KINESIS
64,KADABRA,,10,REFLECT
64,KADABRA,,15,ALLY_SWITCH
64,KADABRA,,20,PSYCHO_CUT
64,KADABRA,,25,RECOVER
64,KADABRA,,30,PSYSHOCK
64,KADABRA,,35,PSYCHIC
64,KADABRA,,40,ROLE_PLAY
64,KADABRA,,45,FUTURE_SIGHT
64,KADABRA,,50,CALM_MIND
65,ALAKAZAM,,1,DISABLE
65,ALAKAZAM,,1,CONFUSION
65,ALAKAZAM,,1,TELEPORT
65,ALAKAZAM,,1,KINESIS
65,ALAKAZAM,,5,PSYBEAM
65,ALAKAZAM,,10,REFLECT
65,ALAKAZAM,,15,ALLY_SWITCH
65,ALAKAZAM,,20,PSYCHO_CUT
65,ALAKAZAM,,25,RECOVER
65,ALAKAZAM,,30,PSYSHOCK
65,ALAKAZAM,,35,PSYCHIC
65,ALAKAZAM,,40,ROLE_PLAY
65,ALAKAZAM,,45,FUTURE_SIGHT
65,ALAKAZAM,,50,CALM_MIND
66,MACHOP,,1,LEER
66,MACHOP,,1,LOW_KICK
66,MACHOP,,4,FOCUS_ENERGY
66,MACHOP,,8,REVENGE
66,MACHOP,,12,LOW_SWEEP
66,MACHOP,,16,KNOCK_OFF
66,MACHOP,,20,SCARY_FACE
66,MACHOP,,24,VITAL_THROW
66,MACHOP,,29,STRENGTH
66,MACHOP,,32,DUAL_CHOP
66,MACHOP,,36,BULK_UP
66,MACHOP,,40,SEISMIC_TOSS
66,MACHOP,,44,DYNAMIC_PUNCH
66,MACHOP,,48,CROSS_CHOP
66,MACHOP,,52,DOUBLE_EDGE
67,MACHOKE,,1,LEER
67,MACHOKE,,1,LOW_KICK
67,MACHOKE,,1,FOCUS_ENERGY
67,MACHOKE,,1,REVENGE
67,MACHOKE,,1,KARATE_CHOP
67,MACHOKE,,12,LOW_SWEEP
67,MACHOKE,,16,KNOCK_OFF
67,MACHOKE,,20,SCARY_FACE
67,MACHOKE,,24,VITAL_THROW
67,MACHOKE,,31,STRENGTH
67,MACHOKE,,36,DUAL_CHOP
67,MACHOKE,,42,BULK_UP
67,MACHOKE,,48,SEISMIC_TOSS
67,MACHOKE,,54,DYNAMIC_PUNCH
67,MACHOKE,,60,CROSS_CHOP
67,MACHOKE,,66,DOUBLE_EDGE
68,MACHAMP,,1,LEER
68,MACHAMP,,1,LOW_KICK
68,MACHAMP,,1,FOCUS_ENERGY
68,MACHAMP,,1,REVENGE
68,MACHAMP,,1,WIDE_GUARD
68,MACHAMP,,1,KARATE_CHOP
68,MACHAMP,,12,LOW_SWEEP
68,MACHAMP,,16,KNOCK_OFF
68,MACHAMP,,20,SCARY_FACE
68,MACHAMP,,24,VITAL_THROW
68,MACHAMP,,31,STRENGTH
68,MACHAMP,,36,DUAL_CHOP
68,MACHAMP,,42,BULK_UP
68,MACHAMP,,48,SEISMIC_TOSS
68,MACHAMP,,54,DYNAMIC_PUNCH
68,MACHAMP,,60,CROSS_CHOP
68,MACHAMP,,66,DOUBLE_EDGE
69,BELLSPROUT,,1,VINE_WHIP
69,BELLSPROUT,,7,GROWTH
69,BELLSPROUT,,11,WRAP
69,BELLSPROUT,,13,SLEEP_POWDER
69,BELLSPROUT,,15,POISON_POWDER
69,BELLSPROUT,,17,STUN_SPORE
69,BELLSPROUT,,23,ACID
69,BELLSPROUT,,27,KNOCK_OFF
69,BELLSPROUT,,29,SWEET_SCENT
69,BELLSPROUT,,35,GASTRO_ACID
69,BELLSPROUT,,39,RAZOR_LEAF
69,BELLSPROUT,,41,POISON_JAB
69,BELLSPROUT,,47,SLAM
69,BELLSPROUT,,52,POWER_WHIP
70,WEEPINBELL,,1,VINE_WHIP
70,WEEPINBELL,,1,WRAP
70,WEEPINBELL,,1,GROWTH
70,WEEPINBELL,,13,SLEEP_POWDER
70,WEEPINBELL,,15,POISON_POWDER
70,WEEPINBELL,,17,STUN_SPORE
70,WEEPINBELL,,24,ACID
70,WEEPINBELL,,29,KNOCK_OFF
70,WEEPINBELL,,32,SWEET_SCENT
70,WEEPINBELL,,39,GASTRO_ACID
70,WEEPINBELL,,44,RAZOR_LEAF
70,WEEPINBELL,,47,POISON_JAB
70,WEEPINBELL,,54,SLAM
70,WEEPINBELL,,58,POWER_WHIP
71,VICTREEBEL,,EVOLVE_MOVE,LEAF_STORM
71,VICTREEBEL,,RELEARN_MOVE,STOCKPILE
71,VICTREEBEL,,RELEARN_MOVE,SWALLOW
71,VICTREEBEL,,RELEARN_MOVE,SPIT_UP
71,VICTREEBEL,,RELEARN_MOVE,WRAP
71,VICTREEBEL,,RELEARN_MOVE,GROWTH
71,VICTREEBEL,,RELEARN_MOVE,ACID
71,VICTREEBEL,,RELEARN_MOVE,KNOCK_OFF
71,VICTREEBEL,,RELEARN_MOVE,GASTRO_ACID
71,VICTREEBEL,,RELEARN_MOVE,POISON_JAB
71,VICTREEBEL,,RELEARN_MOVE,SLAM
71,VICTREEBEL,,RELEARN_MOVE,POWER_WHIP
71,VICTREEBEL,,1,VINE_WHIP
71,VICTREEBEL,,1,SLEEP_POWDER
71,VICTREEBEL,,1,POISON_POWDER
71,VICTREEBEL,,1,STUN_SPORE
71,VICTREEBEL,,1,SWEET_SCENT
71,VICTREEBEL,,1,RAZOR_LEAF
71,VICTREEBEL,,44,LEAF_BLADE
72,TENTACOOL,,1,POISON_STING
72,TENTACOOL,,1,WATER_GUN
72,TENTACOOL,,4,ACID
72,TENTACOOL,,8,WRAP
72,TENTACOOL,,12,SUPERSONIC
72,TENTACOOL,,16,WATER_PULSE
72,TENTACOOL,,20,SCREECH
72,TENTACOOL,,24,BUBBLE_BEAM
72,TENTACOOL,,28,HEX
72,TENTACOOL,,32,ACID_ARMOR
72,TENTACOOL,,36,POISON_JAB
72,TENTACOOL,,40,SURF
72,TENTACOOL,,44,SLUDGE_WAVE
72,TENTACOOL,,48,HYDRO_PUMP
73,TENTACRUEL,,1,WRAP
73,TENTACRUEL,,1,POISON_STING
73,TENTACRUEL,,1,ACID
73,TENTACRUEL,,1,WATER_GUN
73,TENTACRUEL,,1,REFLECT_TYPE
73,TENTACRUEL,,1,WRING_OUT
73,TENTACRUEL,,12,SUPERSONIC
73,TENTACRUEL,,16,WATER_PULSE
73,TENTACRUEL,,20,SCREECH
73,TENTACRUEL,,24,BUBBLE_BEAM
73,TENTACRUEL,,28,HEX
73,TENTACRUEL,,34,ACID_ARMOR
73,TENTACRUEL,,40,POISON_JAB
73,TENTACRUEL,,46,SURF
73,TENTACRUEL,,52,SLUDGE_WAVE
73,TENTACRUEL,,58,HYDRO_PUMP
74,GEODUDE,,1,TACKLE
74,GEODUDE,,1,DEFENSE_CURL
74,GEODUDE,,6,ROCK_POLISH
74,GEODUDE,,10,ROLLOUT
74,GEODUDE,,12,BULLDOZE
74,GEODUDE,,16,ROCK_THROW
74,GEODUDE,,18,SMACK_DOWN
74,GEODUDE,,24,SELF_DESTRUCT
74,GEODUDE,,28,STEALTH_ROCK
74,GEODUDE,,30,ROCK_BLAST
74,GEODUDE,,34,EARTHQUAKE
74,GEODUDE,,36,EXPLOSION
74,GEODUDE,,40,DOUBLE_EDGE
74,GEODUDE,,42,STONE_EDGE
75,GRAVELER,,1,TACKLE
75,GRAVELER,,1,DEFENSE_CURL
75,GRAVELER,,1,ROCK_POLISH
75,GRAVELER,,10,ROLLOUT
75,GRAVELER,,12,BULLDOZE
75,GRAVELER,,16,ROCK_THROW
75,GRAVELER,,18,SMACK_DOWN
75,GRAVELER,,24,SELF_DESTRUCT
75,GRAVELER,,30,STEALTH_ROCK
75,GRAVELER,,34,ROCK_BLAST
75,GRAVELER,,40,EARTHQUAKE
75,GRAVELER,,44,EXPLOSION
75,GRAVELER,,50,DOUBLE_EDGE
75,GRAVELER,,54,STONE_EDGE
76,GOLEM,,1,TACKLE
76,GOLEM,,1,DEFENSE_CURL
76,GOLEM,,1,ROCK_POLISH
76,GOLEM,,1,ROLLOUT
76,GOLEM,,1,HEAVY_SLAM
76,GOLEM,,16,ROCK_THROW
76,GOLEM,,18,SMACK_DOWN
76,GOLEM,,22,BULLDOZE
76,GOLEM,,24,SELF_DESTRUCT
76,GOLEM,,30,STEALTH_ROCK
76,GOLEM,,34,ROCK_BLAST
76,GOLEM,,40,EARTHQUAKE
76,GOLEM,,44,EXPLOSION
76,GOLEM,,50,DOUBLE_EDGE
76,GOLEM,,54,STONE_EDGE
77,PONYTA,,1,TACKLE
77,PONYTA,,1,GROWL
77,PONYTA,,5,TAIL_WHIP
77,PONYTA,,10,EMBER
77,PONYTA,,15,FLAME_CHARGE
77,PONYTA,,20,AGILITY
77,PONYTA,,25,FLAME_WHEEL
77,PONYTA,,30,STOMP
77,PONYTA,,35,FIRE_SPIN
77,PONYTA,,41,TAKE_DOWN
77,PONYTA,,45,INFERNO
77,PONYTA,,50,FIRE_BLAST
77,PONYTA,,55,FLARE_BLITZ
78,RAPIDASH,,EVOLVE_MOVE,SMART_STRIKE
78,RAPIDASH,,1,TACKLE
78,RAPIDASH,,1,TAIL_WHIP
78,RAPIDASH,,1,GROWL
78,RAPIDASH,,1,EMBER
78,RAPIDASH,,1,QUICK_ATTACK
78,RAPIDASH,,1,MEGAHORN
78,RAPIDASH,,1,POISON_JAB
78,RAPIDASH,,15,FLAME_CHARGE
78,RAPIDASH,,20,AGILITY
78,RAPIDASH,,25,FLAME_WHEEL
78,RAPIDASH,,30,STOMP
78,RAPIDASH,,35,FIRE_SPIN
78,RAPIDASH,,43,TAKE_DOWN
78,RAPIDASH,,49,INFERNO
78,RAPIDASH,,56,FIRE_BLAST
78,RAPIDASH,,63,FLARE_BLITZ
79,SLOWPOKE,,1,TACKLE
79,SLOWPOKE,,1,CURSE
79,SLOWPOKE,,3,GROWL
79,SLOWPOKE,,6,WATER_GUN
79,SLOWPOKE,,9,YAWN
79,SLOWPOKE,,12,CONFUSION
79,SLOWPOKE,,15,DISABLE
79,SLOWPOKE,,18,WATER_PULSE
79,SLOWPOKE,,21,HEADBUTT
79,SLOWPOKE,,24,ZEN_HEADBUTT
79,SLOWPOKE,,27,AMNESIA
79,SLOWPOKE,,30,SURF
79,SLOWPOKE,,33,SLACK_OFF
79,SLOWPOKE,,36,PSYCHIC
79,SLOWPOKE,,39,PSYCH_UP
79,SLOWPOKE,,42,RAIN_DANCE
79,SLOWPOKE,,45,HEAL_PULSE
80,SLOWBRO,,RELEARN_MOVE,FUTURE_SIGHT
80,SLOWBRO,,1,TACKLE
80,SLOWBRO,,1,GROWL
80,SLOWBRO,,1,WATER_GUN
80,SLOWBRO,,1,WITHDRAW
80,SLOWBRO,,1,CURSE
80,SLOWBRO,,9,YAWN
80,SLOWBRO,,12,CONFUSION
80,SLOWBRO,,15,DISABLE
80,SLOWBRO,,18,WATER_PULSE
80,SLOWBRO,,21,HEADBUTT
80,SLOWBRO,,24,ZEN_HEADBUTT
80,SLOWBRO,,27,AMNESIA
80,SLOWBRO,,30,SURF
80,SLOWBRO,,33,SLACK_OFF
80,SLOWBRO,,36,PSYCHIC
80,SLOWBRO,,41,PSYCH_UP
80,SLOWBRO,,46,RAIN_DANCE
80,SLOWBRO,,51,HEAL_PULSE
81,MAGNEMITE,,1,TACKLE
81,MAGNEMITE,,1,THUNDER_SHOCK
81,MAGNEMITE,,4,SUPERSONIC
81,MAGNEMITE,,8,THUNDER_WAVE
81,MAGNEMITE,,12,ELECTRO_BALL
81,MAGNEMITE,,16,GYRO_BALL
81,MAGNEMITE,,20,SPARK
81,MAGNEMITE,,24,SCREECH
81,MAGNEMITE,,28,MAGNET_RISE
81,MAGNEMITE,,32,FLASH_CANNON
81,MAGNEMITE,,36,DISCHARGE
81,MAGNEMITE,,40,METAL_SOUND
81,MAGNEMITE,,44,LIGHT_SCREEN
81,MAGNEMITE,,48,LOCK_ON
81,MAGNEMITE,,52,ZAP_CANNON
82,MAGNETON,,EVOLVE_MOVE,TRI_ATTACK
82,MAGNETON,,1,TACKLE
82,MAGNETON,,1,SUPERSONIC
82,MAGNETON,,1,THUNDER_SHOCK
82,MAGNETON,,1,THUNDER_WAVE
82,MAGNETON,,1,ELECTRIC_TERRAIN
82,MAGNETON,,12,ELECTRO_BALL
82,MAGNETON,,16,GYRO_BALL
82,MAGNETON,,20,SPARK
82,MAGNETON,,24,SCREECH
82,MAGNETON,,28,MAGNET_RISE
82,MAGNETON,,34,FLASH_CANNON
82,MAGNETON,,40,DISCHARGE
82,MAGNETON,,46,METAL_SOUND
82,MAGNETON,,52,LIGHT_SCREEN
82,MAGNETON,,58,LOCK_ON
82,MAGNETON,,64,ZAP_CANNON
83,FARFETCHD,,1,SAND_ATTACK
83,FARFETCHD,,1,PECK
83,FARFETCHD,,5,LEER
83,FARFETCHD,,10,FURY_CUTTER
83,FARFETCHD,,15,CUT
83,FARFETCHD,,20,AERIAL_ACE
83,FARFETCHD,,25,AIR_CUTTER
83,FARFETCHD,,30,KNOCK_OFF
83,FARFETCHD,,35,FALSE_SWIPE
83,FARFETCHD,,40,SLASH
83,FARFETCHD,,45,SWORDS_DANCE
83,FARFETCHD,,50,AIR_SLASH
83,FARFETCHD,,55,LEAF_BLADE
83,FARFETCHD,,60,AGILITY
83,FARFETCHD,,65,BRAVE_BIRD
84,DODUO,,1,GROWL
84,DODUO,,1,PECK
84,DODUO,,5,QUICK_ATTACK
84,DODUO,,9,FURY_ATTACK
84,DODUO,,14,PLUCK
84,DODUO,,19,DOUBLE_HIT
84,DODUO,,23,AGILITY
84,DODUO,,27,UPROAR
84,DODUO,,30,ACUPRESSURE
84,DODUO,,33,SWORDS_DANCE
84,DODUO,,36,DRILL_PECK
84,DODUO,,39,ENDEAVOR
84,DODUO,,43,THRASH
85,DODRIO,,EVOLVE_MOVE,TRI_ATTACK
85,DODRIO,,1,TRI_ATTACK
85,DODRIO,,1,GROWL
85,DODRIO,,1,PECK
85,DODRIO,,5,QUICK_ATTACK
85,DODRIO,,12,FURY_ATTACK
85,DODRIO,,15,PLUCK
85,DODRIO,,19,DOUBLE_HIT
85,DODRIO,,23,AGILITY
85,DODRIO,,26,UPROAR
85,DODRIO,,30,ACUPRESSURE
85,DODRIO,,34,SWORDS_DANCE
85,DODRIO,,38,DRILL_PECK
85,DODRIO,,43,ENDEAVOR
85,DODRIO,,50,THRASH
86,SEEL,,1,HEADBUTT
86,SEEL,,3,GROWL
86,SEEL,,7,CHARM
86,SEEL,,11,ICY_WIND
86,SEEL,,13,ENCORE
86,SEEL,,17,ICE_SHARD
86,SEEL,,21,REST
86,SEEL,,23,AQUA_RING
86,SEEL,,27,AURORA_BEAM
86,SEEL,,31,AQUA_JET
86,SEEL,,33,BRINE
86,SEEL,,37,TAKE_DOWN
86,SEEL,,41,DIVE
86,SEEL,,43,AQUA_TAIL
86,SEEL,,47,ICE_BEAM
86,SEEL,,51,SAFEGUARD
86,SEEL,,53,SNOWSCAPE
87,DEWGONG,,EVOLVE_MOVE,SHEER_COLD
87,DEWGONG,,1,HEADBUTT
87,DEWGONG,,1,GROWL
87,DEWGONG,,1,ICY_WIND
87,DEWGONG,,1,CHARM
87,DEWGONG,,1,SIGNAL_BEAM
87,DEWGONG,,13,ENCORE
87,DEWGONG,,17,ICE_SHARD
87,DEWGONG,,21,REST
87,DEWGONG,,23,AQUA_RING
87,DEWGONG,,27,AURORA_BEAM
87,DEWGONG,,31,AQUA_JET
87,DEWGONG,,33,BRINE
87,DEWGONG,,39,TAKE_DOWN
87,DEWGONG,,45,DIVE
87,DEWGONG,,49,AQUA_TAIL
87,DEWGONG,,55,ICE_BEAM
87,DEWGONG,,61,SAFEGUARD
87,DEWGONG,,65,SNOWSCAPE
88,GRIMER,,1,POUND
88,GRIMER,,1,POISON_GAS
88,GRIMER,,4,HARDEN
88,GRIMER,,7,MUD_SLAP
88,GRIMER,,12,DISABLE
88,GRIMER,,15,SLUDGE
88,GRIMER,,18,MUD_SHOT
88,GRIMER,,21,MINIMIZE
88,GRIMER,,26,TOXIC
88,GRIMER,,29,SLUDGE_BOMB
88,GRIMER,,32,SLUDGE_WAVE
88,GRIMER,,37,SCREECH
88,GRIMER,,40,GUNK_SHOT
88,GRIMER,,43,ACID_ARMOR
88,GRIMER,,46,BELCH
88,GRIMER,,48,MEMENTO
89,MUK,,1,POUND
89,MUK,,1,HARDEN
89,MUK,,1,POISON_GAS
89,MUK,,1,MUD_SLAP
89,MUK,,12,DISABLE
89,MUK,,15,SLUDGE
89,MUK,,18,MUD_SHOT
89,MUK,,21,MINIMIZE
89,MUK,,26,TOXIC
89,MUK,,29,SLUDGE_BOMB
89,MUK,,32,SLUDGE_WAVE
89,MUK,,37,SCREECH
89,MUK,,40,GUNK_SHOT
89,MUK,,46,ACID_ARMOR
89,MUK,,52,BELCH
89,MUK,,57,MEMENTO
90,SHELLDER,,1,TACKLE
90,SHELLDER,,1,WATER_GUN
90,SHELLDER,,4,WITHDRAW
90,SHELLDER,,8,ICE_SHARD
90,SHELLDER,,12,LEER
90,SHELLDER,,16,WHIRLPOOL
90,SHELLDER,,20,SUPERSONIC
90,SHELLDER,,24,AURORA_BEAM
90,SHELLDER,,28,PROTECT
90,SHELLDER,,32,RAZOR_SHELL
90,SHELLDER,,36,IRON_DEFENSE
90,SHELLDER,,40,ICE_BEAM
90,SHELLDER,,44,SHELL_SMASH
90,SHELLDER,,48,HYDRO_PUMP
91,CLOYSTER,,EVOLVE_MOVE,ICICLE_SPEAR
91,CLOYSTER,,1,TACKLE
91,CLOYSTER,,1,LEER
91,CLOYSTER,,1,SUPERSONIC
91,CLOYSTER,,1,WATER_GUN
91,CLOYSTER,,1,HYDRO_PUMP
91,CLOYSTER,,1,ICE_BEAM
91,CLOYSTER,,1,AURORA_BEAM
91,CLOYSTER,,1,WITHDRAW
91,CLOYSTER,,1,PROTECT
91,CLOYSTER,,1,SPIKES
91,CLOYSTER,,1,WHIRLPOOL
91,CLOYSTER,,1,IRON_DEFENSE
91,CLOYSTER,,1,TOXIC_SPIKES
91,CLOYSTER,,1,ICE_SHARD
91,CLOYSTER,,1,SHELL_SMASH
91,CLOYSTER,,1,ICICLE_CRASH
91,CLOYSTER,,5,RAZOR_SHELL
92,GASTLY,,1,CONFUSE_RAY
92,GASTLY,,1,LICK
92,GASTLY,,1,ACID
92,GASTLY,,4,HYPNOSIS
92,GASTLY,,8,MEAN_LOOK
92,GASTLY,,12,PAYBACK
92,GASTLY,,16,SPITE
92,GASTLY,,20,CURSE
92,GASTLY,,24,HEX
92,GASTLY,,28,NIGHT_SHADE
92,GASTLY,,32,SUCKER_PUNCH
92,GASTLY,,36,DARK_PULSE
92,GASTLY,,40,SHADOW_BALL
92,GASTLY,,44,DESTINY_BOND
92,GASTLY,,48,DREAM_EATER
93,HAUNTER,,EVOLVE_MOVE,SHADOW_PUNCH
93,HAUNTER,,1,HYPNOSIS
93,HAUNTER,,1,CONFUSE_RAY
93,HAUNTER,,1,LICK
93,HAUNTER,,1,ACID
93,HAUNTER,,1,MEAN_LOOK
93,HAUNTER,,12,PAYBACK
93,HAUNTER,,16,SPITE
93,HAUNTER,,20,CURSE
93,HAUNTER,,24,HEX
93,HAUNTER,,30,NIGHT_SHADE
93,HAUNTER,,36,SUCKER_PUNCH
93,HAUNTER,,42,DARK_PULSE
93,HAUNTER,,48,SHADOW_BALL
93,HAUNTER,,54,DESTINY_BOND
93,HAUNTER,,60,DREAM_EATER
94,GENGAR,,1,HYPNOSIS
94,GENGAR,,1,CONFUSE_RAY
94,GENGAR,,1,LICK
94,GENGAR,,1,ACID
94,GENGAR,,1,PERISH_SONG
94,GENGAR,,1,MEAN_LOOK
94,GENGAR,,1,SHADOW_PUNCH
94,GENGAR,,1,REFLECT_TYPE
94,GENGAR,,12,PAYBACK
94,GENGAR,,16,SPITE
94,GENGAR,,20,CURSE
94,GENGAR,,24,HEX
94,GENGAR,,30,NIGHT_SHADE
94,GENGAR,,36,SUCKER_PUNCH
94,GENGAR,,42,DARK_PULSE
94,GENGAR,,48,SHADOW_BALL
94,GENGAR,,54,DESTINY_BOND
94,GENGAR,,60,DREAM_EATER
95,ONIX,,1,BIND
95,ONIX,,1,TACKLE
95,ONIX,,1,ROCK_THROW
95,ONIX,,1,HARDEN
95,ONIX,,1,MUD_SPORT
95,ONIX,,4,SMACK_DOWN
95,ONIX,,8,ROCK_POLISH
95,ONIX,,12,DRAGON_BREATH
95,ONIX,,16,CURSE
95,ONIX,,20,ROCK_SLIDE
95,ONIX,,22,GYRO_BALL
95,ONIX,,24,SCREECH
95,ONIX,,28,SAND_TOMB
95,ONIX,,32,STEALTH_ROCK
95,ONIX,,36,SLAM
95,ONIX,,40,SANDSTORM
95,ONIX,,44,DIG
95,ONIX,,48,IRON_TAIL
95,ONIX,,52,STONE_EDGE
95,ONIX,,56,DOUBLE_EDGE
96,DROWZEE,,1,POUND
96,DROWZEE,,1,HYPNOSIS
96,DROWZEE,,5,DISABLE
96,DROWZEE,,9,CONFUSION
96,DROWZEE,,13,HEADBUTT
96,DROWZEE,,17,POISON_GAS
96,DROWZEE,,21,PSYBEAM
96,DROWZEE,,25,PSYCH_UP
96,DROWZEE,,29,ZEN_HEADBUTT
96,DROWZEE,,33,SWAGGER
96,DROWZEE,,37,PSYCHIC
96,DROWZEE,,41,NASTY_PLOT
96,DROWZEE,,45,PSYSHOCK
96,DROWZEE,,49,FUTURE_SIGHT
97,HYPNO,,1,POUND
97,HYPNO,,1,DISABLE
97,HYPNO,,1,CONFUSION
97,HYPNO,,1,HYPNOSIS
97,HYPNO,,1,SWITCHEROO
97,HYPNO,,1,NIGHTMARE
97,HYPNO,,13,HEADBUTT
97,HYPNO,,17,POISON_GAS
97,HYPNO,,21,PSYBEAM
97,HYPNO,,25,PSYCH_UP
97,HYPNO,,32,ZEN_HEADBUTT
97,HYPNO,,37,SWAGGER
97,HYPNO,,42,PSYCHIC
97,HYPNO,,47,NASTY_PLOT
97,HYPNO,,51,PSYSHOCK
97,HYPNO,,56,FUTURE_SIGHT
98,KRABBY,,1,LEER
98,KRABBY,,1,WATER_GUN
98,KRABBY,,1,MUD_SPORT
98,KRABBY,,4,HARDEN
98,KRABBY,,8,METAL_CLAW
98,KRABBY,,12,MUD_SHOT
98,KRABBY,,16,PROTECT
98,KRABBY,,20,BUBBLE_BEAM
98,KRABBY,,24,STOMP
98,KRABBY,,29,FLAIL
98,KRABBY,,32,RAZOR_SHELL
98,KRABBY,,36,SLAM
98,KRABBY,,40,SWORDS_DANCE
98,KRABBY,,44,CRABHAMMER
98,KRABBY,,48,GUILLOTINE
99,KINGLER,,1,LEER
99,KINGLER,,1,WATER_GUN
99,KINGLER,,1,HARDEN
99,KINGLER,,1,METAL_CLAW
99,KINGLER,,1,HAMMER_ARM
99,KINGLER,,1,WIDE_GUARD
99,KINGLER,,1,MUD_SPORT
99,KINGLER,,12,MUD_SHOT
99,KINGLER,,16,PROTECT
99,KINGLER,,20,BUBBLE_BEAM
99,KINGLER,,24,STOMP
99,KINGLER,,31,FLAIL
99,KINGLER,,36,RAZOR_SHELL
99,KINGLER,,42,SLAM
99,KINGLER,,48,SWORDS_DANCE
99,KINGLER,,54,CRABHAMMER
99,KINGLER,,60,GUILLOTINE
100,VOLTORB,,1,TACKLE
100,VOLTORB,,1,CHARGE
100,VOLTORB,,4,THUNDER_SHOCK
100,VOLTORB,,6,EERIE_IMPULSE
100,VOLTORB,,9,SPARK
100,VOLTORB,,11,ROLLOUT
100,VOLTORB,,13,SCREECH
100,VOLTORB,,16,CHARGE_BEAM
100,VOLTORB,,20,SWIFT
100,VOLTORB,,22,ELECTRO_BALL
100,VOLTORB,,26,SELF_DESTRUCT
100,VOLTORB,,29,LIGHT_SCREEN
100,VOLTORB,,34,MAGNET_RISE
100,VOLTORB,,37,DISCHARGE
100,VOLTORB,,41,EXPLOSION
100,VOLTORB,,46,GYRO_BALL
100,VOLTORB,,50,MIRROR_COAT
101,ELECTRODE,,1,TACKLE
101,ELECTRODE,,1,THUNDER_SHOCK
101,ELECTRODE,,1,CHARGE
101,ELECTRODE,,1,EERIE_IMPULSE
101,ELECTRODE,,1,MAGNETIC_FLUX
101,ELECTRODE,,9,SPARK
101,ELECTRODE,,11,ROLLOUT
101,ELECTRODE,,13,SCREECH
101,ELECTRODE,,16,CHARGE_BEAM
101,ELECTRODE,,20,SWIFT
101,ELECTRODE,,22,ELECTRO_BALL
101,ELECTRODE,,26,SELF_DESTRUCT
101,ELECTRODE,,29,LIGHT_SCREEN
101,ELECTRODE,,36,MAGNET_RISE
101,ELECTRODE,,41,DISCHARGE
101,ELECTRODE,,47,EXPLOSION
101,ELECTRODE,,54,GYRO_BALL
101,ELECTRODE,,58,MIRROR_COAT
102,EXEGGCUTE,,1,ABSORB
102,EXEGGCUTE,,1,HYPNOSIS
102,EXEGGCUTE,,1,BARRAGE
102,EXEGGCUTE,,5,REFLECT
102,EXEGGCUTE,,10,LEECH_SEED
102,EXEGGCUTE,,15,MEGA_DRAIN
102,EXEGGCUTE,,20,CONFUSION
102,EXEGGCUTE,,25,SYNTHESIS
102,EXEGGCUTE,,30,BULLET_SEED
102,EXEGGCUTE,,35,GIGA_DRAIN
102,EXEGGCUTE,,40,EXTRASENSORY
102,EXEGGCUTE,,45,UPROAR
102,EXEGGCUTE,,50,WORRY_SEED
102,EXEGGCUTE,,55,SOLAR_BEAM
103,EXEGGUTOR,,EVOLVE_MOVE,STOMP
103,EXEGGUTOR,,RELEARN_MOVE,GROWTH
103,EXEGGUTOR,,1,BARRAGE
103,EXEGGUTOR,,1,SEED_BOMB
103,EXEGGUTOR,,1,PSYSHOCK
103,EXEGGUTOR,,1,WOOD_HAMMER
103,EXEGGUTOR,,1,LEAF_STORM
103,EXEGGUTOR,,1,MEGA_DRAIN
103,EXEGGUTOR,,1,CONFUSION
103,EXEGGUTOR,,1,SYNTHESIS
103,EXEGGUTOR,,1,BULLET_SEED
103,EXEGGUTOR,,1,GIGA_DRAIN
103,EXEGGUTOR,,1,EXTRASENSORY
103,EXEGGUTOR,,1,UPROAR
103,EXEGGUTOR,,1,WORRY_SEED
103,EXEGGUTOR,,1,SOLAR_BEAM
103,EXEGGUTOR,,1,ABSORB
103,EXEGGUTOR,,1,HYPNOSIS
103,EXEGGUTOR,,1,REFLECT
103,EXEGGUTOR,,1,LEECH_SEED
104,CUBONE,,1,GROWL
104,CUBONE,,1,MUD_SLAP
104,CUBONE,,4,TAIL_WHIP
104,CUBONE,,8,FALSE_SWIPE
104,CUBONE,,12,HEADBUTT
104,CUBONE,,16,RETALIATE
104,CUBONE,,20,FLING
104,CUBONE,,24,STOMPING_TANTRUM
104,CUBONE,,29,BONE_RUSH
104,CUBONE,,32,FOCUS_ENERGY
104,CUBONE,,36,ENDEAVOR
104,CUBONE,,40,BONEMERANG
104,CUBONE,,44,THRASH
104,CUBONE,,48,DOUBLE_EDGE
105,MAROWAK,,1,TAIL_WHIP
105,MAROWAK,,1,GROWL
105,MAROWAK,,1,MUD_SLAP
105,MAROWAK,,1,FALSE_SWIPE
105,MAROWAK,,1,BONE_CLUB
105,MAROWAK,,12,HEADBUTT
105,MAROWAK,,16,RETALIATE
105,MAROWAK,,20,FLING
105,MAROWAK,,24,STOMPING_TANTRUM
105,MAROWAK,,31,BONE_RUSH
105,MAROWAK,,36,FOCUS_ENERGY
105,MAROWAK,,42,ENDEAVOR
105,MAROWAK,,48,BONEMERANG
105,MAROWAK,,54,THRASH
105,MAROWAK,,60,DOUBLE_EDGE
106,HITMONLEE,,EVOLVE_MOVE,BRICK_BREAK
106,HITMONLEE,,1,TACKLE
106,HITMONLEE,,1,FOCUS_ENERGY
106,HITMONLEE,,1,FAKE_OUT
106,HITMONLEE,,1,HELPING_HAND
106,HITMONLEE,,1,FEINT
106,HITMONLEE,,1,LOW_SWEEP
106,HITMONLEE,,1,JUMP_KICK
106,HITMONLEE,,1,ROLLING_KICK
106,HITMONLEE,,1,MACH_PUNCH
106,HITMONLEE,,1,RAPID_SPIN
106,HITMONLEE,,4,DOUBLE_KICK
106,HITMONLEE,,8,LOW_KICK
106,HITMONLEE,,12,ENDURE
106,HITMONLEE,,16,SUCKER_PUNCH
106,HITMONLEE,,21,WIDE_GUARD
106,HITMONLEE,,24,BLAZE_KICK
106,HITMONLEE,,28,FEINT
106,HITMONLEE,,32,MEGA_KICK
106,HITMONLEE,,36,CLOSE_COMBAT
106,HITMONLEE,,40,REVERSAL
106,HITMONLEE,,44,HIGH_JUMP_KICK
106,HITMONLEE,,50,AXE_KICK
107,HITMONCHAN,,EVOLVE_MOVE,DRAIN_PUNCH
107,HITMONCHAN,,1,TACKLE
107,HITMONCHAN,,1,FOCUS_ENERGY
107,HITMONCHAN,,1,FAKE_OUT
107,HITMONCHAN,,1,HELPING_HAND
107,HITMONCHAN,,1,FEINT
107,HITMONCHAN,,1,PURSUIT
107,HITMONCHAN,,1,COMET_PUNCH
107,HITMONCHAN,,1,LOW_SWEEP
107,HITMONCHAN,,1,RAPID_SPIN
107,HITMONCHAN,,4,MACH_PUNCH
107,HITMONCHAN,,8,VACUUM_WAVE
107,HITMONCHAN,,12,DETECT
107,HITMONCHAN,,16,BULLET_PUNCH
107,HITMONCHAN,,21,QUICK_GUARD
107,HITMONCHAN,,24,THUNDER_PUNCH
107,HITMONCHAN,,24,ICE_PUNCH
107,HITMONCHAN,,24,FIRE_PUNCH
107,HITMONCHAN,,28,AGILITY
107,HITMONCHAN,,32,MEGA_PUNCH
107,HITMONCHAN,,36,CLOSE_COMBAT
107,HITMONCHAN,,40,COUNTER
107,HITMONCHAN,,44,FOCUS_PUNCH
108,LICKITUNG,,1,DEFENSE_CURL
108,LICKITUNG,,1,LICK
108,LICKITUNG,,1,TACKLE
108,LICKITUNG,,6,REST
108,LICKITUNG,,12,SUPERSONIC
108,LICKITUNG,,18,WRAP
108,LICKITUNG,,24,DISABLE
108,LICKITUNG,,30,STOMP
108,LICKITUNG,,32,ROLLOUT
108,LICKITUNG,,36,KNOCK_OFF
108,LICKITUNG,,42,SCREECH
108,LICKITUNG,,48,SLAM
108,LICKITUNG,,54,POWER_WHIP
108,LICKITUNG,,60,BELLY_DRUM
109,KOFFING,,1,TACKLE
109,KOFFING,,1,POISON_GAS
109,KOFFING,,4,SMOG
109,KOFFING,,8,SMOKESCREEN
109,KOFFING,,12,CLEAR_SMOG
109,KOFFING,,16,ASSURANCE
109,KOFFING,,20,SLUDGE
109,KOFFING,,24,HAZE
109,KOFFING,,28,SELF_DESTRUCT
109,KOFFING,,32,SLUDGE_BOMB
109,KOFFING,,36,TOXIC
109,KOFFING,,40,BELCH
109,KOFFING,,44,EXPLOSION
109,KOFFING,,48,MEMENTO
109,KOFFING,,52,DESTINY_BOND
110,WEEZING,,EVOLVE_MOVE,DOUBLE_HIT
110,WEEZING,,1,TACKLE
110,WEEZING,,1,SMOKESCREEN
110,WEEZING,,1,SMOG
110,WEEZING,,1,POISON_GAS
110,WEEZING,,1,HEAT_WAVE
110,WEEZING,,12,CLEAR_SMOG
110,WEEZING,,16,ASSURANCE
110,WEEZING,,20,SLUDGE
110,WEEZING,,24,HAZE
110,WEEZING,,28,SELF_DESTRUCT
110,WEEZING,,32,SLUDGE_BOMB
110,WEEZING,,38,TOXIC
110,WEEZING,,44,BELCH
110,WEEZING,,50,EXPLOSION
110,WEEZING,,56,MEMENTO
110,WEEZING,,62,DESTINY_BOND
111,RHYHORN,,1,TACKLE
111,RHYHORN,,1,TAIL_WHIP
111,RHYHORN,,5,SMACK_DOWN
111,RHYHORN,,10,BULLDOZE
111,RHYHORN,,15,HORN_ATTACK
111,RHYHORN,,20,SCARY_FACE
111,RHYHORN,,25,STOMP
111,RHYHORN,,30,ROCK_BLAST
111,RHYHORN,,35,DRILL_RUN
111,RHYHORN,,40,TAKE_DOWN
111,RHYHORN,,45,EARTHQUAKE
111,RHYHORN,,50,STONE_EDGE
111,RHYHORN,,55,MEGAHORN
111,RHYHORN,,60,HORN_DRILL
112,RHYDON,,EVOLVE_MOVE,HAMMER_ARM
112,RHYDON,,1,TACKLE
112,RHYDON,,1,TAIL_WHIP
112,RHYDON,,1,SMACK_DOWN
112,RHYDON,,1,BULLDOZE
112,RHYDON,,15,HORN_ATTACK
112,RHYDON,,20,SCARY_FACE
112,RHYDON,,25,STOMP
112,RHYDON,,30,ROCK_BLAST
112,RHYDON,,35,DRILL_RUN
112,RHYDON,,40,TAKE_DOWN
112,RHYDON,,47,EARTHQUAKE
112,RHYDON,,54,STONE_EDGE
112,RHYDON,,61,MEGAHORN
112,RHYDON,,68,HORN_DRILL
113,CHANSEY,,1,POUND
113,CHANSEY,,1,DEFENSE_CURL
113,CHANSEY,,1,SWEET_KISS
113,CHANSEY,,1,CHARM
113,CHANSEY,,1,COVET
113,CHANSEY,,1,COPYCAT
113,CHANSEY,,1,DISARMING_VOICE
113,CHANSEY,,4,TAIL_WHIP
113,CHANSEY,,8,ECHOED_VOICE
113,CHANSEY,,12,LIFE_DEW
113,CHANSEY,,16,SING
113,CHANSEY,,20,FLING
113,CHANSEY,,24,TAKE_DOWN
113,CHANSEY,,28,HEAL_PULSE
113,CHANSEY,,32,HELPING_HAND
113,CHANSEY,,36,LIGHT_SCREEN
113,CHANSEY,,40,DOUBLE_EDGE
113,CHANSEY,,44,SOFT_BOILED
113,CHANSEY,,48,LAST_RESORT
113,CHANSEY,,52,HEALING_WISH
114,TANGELA,,1,BIND
114,TANGELA,,1,ABSORB
114,TANGELA,,1,CONSTRICT
114,TANGELA,,4,STUN_SPORE
114,TANGELA,,8,GROWTH
114,TANGELA,,12,MEGA_DRAIN
114,TANGELA,,16,VINE_WHIP
114,TANGELA,,20,POISON_POWDER
114,TANGELA,,24,DOUBLE_HIT
114,TANGELA,,28,KNOCK_OFF
114,TANGELA,,32,GIGA_DRAIN
114,TANGELA,,34,ANCIENT_POWER
114,TANGELA,,36,SLEEP_POWDER
114,TANGELA,,40,SLAM
114,TANGELA,,44,TICKLE
114,TANGELA,,48,POWER_WHIP
114,TANGELA,,52,INGRAIN
114,TANGELA,,56,GRASSY_TERRAIN
115,KANGASKHAN,,1,POUND
115,KANGASKHAN,,1,TAIL_WHIP
115,KANGASKHAN,,1,COMET_PUNCH
115,KANGASKHAN,,4,GROWL
115,KANGASKHAN,,8,FAKE_OUT
115,KANGASKHAN,,12,BITE
115,KANGASKHAN,,16,STOMP
115,KANGASKHAN,,20,FOCUS_ENERGY
115,KANGASKHAN,,24,HEADBUTT
115,KANGASKHAN,,28,SUCKER_PUNCH
115,KANGASKHAN,,32,DOUBLE_HIT
115,KANGASKHAN,,36,CRUNCH
115,KANGASKHAN,,40,ENDURE
115,KANGASKHAN,,44,REVERSAL
115,KANGASKHAN,,48,OUTRAGE
115,KANGASKHAN,,52,LAST_RESORT
116,HORSEA,,1,LEER
116,HORSEA,,1,WATER_GUN
116,HORSEA,,5,SMOKESCREEN
116,HORSEA,,10,TWISTER
116,HORSEA,,15,FOCUS_ENERGY
116,HORSEA,,20,DRAGON_BREATH
116,HORSEA,,25,BUBBLE_BEAM
116,HORSEA,,30,AGILITY
116,HORSEA,,35,LASER_FOCUS
116,HORSEA,,40,DRAGON_PULSE
116,HORSEA,,45,HYDRO_PUMP
116,HORSEA,,50,DRAGON_DANCE
116,HORSEA,,55,RAIN_DANCE
117,SEADRA,,1,LEER
117,SEADRA,,1,WATER_GUN
117,SEADRA,,1,SMOKESCREEN
117,SEADRA,,1,TWISTER
117,SEADRA,,15,FOCUS_ENERGY
117,SEADRA,,20,DRAGON_BREATH
117,SEADRA,,25,BUBBLE_BEAM
117,SEADRA,,30,AGILITY
117,SEADRA,,37,LASER_FOCUS
117,SEADRA,,44,DRAGON_PULSE
117,SEADRA,,51,HYDRO_PUMP
117,SEADRA,,58,DRAGON_DANCE
117,SEADRA,,65,RAIN_DANCE
118,GOLDEEN,,1,TAIL_WHIP
118,GOLDEEN,,1,PECK
118,GOLDEEN,,1,WATER_SPORT
118,GOLDEEN,,5,SUPERSONIC
118,GOLDEEN,,10,WATER_PULSE
118,GOLDEEN,,15,HORN_ATTACK
118,GOLDEEN,,20,AGILITY
118,GOLDEEN,,25,AQUA_RING
118,GOLDEEN,,30,FLAIL
118,GOLDEEN,,35,WATERFALL
118,GOLDEEN,,40,SOAK
118,GOLDEEN,,45,MEGAHORN
118,GOLDEEN,,50,HORN_DRILL
119,SEAKING,,1,TAIL_WHIP
119,SEAKING,,1,SUPERSONIC
119,SEAKING,,1,WATER_SPORT
119,SEAKING,,1,PECK
119,SEAKING,,1,WATER_PULSE
119,SEAKING,,15,HORN_ATTACK
119,SEAKING,,20,AGILITY
119,SEAKING,,25,AQUA_RING
119,SEAKING,,30,FLAIL
119,SEAKING,,37,WATERFALL
119,SEAKING,,44,SOAK
119,SEAKING,,51,MEGAHORN
119,SEAKING,,58,HORN_DRILL
120,STARYU,,1,TACKLE
120,STARYU,,1,HARDEN
120,STARYU,,4,WATER_GUN
120,STARYU,,8,CONFUSE_RAY
120,STARYU,,12,RAPID_SPIN
120,STARYU,,16,MINIMIZE
120,STARYU,,20,SWIFT
120,STARYU,,24,PSYBEAM
120,STARYU,,28,BRINE
120,STARYU,,32,LIGHT_SCREEN
120,STARYU,,36,POWER_GEM
120,STARYU,,40,PSYCHIC
120,STARYU,,44,SURF
120,STARYU,,48,RECOVER
120,STARYU,,52,COSMIC_POWER
120,STARYU,,56,HYDRO_PUMP
121,STARMIE,,1,TACKLE
121,STARMIE,,1,WATER_GUN
121,STARMIE,,1,HYDRO_PUMP
121,STARMIE,,1,SURF
121,STARMIE,,1,PSYBEAM
121,STARMIE,,1,PSYCHIC
121,STARMIE,,1,RECOVER
121,STARMIE,,1,HARDEN
121,STARMIE,,1,MINIMIZE
121,STARMIE,,1,CONFUSE_RAY
121,STARMIE,,1,LIGHT_SCREEN
121,STARMIE,,1,SWIFT
121,STARMIE,,1,SPOTLIGHT
121,STARMIE,,1,RAPID_SPIN
121,STARMIE,,1,COSMIC_POWER
121,STARMIE,,1,BRINE
121,STARMIE,,1,POWER_GEM
122,MR_MIME,,1,POUND
122,MR_MIME,,1,TICKLE
122,MR_MIME,,1,BATON_PASS
122,MR_MIME,,1,ENCORE
122,MR_MIME,,1,COPYCAT
122,MR_MIME,,1,POWER_SWAP
122,MR_MIME,,1,GUARD_SWAP
122,MR_MIME,,1,WIDE_GUARD
122,MR_MIME,,1,QUICK_GUARD
122,MR_MIME,,1,BARRIER
122,MR_MIME,,12,CONFUSION
122,MR_MIME,,16,ROLE_PLAY
122,MR_MIME,,20,PROTECT
122,MR_MIME,,24,RECYCLE
122,MR_MIME,,28,PSYBEAM
122,MR_MIME,,32,MIMIC
122,MR_MIME,,36,LIGHT_SCREEN
122,MR_MIME,,36,REFLECT
122,MR_MIME,,36,SAFEGUARD
122,MR_MIME,,40,SUCKER_PUNCH
122,MR_MIME,,44,DAZZLING_GLEAM
122,MR_MIME,,48,PSYCHIC
122,MR_MIME,,52,TEETER_DANCE
123,SCYTHER,,1,LEER
123,SCYTHER,,1,QUICK_ATTACK
123,SCYTHER,,4,FURY_CUTTER
123,SCYTHER,,8,FALSE_SWIPE
123,SCYTHER,,12,WING_ATTACK
123,SCYTHER,,16,DOUBLE_TEAM
123,SCYTHER,,20,DOUBLE_HIT
123,SCYTHER,,24,SLASH
123,SCYTHER,,28,FOCUS_ENERGY
123,SCYTHER,,30,STEEL_WING
123,SCYTHER,,32,AGILITY
123,SCYTHER,,36,AIR_SLASH
123,SCYTHER,,40,X_SCISSOR
123,SCYTHER,,44,SWORDS_DANCE
124,JYNX,,1,POUND
124,JYNX,,1,LICK
124,JYNX,,1,POWDER_SNOW
124,JYNX,,1,SWEET_KISS
124,JYNX,,1,COPYCAT
124,JYNX,,12,CONFUSION
124,JYNX,,16,COVET
124,JYNX,,20,SING
124,JYNX,,24,FAKE_TEARS
124,JYNX,,28,ICE_PUNCH
124,JYNX,,34,PSYCHIC
124,JYNX,,40,LOVELY_KISS
124,JYNX,,46,MEAN_LOOK
124,JYNX,,52,PERISH_SONG
124,JYNX,,58,BLIZZARD
125,ELECTABUZZ,,1,LEER
125,ELECTABUZZ,,1,THUNDER_SHOCK
125,ELECTABUZZ,,1,QUICK_ATTACK
125,ELECTABUZZ,,1,CHARGE
125,ELECTABUZZ,,12,SWIFT
125,ELECTABUZZ,,16,SHOCK_WAVE
125,ELECTABUZZ,,20,THUNDER_WAVE
125,ELECTABUZZ,,24,SCREECH
125,ELECTABUZZ,,28,THUNDER_PUNCH
125,ELECTABUZZ,,34,DISCHARGE
125,ELECTABUZZ,,40,LOW_KICK
125,ELECTABUZZ,,46,THUNDERBOLT
125,ELECTABUZZ,,52,LIGHT_SCREEN
125,ELECTABUZZ,,58,THUNDER
125,ELECTABUZZ,,64,GIGA_IMPACT
126,MAGMAR,,1,LEER
126,MAGMAR,,1,EMBER
126,MAGMAR,,1,SMOKESCREEN
126,MAGMAR,,1,SMOG
126,MAGMAR,,12,CLEAR_SMOG
126,MAGMAR,,16,FLAME_WHEEL
126,MAGMAR,,20,CONFUSE_RAY
126,MAGMAR,,24,SCARY_FACE
126,MAGMAR,,28,FIRE_PUNCH
126,MAGMAR,,34,LAVA_PLUME
126,MAGMAR,,40,LOW_KICK
126,MAGMAR,,46,FLAMETHROWER
126,MAGMAR,,52,SUNNY_DAY
126,MAGMAR,,58,FIRE_BLAST
126,MAGMAR,,64,HYPER_BEAM
127,PINSIR,,1,VISE_GRIP
127,PINSIR,,1,HARDEN
127,PINSIR,,4,FOCUS_ENERGY
127,PINSIR,,8,BIND
127,PINSIR,,12,SEISMIC_TOSS
127,PINSIR,,16,BUG_BITE
127,PINSIR,,20,STORM_THROW
127,PINSIR,,24,DOUBLE_HIT
127,PINSIR,,28,VITAL_THROW
127,PINSIR,,32,X_SCISSOR
127,PINSIR,,36,STRENGTH
127,PINSIR,,40,SWORDS_DANCE
127,PINSIR,,44,SUBMISSION
127,PINSIR,,48,GUILLOTINE
127,PINSIR,,52,SUPERPOWER
128,TAUROS,,1,TACKLE
128,TAUROS,,1,TAIL_WHIP
128,TAUROS,,5,WORK_UP
128,TAUROS,,10,PAYBACK
128,TAUROS,,15,ASSURANCE
128,TAUROS,,20,HORN_ATTACK
128,TAUROS,,25,SCARY_FACE
128,TAUROS,,30,ZEN_HEADBUTT
128,TAUROS,,35,RAGING_BULL
128,TAUROS,,40,REST
128,TAUROS,,45,SWAGGER
128,TAUROS,,50,THRASH
128,TAUROS,,55,DOUBLE_EDGE
128,TAUROS,,60,GIGA_IMPACT
129,MAGIKARP,,1,SPLASH
129,MAGIKARP,,15,TACKLE
129,MAGIKARP,,25,FLAIL
130,GYARADOS,,EVOLVE_MOVE,BITE
130,GYARADOS,,1,TACKLE
130,GYARADOS,,1,LEER
130,GYARADOS,,1,SPLASH
130,GYARADOS,,1,FLAIL
130,GYARADOS,,1,TWISTER
130,GYARADOS,,4,WHIRLPOOL
130,GYARADOS,,8,ICE_FANG
130,GYARADOS,,12,BRINE
130,GYARADOS,,16,SCARY_FACE
130,GYARADOS,,21,WATERFALL
130,GYARADOS,,24,CRUNCH
130,GYARADOS,,28,RAIN_DANCE
130,GYARADOS,,32,AQUA_TAIL
130,GYARADOS,,36,DRAGON_DANCE
130,GYARADOS,,40,HYDRO_PUMP
130,GYARADOS,,44,HURRICANE
130,GYARADOS,,48,THRASH
130,GYARADOS,,52,HYPER_BEAM
131,LAPRAS,,1,GROWL
131,LAPRAS,,1,WATER_GUN
131,LAPRAS,,5,SING
131,LAPRAS,,10,MIST
131,LAPRAS,,15,LIFE_DEW
131,LAPRAS,,20,ICE_SHARD
131,LAPRAS,,25,CONFUSE_RAY
131,LAPRAS,,30,WATER_PULSE
131,LAPRAS,,35,BRINE
131,LAPRAS,,40,BODY_SLAM
131,LAPRAS,,45,ICE_BEAM
131,LAPRAS,,50,RAIN_DANCE
131,LAPRAS,,55,HYDRO_PUMP
131,LAPRAS,,60,PERISH_SONG
131,LAPRAS,,65,SHEER_COLD
132,DITTO,,1,TRANSFORM
133,EEVEE,,1,TACKLE
133,EEVEE,,1,TAIL_WHIP
133,EEVEE,,1,GROWL
133,EEVEE,,1,HELPING_HAND
133,EEVEE,,1,COVET
133,EEVEE,,5,SAND_ATTACK
133,EEVEE,,10,QUICK_ATTACK
133,EEVEE,,15,BABY_DOLL_EYES
133,EEVEE,,20,SWIFT
133,EEVEE,,25,BITE
133,EEVEE,,30,COPYCAT
133,EEVEE,,35,BATON_PASS
133,EEVEE,,45,CHARM
133,EEVEE,,50,DOUBLE_EDGE
133,EEVEE,,55,LAST_RESORT
133,EEVEE,,40,TAKE_DOWN
133,EEVEE,,60,VEEVEE_VOLLEY
133,EEVEE,partner,18,BOUNCY_BUBBLE
133,EEVEE,partner,18,BUZZY_BUZZ
133,EEVEE,partner,18,SIZZLY_SLIDE
133,EEVEE,partner,33,GLITZY_GLOW
133,EEVEE,partner,33,BADDY_BAD
133,EEVEE,partner,40,VEEVEE_VOLLEY
133,EEVEE,partner,43,SAPPY_SEED
133,EEVEE,partner,43,FREEZY_FROST
133,EEVEE,partner,53,SPARKLY_SWIRL
133,EEVEE,gigantamax,18,BOUNCY_BUBBLE
133,EEVEE,gigantamax,18,BUZZY_BUZZ
133,EEVEE,gigantamax,18,SIZZLY_SLIDE
133,EEVEE,gigantamax,33,GLITZY_GLOW
133,EEVEE,gigantamax,33,BADDY_BAD
133,EEVEE,gigantamax,40,VEEVEE_VOLLEY
133,EEVEE,gigantamax,43,SAPPY_SEED
133,EEVEE,gigantamax,43,FREEZY_FROST
133,EEVEE,gigantamax,53,SPARKLY_SWIRL
134,VAPOREON,,EVOLVE_MOVE,BOUNCY_BUBBLE
134,VAPOREON,,RELEARN_MOVE,VEEVEE_VOLLEY
134,VAPOREON,,1,TACKLE
134,VAPOREON,,1,TAKE_DOWN
134,VAPOREON,,1,DOUBLE_EDGE
134,VAPOREON,,1,TAIL_WHIP
134,VAPOREON,,1,BITE
134,VAPOREON,,1,GROWL
134,VAPOREON,,1,SWIFT
134,VAPOREON,,1,CHARM
134,VAPOREON,,1,BATON_PASS
134,VAPOREON,,1,HELPING_HAND
134,VAPOREON,,1,COVET
134,VAPOREON,,1,COPYCAT
134,VAPOREON,,5,SAND_ATTACK
134,VAPOREON,,10,WATER_GUN
134,VAPOREON,,15,QUICK_ATTACK
134,VAPOREON,,20,BABY_DOLL_EYES
134,VAPOREON,,25,HAZE
134,VAPOREON,,30,WATER_PULSE
134,VAPOREON,,35,AURORA_BEAM
134,VAPOREON,,40,AQUA_RING
134,VAPOREON,,45,MUDDY_WATER
134,VAPOREON,,50,ACID_ARMOR
134,VAPOREON,,55,HYDRO_PUMP
134,VAPOREON,,60,LAST_RESORT
135,JOLTEON,,EVOLVE_MOVE,BUZZY_BUZZ
135,JOLTEON,,RELEARN_MOVE,VEEVEE_VOLLEY
135,JOLTEON,,1,TACKLE
135,JOLTEON,,1,TAKE_DOWN
135,JOLTEON,,1,DOUBLE_EDGE
135,JOLTEON,,1,TAIL_WHIP
135,JOLTEON,,1,BITE
135,JOLTEON,,1,GROWL
135,JOLTEON,,1,SWIFT
135,JOLTEON,,1,CHARM
135,JOLTEON,,1,BATON_PASS
135,JOLTEON,,1,HELPING_HAND
135,JOLTEON,,1,COVET
135,JOLTEON,,1,COPYCAT
135,JOLTEON,,5,SAND_ATTACK
135,JOLTEON,,10,THUNDER_SHOCK
135,JOLTEON,,15,QUICK_ATTACK
135,JOLTEON,,20,BABY_DOLL_EYES
135,JOLTEON,,25,THUNDER_WAVE
135,JOLTEON,,30,DOUBLE_KICK
135,JOLTEON,,35,THUNDER_FANG
135,JOLTEON,,40,PIN_MISSILE
135,JOLTEON,,45,DISCHARGE
135,JOLTEON,,50,AGILITY
135,JOLTEON,,55,THUNDER
135,JOLTEON,,60,LAST_RESORT
136,FLAREON,,EVOLVE_MOVE,SIZZLY_SLIDE
136,FLAREON,,RELEARN_MOVE,VEEVEE_VOLLEY
136,FLAREON,,1,TACKLE
136,FLAREON,,1,TAKE_DOWN
136,FLAREON,,1,DOUBLE_EDGE
136,FLAREON,,1,TAIL_WHIP
136,FLAREON,,1,GROWL
136,FLAREON,,1,SWIFT
136,FLAREON,,1,CHARM
136,FLAREON,,1,BATON_PASS
136,FLAREON,,1,HELPING_HAND
136,FLAREON,,1,COVET
136,FLAREON,,1,COPYCAT
136,FLAREON,,5,SAND_ATTACK
136,FLAREON,,10,EMBER
136,FLAREON,,15,QUICK_ATTACK
136,FLAREON,,20,BABY_DOLL_EYES
136,FLAREON,,25,SMOG
136,FLAREON,,30,BITE
136,FLAREON,,35,FIRE_FANG
136,FLAREON,,40,FIRE_SPIN
136,FLAREON,,45,LAVA_PLUME
136,FLAREON,,50,SCARY_FACE
136,FLAREON,,55,FLARE_BLITZ
136,FLAREON,,60,LAST_RESORT
137,PORYGON,,1,TACKLE
137,PORYGON,,1,CONVERSION
137,PORYGON,,5,RECYCLE
137,PORYGON,,10,MAGNET_RISE
137,PORYGON,,15,THUNDER_SHOCK
137,PORYGON,,20,PSYBEAM
137,PORYGON,,25,CONVERSION_2
137,PORYGON,,30,AGILITY
137,PORYGON,,35,RECOVER
137,PORYGON,,40,DISCHARGE
137,PORYGON,,45,TRI_ATTACK
137,PORYGON,,50,MAGIC_COAT
137,PORYGON,,55,LOCK_ON
137,PORYGON,,60,ZAP_CANNON
138,OMANYTE,,1,BIND
138,OMANYTE,,1,WITHDRAW
138,OMANYTE,,1,CONSTRICT
138,OMANYTE,,5,ROLLOUT
138,OMANYTE,,10,SAND_ATTACK
138,OMANYTE,,15,WATER_GUN
138,OMANYTE,,20,LEER
138,OMANYTE,,25,MUD_SHOT
138,OMANYTE,,30,ANCIENT_POWER
138,OMANYTE,,35,BRINE
138,OMANYTE,,41,PROTECT
138,OMANYTE,,45,ROCK_BLAST
138,OMANYTE,,50,SURF
138,OMANYTE,,55,SHELL_SMASH
138,OMANYTE,,60,HYDRO_PUMP
139,OMASTAR,,EVOLVE_MOVE,CRUNCH
139,OMASTAR,,1,BIND
139,OMASTAR,,1,SAND_ATTACK
139,OMASTAR,,1,CONSTRICT
139,OMASTAR,,1,SPIKE_CANNON
139,OMASTAR,,1,WITHDRAW
139,OMASTAR,,1,ROLLOUT
139,OMASTAR,,15,WATER_GUN
139,OMASTAR,,20,LEER
139,OMASTAR,,25,MUD_SHOT
139,OMASTAR,,30,ANCIENT_POWER
139,OMASTAR,,35,BRINE
139,OMASTAR,,43,PROTECT
139,OMASTAR,,49,ROCK_BLAST
139,OMASTAR,,56,SURF
139,OMASTAR,,63,SHELL_SMASH
139,OMASTAR,,70,HYDRO_PUMP
140,KABUTO,,1,ABSORB
140,KABUTO,,1,HARDEN
140,KABUTO,,5,SCRATCH
140,KABUTO,,10,SAND_ATTACK
140,KABUTO,,15,AQUA_JET
140,KABUTO,,20,LEER
140,KABUTO,,25,MUD_SHOT
140,KABUTO,,30,ANCIENT_POWER
140,KABUTO,,35,BRINE
140,KABUTO,,41,PROTECT
140,KABUTO,,45,LEECH_LIFE
140,KABUTO,,50,LIQUIDATION
140,KABUTO,,55,METAL_SOUND
140,KABUTO,,60,STONE_EDGE
141,KABUTOPS,,EVOLVE_MOVE,SLASH
141,KABUTOPS,,1,SCRATCH
141,KABUTOPS,,1,SAND_ATTACK
141,KABUTOPS,,1,ABSORB
141,KABUTOPS,,1,HARDEN
141,KABUTOPS,,1,FEINT
141,KABUTOPS,,1,NIGHT_SLASH
141,KABUTOPS,,15,AQUA_JET
141,KABUTOPS,,20,LEER
141,KABUTOPS,,25,MUD_SHOT
141,KABUTOPS,,30,ANCIENT_POWER
141,KABUTOPS,,35,BRINE
141,KABUTOPS,,43,PROTECT
141,KABUTOPS,,49,LEECH_LIFE
141,KABUTOPS,,56,LIQUIDATION
141,KABUTOPS,,63,METAL_SOUND
141,KABUTOPS,,70,STONE_EDGE
142,AERODACTYL,,1,BITE
142,AERODACTYL,,1,ANCIENT_POWER
142,AERODACTYL,,5,SUPERSONIC
142,AERODACTYL,,10,WING_ATTACK
142,AERODACTYL,,15,SCARY_FACE
142,AERODACTYL,,20,ROCK_SLIDE
142,AERODACTYL,,25,ROAR
142,AERODACTYL,,30,CRUNCH
142,AERODACTYL,,35,IRON_HEAD
142,AERODACTYL,,40,TAKE_DOWN
142,AERODACTYL,,45,STONE_EDGE
142,AERODACTYL,,50,AGILITY
142,AERODACTYL,,55,HYPER_BEAM
142,AERODACTYL,,60,GIGA_IMPACT
143,SNORLAX,,1,TACKLE
143,SNORLAX,,1,SCREECH
143,SNORLAX,,1,ODOR_SLEUTH
143,SNORLAX,,1,DEFENSE_CURL
143,SNORLAX,,1,METRONOME
143,SNORLAX,,1,LICK
143,SNORLAX,,1,FLAIL
143,SNORLAX,,1,STOCKPILE
143,SNORLAX,,1,SWALLOW
143,SNORLAX,,1,RECYCLE
143,SNORLAX,,1,BLOCK
143,SNORLAX,,1,COVET
143,SNORLAX,,1,FLING
143,SNORLAX,,1,LAST_RESORT
143,SNORLAX,,12,YAWN
143,SNORLAX,,16,BITE
143,SNORLAX,,20,REST
143,SNORLAX,,20,SNORE
143,SNORLAX,,20,SLEEP_TALK
143,SNORLAX,,24,CRUNCH
143,SNORLAX,,28,BODY_SLAM
143,SNORLAX,,32,HEAVY_SLAM
143,SNORLAX,,36,AMNESIA
143,SNORLAX,,40,HIGH_HORSEPOWER
143,SNORLAX,,44,HAMMER_ARM
143,SNORLAX,,48,BELLY_DRUM
143,SNORLAX,,52,BELCH
143,SNORLAX,,56,GIGA_IMPACT
144,ARTICUNO,,1,GUST
144,ARTICUNO,,1,MIST
144,ARTICUNO,,5,POWDER_SNOW
144,ARTICUNO,,10,REFLECT
144,ARTICUNO,,15,ICE_SHARD
144,ARTICUNO,,20,AGILITY
144,ARTICUNO,,25,ANCIENT_POWER
144,ARTICUNO,,30,TAILWIND
144,ARTICUNO,,35,FREEZE_DRY
144,ARTICUNO,,40,ROOST
144,ARTICUNO,,45,ICE_BEAM
144,ARTICUNO,,50,SNOWSCAPE
144,ARTICUNO,,55,HURRICANE
144,ARTICUNO,,60,HAZE
144,ARTICUNO,,65,BLIZZARD
144,ARTICUNO,,70,SHEER_COLD
145,ZAPDOS,,1,PECK
145,ZAPDOS,,1,THUNDER_WAVE
145,ZAPDOS,,5,THUNDER_SHOCK
145,ZAPDOS,,10,LIGHT_SCREEN
145,ZAPDOS,,15,PLUCK
145,ZAPDOS,,20,AGILITY
145,ZAPDOS,,25,ANCIENT_POWER
145,ZAPDOS,,30,CHARGE
145,ZAPDOS,,35,DRILL_PECK
145,ZAPDOS,,40,ROOST
145,ZAPDOS,,45,DISCHARGE
145,ZAPDOS,,50,RAIN_DANCE
145,ZAPDOS,,55,THUNDER
145,ZAPDOS,,60,DETECT
145,ZAPDOS,,65,MAGNETIC_FLUX
145,ZAPDOS,,70,ZAP_CANNON
146,MOLTRES,,1,GUST
146,MOLTRES,,1,LEER
146,MOLTRES,,5,EMBER
146,MOLTRES,,10,SAFEGUARD
146,MOLTRES,,15,WING_ATTACK
146,MOLTRES,,20,AGILITY
146,MOLTRES,,25,ANCIENT_POWER
146,MOLTRES,,30,INCINERATE
146,MOLTRES,,35,AIR_SLASH
146,MOLTRES,,40,ROOST
146,MOLTRES,,45,HEAT_WAVE
146,MOLTRES,,50,SUNNY_DAY
146,MOLTRES,,55,HURRICANE
146,MOLTRES,,60,ENDURE
146,MOLTRES,,65,OVERHEAT
146,MOLTRES,,70,SKY_ATTACK
147,DRATINI,,1,WRAP
147,DRATINI,,1,LEER
147,DRATINI,,5,TWISTER
147,DRATINI,,10,THUNDER_WAVE
147,DRATINI,,15,DRAGON_TAIL
147,DRATINI,,20,AGILITY
147,DRATINI,,25,SLAM
147,DRATINI,,31,AQUA_TAIL
147,DRATINI,,35,DRAGON_RUSH
147,DRATINI,,40,SAFEGUARD
147,DRATINI,,45,RAIN_DANCE
147,DRATINI,,50,DRAGON_DANCE
147,DRATINI,,55,OUTRAGE
147,DRATINI,,60,HYPER_BEAM
148,DRAGONAIR,,1,WRAP
148,DRAGONAIR,,1,LEER
148,DRAGONAIR,,1,THUNDER_WAVE
148,DRAGONAIR,,1,TWISTER
148,DRAGONAIR,,15,DRAGON_TAIL
148,DRAGONAIR,,20,AGILITY
148,DRAGONAIR,,25,SLAM
148,DRAGONAIR,,33,AQUA_TAIL
148,DRAGONAIR,,39,DRAGON_RUSH
148,DRAGONAIR,,46,SAFEGUARD
148,DRAGONAIR,,53,RAIN_DANCE
148,DRAGONAIR,,60,DRAGON_DANCE
148,DRAGONAIR,,67,OUTRAGE
148,DRAGONAIR,,74,HYPER_BEAM
149,DRAGONITE,,EVOLVE_MOVE,HURRICANE
149,DRAGONITE,,1,FIRE_PUNCH
149,DRAGONITE,,1,THUNDER_PUNCH
149,DRAGONITE,,1,WING_ATTACK
149,DRAGONITE,,1,WRAP
149,DRAGONITE,,1,LEER
149,DRAGONITE,,1,THUNDER_WAVE
149,DRAGONITE,,1,TWISTER
149,DRAGONITE,,1,EXTREME_SPEED
149,DRAGONITE,,1,ROOST
149,DRAGONITE,,15,DRAGON_TAIL
149,DRAGONITE,,20,AGILITY
149,DRAGONITE,,25,SLAM
149,DRAGONITE,,33,AQUA_TAIL
149,DRAGONITE,,39,DRAGON_RUSH
149,DRAGONITE,,41,OUTRAGE
149,DRAGONITE,,46,SAFEGUARD
149,DRAGONITE,,53,RAIN_DANCE
149,DRAGONITE,,62,DRAGON_DANCE
149,DRAGONITE,,80,HYPER_BEAM
150,MEWTWO,,1,DISABLE
150,MEWTWO,,1,CONFUSION
150,MEWTWO,,1,SWIFT
150,MEWTWO,,1,LIFE_DEW
150,MEWTWO,,8,ANCIENT_POWER
150,MEWTWO,,16,PSYCHO_CUT
150,MEWTWO,,24,SAFEGUARD
150,MEWTWO,,32,AMNESIA
150,MEWTWO,,40,AURA_SPHERE
150,MEWTWO,,48,PSYCHIC
150,MEWTWO,,56,POWER_SWAP
150,MEWTWO,,56,GUARD_SWAP
150,MEWTWO,,64,MIST
150,MEWTWO,,72,PSYSTRIKE
150,MEWTWO,,80,RECOVER
150,MEWTWO,,88,FUTURE_SIGHT
151,MEW,,1,POUND
151,MEW,,1,REFLECT_TYPE
151,MEW,,10,AMNESIA
151,MEW,,20,BATON_PASS
151,MEW,,30,ANCIENT_POWER
151,MEW,,40,LIFE_DEW
151,MEW,,50,NASTY_PLOT
151,MEW,,60,METRONOME
151,MEW,,70,IMPRISON
151,MEW,,80,TRANSFORM
151,MEW,,90,AURA_SPHERE
151,MEW,,100,PSYCHIC
152,CHIKORITA,,1,TACKLE
152,CHIKORITA,,1,GROWL
152,CHIKORITA,,5,RAZOR_LEAF
152,CHIKORITA,,9,POISON_POWDER
152,CHIKORITA,,12,SYNTHESIS
152,CHIKORITA,,17,REFLECT
152,CHIKORITA,,20,MAGICAL_LEAF
152,CHIKORITA,,23,LEECH_SEED
152,CHIKORITA,,28,SWEET_SCENT
152,CHIKORITA,,31,LIGHT_SCREEN
152,CHIKORITA,,34,BODY_SLAM
152,CHIKORITA,,39,SAFEGUARD
152,CHIKORITA,,42,GIGA_DRAIN
152,CHIKORITA,,45,SOLAR_BEAM
153,BAYLEEF,,1,TACKLE
153,BAYLEEF,,1,GROWL
153,BAYLEEF,,1,RAZOR_LEAF
153,BAYLEEF,,1,POISON_POWDER
153,BAYLEEF,,12,SYNTHESIS
153,BAYLEEF,,18,REFLECT
153,BAYLEEF,,22,MAGICAL_LEAF
153,BAYLEEF,,26,LEECH_SEED
153,BAYLEEF,,32,SWEET_SCENT
153,BAYLEEF,,36,LIGHT_SCREEN
153,BAYLEEF,,40,BODY_SLAM
153,BAYLEEF,,46,SAFEGUARD
153,BAYLEEF,,50,GIGA_DRAIN
153,BAYLEEF,,54,SOLAR_BEAM
154,MEGANIUM,,EVOLVE_MOVE,PETAL_DANCE
154,MEGANIUM,,1,TACKLE
154,MEGANIUM,,1,GROWL
154,MEGANIUM,,1,RAZOR_LEAF
154,MEGANIUM,,1,POISON_POWDER
154,MEGANIUM,,1,PETAL_BLIZZARD
154,MEGANIUM,,12,SYNTHESIS
154,MEGANIUM,,18,REFLECT
154,MEGANIUM,,22,MAGICAL_LEAF
154,MEGANIUM,,26,LEECH_SEED
154,MEGANIUM,,34,SWEET_SCENT
154,MEGANIUM,,40,LIGHT_SCREEN
154,MEGANIUM,,46,BODY_SLAM
154,MEGANIUM,,54,SAFEGUARD
154,MEGANIUM,,60,GIGA_DRAIN
154,MEGANIUM,,65,SOLAR_BEAM
155,CYNDAQUIL,,1,TACKLE
155,CYNDAQUIL,,1,LEER
155,CYNDAQUIL,,5,EMBER
155,CYNDAQUIL,,10,SMOKESCREEN
155,CYNDAQUIL,,13,QUICK_ATTACK
155,CYNDAQUIL,,19,FLAME_WHEEL
155,CYNDAQUIL,,22,DEFENSE_CURL
155,CYNDAQUIL,,28,FLAME_CHARGE
155,CYNDAQUIL,,31,SWIFT
155,CYNDAQUIL,,37,LAVA_PLUME
155,CYNDAQUIL,,40,FLAMETHROWER
155,CYNDAQUIL,,46,INFERNO
155,CYNDAQUIL,,49,ROLLOUT
155,CYNDAQUIL,,55,DOUBLE_EDGE
155,CYNDAQUIL,,58,OVERHEAT
155,CYNDAQUIL,,64,ERUPTION
156,QUILAVA,,1,TACKLE
156,QUILAVA,,1,LEER
156,QUILAVA,,1,SMOKESCREEN
156,QUILAVA,,10,EMBER
156,QUILAVA,,13,QUICK_ATTACK
156,QUILAVA,,20,FLAME_WHEEL
156,QUILAVA,,24,DEFENSE_CURL
156,QUILAVA,,31,SWIFT
156,QUILAVA,,35,FLAME_CHARGE
156,QUILAVA,,42,LAVA_PLUME
156,QUILAVA,,46,FLAMETHROWER
156,QUILAVA,,53,INFERNO
156,QUILAVA,,57,ROLLOUT
156,QUILAVA,,64,DOUBLE_EDGE
156,QUILAVA,,68,OVERHEAT
156,QUILAVA,,75,ERUPTION
157,TYPHLOSION,,1,TACKLE
157,TYPHLOSION,,1,DOUBLE_EDGE
157,TYPHLOSION,,1,LEER
157,TYPHLOSION,,1,EMBER
157,TYPHLOSION,,1,SMOKESCREEN
157,TYPHLOSION,,1,ERUPTION
157,TYPHLOSION,,1,GYRO_BALL
157,TYPHLOSION,,13,QUICK_ATTACK
157,TYPHLOSION,,20,FLAME_WHEEL
157,TYPHLOSION,,24,DEFENSE_CURL
157,TYPHLOSION,,31,SWIFT
157,TYPHLOSION,,35,FLAME_CHARGE
157,TYPHLOSION,,43,LAVA_PLUME
157,TYPHLOSION,,48,FLAMETHROWER
157,TYPHLOSION,,56,INFERNO
157,TYPHLOSION,,61,ROLLOUT
157,TYPHLOSION,,74,OVERHEAT
158,TOTODILE,,1,SCRATCH
158,TOTODILE,,1,LEER
158,TOTODILE,,5,WATER_GUN
158,TOTODILE,,9,BITE
158,TOTODILE,,13,SCARY_FACE
158,TOTODILE,,19,ICE_FANG
158,TOTODILE,,22,FLAIL
158,TOTODILE,,27,CRUNCH
158,TOTODILE,,30,SLASH
158,TOTODILE,,33,SCREECH
158,TOTODILE,,37,THRASH
158,TOTODILE,,41,AQUA_TAIL
158,TOTODILE,,45,SUPERPOWER
158,TOTODILE,,50,HYDRO_PUMP
159,CROCONAW,,1,SCRATCH
159,CROCONAW,,1,LEER
159,CROCONAW,,1,WATER_GUN
159,CROCONAW,,13,BITE
159,CROCONAW,,15,SCARY_FACE
159,CROCONAW,,21,ICE_FANG
159,CROCONAW,,24,FLAIL
159,CROCONAW,,30,CRUNCH
159,CROCONAW,,34,SLASH
159,CROCONAW,,37,SCREECH
159,CROCONAW,,42,THRASH
159,CROCONAW,,47,AQUA_TAIL
159,CROCONAW,,50,SUPERPOWER
159,CROCONAW,,55,HYDRO_PUMP
160,FERALIGATR,,1,AGILITY
160,FERALIGATR,,1,SCRATCH
160,FERALIGATR,,1,LEER
160,FERALIGATR,,1,WATER_GUN
160,FERALIGATR,,13,BITE
160,FERALIGATR,,15,SCARY_FACE
160,FERALIGATR,,21,ICE_FANG
160,FERALIGATR,,24,FLAIL
160,FERALIGATR,,32,CRUNCH
160,FERALIGATR,,37,SLASH
160,FERALIGATR,,44,SCREECH
160,FERALIGATR,,51,THRASH
160,FERALIGATR,,59,AQUA_TAIL
160,FERALIGATR,,65,SUPERPOWER
160,FERALIGATR,,70,HYDRO_PUMP
161,SENTRET,,1,SCRATCH
161,SENTRET,,4,DEFENSE_CURL
161,SENTRET,,7,QUICK_ATTACK
161,SENTRET,,13,FURY_SWIPES
161,SENTRET,,16,HELPING_HAND
161,SENTRET,,19,FOLLOW_ME
161,SENTRET,,25,SLAM
161,SENTRET,,28,REST
161,SENTRET,,31,SUCKER_PUNCH
161,SENTRET,,36,AMNESIA
161,SENTRET,,39,BATON_PASS
161,SENTRET,,42,DOUBLE_EDGE
161,SENTRET,,47,HYPER_VOICE
162,FURRET,,EVOLVE_MOVE,AGILITY
162,FURRET,,1,SCRATCH
162,FURRET,,1,QUICK_ATTACK
162,FURRET,,1,DEFENSE_CURL
162,FURRET,,1,COIL
162,FURRET,,13,FURY_SWIPES
162,FURRET,,17,HELPING_HAND
162,FURRET,,21,FOLLOW_ME
162,FURRET,,28,SLAM
162,FURRET,,32,REST
162,FURRET,,36,SUCKER_PUNCH
162,FURRET,,42,AMNESIA
162,FURRET,,46,BATON_PASS
162,FURRET,,50,DOUBLE_EDGE
162,FURRET,,56,HYPER_VOICE
163,HOOTHOOT,,1,GROWL
163,HOOTHOOT,,1,PECK
163,HOOTHOOT,,3,TACKLE
163,HOOTHOOT,,6,ECHOED_VOICE
163,HOOTHOOT,,9,CONFUSION
163,HOOTHOOT,,12,REFLECT
163,HOOTHOOT,,15,DEFOG
163,HOOTHOOT,,18,AIR_SLASH
163,HOOTHOOT,,21,EXTRASENSORY
163,HOOTHOOT,,24,TAKE_DOWN
163,HOOTHOOT,,27,UPROAR
163,HOOTHOOT,,30,ROOST
163,HOOTHOOT,,33,MOONBLAST
163,HOOTHOOT,,36,HYPNOSIS
163,HOOTHOOT,,39,DREAM_EATER
164,NOCTOWL,,1,TACKLE
164,NOCTOWL,,1,GROWL
164,NOCTOWL,,1,PECK
164,NOCTOWL,,1,SKY_ATTACK
164,NOCTOWL,,1,ECHOED_VOICE
164,NOCTOWL,,9,CONFUSION
164,NOCTOWL,,12,REFLECT
164,NOCTOWL,,15,DEFOG
164,NOCTOWL,,18,AIR_SLASH
164,NOCTOWL,,23,EXTRASENSORY
164,NOCTOWL,,28,TAKE_DOWN
164,NOCTOWL,,33,UPROAR
164,NOCTOWL,,38,ROOST
164,NOCTOWL,,43,MOONBLAST
164,NOCTOWL,,48,HYPNOSIS
164,NOCTOWL,,53,DREAM_EATER
165,LEDYBA,,1,TACKLE
165,LEDYBA,,5,SUPERSONIC
165,LEDYBA,,8,SWIFT
165,LEDYBA,,12,LIGHT_SCREEN
165,LEDYBA,,12,REFLECT
165,LEDYBA,,12,SAFEGUARD
165,LEDYBA,,15,MACH_PUNCH
165,LEDYBA,,19,ROOST
165,LEDYBA,,22,STRUGGLE_BUG
165,LEDYBA,,26,BATON_PASS
165,LEDYBA,,29,AGILITY
165,LEDYBA,,33,BUG_BUZZ
165,LEDYBA,,36,AIR_SLASH
165,LEDYBA,,40,DOUBLE_EDGE
166,LEDIAN,,1,TACKLE
166,LEDIAN,,1,SUPERSONIC
166,LEDIAN,,1,SWIFT
166,LEDIAN,,5,SUPERSONIC
166,LEDIAN,,12,LIGHT_SCREEN
166,LEDIAN,,12,REFLECT
166,LEDIAN,,12,SAFEGUARD
166,LEDIAN,,15,MACH_PUNCH
166,LEDIAN,,20,ROOST
166,LEDIAN,,24,STRUGGLE_BUG
166,LEDIAN,,29,BATON_PASS
166,LEDIAN,,33,AGILITY
166,LEDIAN,,38,BUG_BUZZ
166,LEDIAN,,42,AIR_SLASH
166,LEDIAN,,47,DOUBLE_EDGE
167,SPINARAK,,1,POISON_STING
167,SPINARAK,,1,STRING_SHOT
167,SPINARAK,,1,CONSTRICT
167,SPINARAK,,5,ABSORB
167,SPINARAK,,8,INFESTATION
167,SPINARAK,,12,SCARY_FACE
167,SPINARAK,,15,NIGHT_SHADE
167,SPINARAK,,19,SHADOW_SNEAK
167,SPINARAK,,22,FURY_SWIPES
167,SPINARAK,,26,SUCKER_PUNCH
167,SPINARAK,,29,AGILITY
167,SPINARAK,,33,PIN_MISSILE
167,SPINARAK,,36,PSYCHIC
167,SPINARAK,,40,POISON_JAB
167,SPINARAK,,44,CROSS_POISON
167,SPINARAK,,47,STICKY_WEB
167,SPINARAK,,51,TOXIC_THREAD
168,ARIADOS,,EVOLVE_MOVE,SWORDS_DANCE
168,ARIADOS,,1,POISON_STING
168,ARIADOS,,1,ABSORB
168,ARIADOS,,1,STRING_SHOT
168,ARIADOS,,1,CONSTRICT
168,ARIADOS,,1,FOCUS_ENERGY
168,ARIADOS,,1,BUG_BITE
168,ARIADOS,,1,FELL_STINGER
168,ARIADOS,,8,INFESTATION
168,ARIADOS,,12,SCARY_FACE
168,ARIADOS,,15,NIGHT_SHADE
168,ARIADOS,,19,SHADOW_SNEAK
168,ARIADOS,,23,FURY_SWIPES
168,ARIADOS,,28,SUCKER_PUNCH
168,ARIADOS,,31,AGILITY
168,ARIADOS,,35,PIN_MISSILE
168,ARIADOS,,41,PSYCHIC
168,ARIADOS,,46,POISON_JAB
168,ARIADOS,,50,CROSS_POISON
168,ARIADOS,,54,STICKY_WEB
168,ARIADOS,,59,TOXIC_THREAD
169,CROBAT,,EVOLVE_MOVE,CROSS_POISON
169,CROBAT,,1,SUPERSONIC
169,CROBAT,,1,ABSORB
169,CROBAT,,1,TOXIC
169,CROBAT,,1,SCREECH
169,CROBAT,,1,MEAN_LOOK
169,CROBAT,,1,ASTONISH
169,CROBAT,,1,TAILWIND
169,CROBAT,,15,POISON_FANG
169,CROBAT,,20,QUICK_GUARD
169,CROBAT,,27,AIR_CUTTER
169,CROBAT,,34,BITE
169,CROBAT,,41,HAZE
169,CROBAT,,48,VENOSHOCK
169,CROBAT,,55,CONFUSE_RAY
169,CROBAT,,62,AIR_SLASH
169,CROBAT,,69,LEECH_LIFE
170,CHINCHOU,,1,SUPERSONIC
170,CHINCHOU,,1,WATER_GUN
170,CHINCHOU,,4,ELECTRO_BALL
170,CHINCHOU,,8,THUNDER_WAVE
170,CHINCHOU,,12,BUBBLE_BEAM
170,CHINCHOU,,16,CONFUSE_RAY
170,CHINCHOU,,20,SPARK
170,CHINCHOU,,24,CHARGE
170,CHINCHOU,,28,DISCHARGE
170,CHINCHOU,,32,AQUA_RING
170,CHINCHOU,,36,FLAIL
170,CHINCHOU,,40,TAKE_DOWN
170,CHINCHOU,,44,HYDRO_PUMP
171,LANTURN,,EVOLVE_MOVE,STOCKPILE
171,LANTURN,,EVOLVE_MOVE,SPIT_UP
171,LANTURN,,EVOLVE_MOVE,SWALLOW
171,LANTURN,,1,SUPERSONIC
171,LANTURN,,1,WATER_GUN
171,LANTURN,,1,SPOTLIGHT
171,LANTURN,,1,THUNDER_WAVE
171,LANTURN,,1,ELECTRO_BALL
171,LANTURN,,1,EERIE_IMPULSE
171,LANTURN,,12,BUBBLE_BEAM
171,LANTURN,,16,CONFUSE_RAY
171,LANTURN,,20,SPARK
171,LANTURN,,24,CHARGE
171,LANTURN,,30,DISCHARGE
171,LANTURN,,36,AQUA_RING
171,LANTURN,,42,FLAIL
171,LANTURN,,48,TAKE_DOWN
171,LANTURN,,54,HYDRO_PUMP
172,PICHU,,1,TAIL_WHIP
172,PICHU,,1,THUNDER_SHOCK
172,PICHU,,4,PLAY_NICE
172,PICHU,,8,SWEET_KISS
172,PICHU,,12,NUZZLE
172,PICHU,,16,NASTY_PLOT
172,PICHU,,20,CHARM
173,CLEFFA,,1,POUND
173,CLEFFA,,1,SPLASH
173,CLEFFA,,1,COPYCAT
173,CLEFFA,,4,SING
173,CLEFFA,,8,SWEET_KISS
173,CLEFFA,,12,DISARMING_VOICE
173,CLEFFA,,16,ENCORE
173,CLEFFA,,20,CHARM
174,IGGLYBUFF,,1,POUND
174,IGGLYBUFF,,1,SING
174,IGGLYBUFF,,1,COPYCAT
174,IGGLYBUFF,,4,DEFENSE_CURL
174,IGGLYBUFF,,8,SWEET_KISS
174,IGGLYBUFF,,12,DISARMING_VOICE
174,IGGLYBUFF,,16,DISABLE
174,IGGLYBUFF,,20,CHARM
175,TOGEPI,,1,POUND
175,TOGEPI,,1,GROWL
175,TOGEPI,,4,SWEET_KISS
175,TOGEPI,,8,LIFE_DEW
175,TOGEPI,,12,CHARM
175,TOGEPI,,16,ANCIENT_POWER
175,TOGEPI,,20,YAWN
175,TOGEPI,,24,METRONOME
175,TOGEPI,,28,AFTER_YOU
175,TOGEPI,,32,DOUBLE_EDGE
175,TOGEPI,,36,SAFEGUARD
175,TOGEPI,,40,FOLLOW_ME
175,TOGEPI,,44,BATON_PASS
175,TOGEPI,,48,LAST_RESORT
175,TOGEPI,,52,WISH
176,TOGETIC,,EVOLVE_MOVE,FAIRY_WIND
176,TOGETIC,,1,POUND
176,TOGETIC,,1,GROWL
176,TOGETIC,,1,SWEET_KISS
176,TOGETIC,,1,LIFE_DEW
176,TOGETIC,,12,CHARM
176,TOGETIC,,16,ANCIENT_POWER
176,TOGETIC,,20,YAWN
176,TOGETIC,,24,METRONOME
176,TOGETIC,,28,AFTER_YOU
176,TOGETIC,,32,DOUBLE_EDGE
176,TOGETIC,,36,SAFEGUARD
176,TOGETIC,,40,FOLLOW_ME
176,TOGETIC,,44,BATON_PASS
176,TOGETIC,,48,LAST_RESORT
176,TOGETIC,,52,WISH
177,NATU,,1,LEER
177,NATU,,1,PECK
177,NATU,,5,STORED_POWER
177,NATU,,10,TELEPORT
177,NATU,,15,CONFUSE_RAY
177,NATU,,20,NIGHT_SHADE
177,NATU,,26,PSYCHO_SHIFT
177,NATU,,30,POWER_SWAP
177,NATU,,35,PSYCHIC
177,NATU,,35,GUARD_SWAP
177,NATU,,40,WISH
177,NATU,,45,FUTURE_SIGHT
178,XATU,,EVOLVE_MOVE,AIR_SLASH
178,XATU,,1,LEER
178,XATU,,1,PECK
178,XATU,,1,TELEPORT
178,XATU,,1,TAILWIND
178,XATU,,1,STORED_POWER
178,XATU,,15,CONFUSE_RAY
178,XATU,,20,NIGHT_SHADE
178,XATU,,28,PSYCHO_SHIFT
178,XATU,,34,POWER_SWAP
178,XATU,,34,GUARD_SWAP
178,XATU,,41,PSYCHIC
178,XATU,,48,WISH
178,XATU,,55,FUTURE_SIGHT
179,MAREEP,,1,TACKLE
179,MAREEP,,1,GROWL
179,MAREEP,,4,THUNDER_WAVE
179,MAREEP,,8,THUNDER_SHOCK
179,MAREEP,,11,COTTON_SPORE
179,MAREEP,,15,CHARGE
179,MAREEP,,18,TAKE_DOWN
179,MAREEP,,22,ELECTRO_BALL
179,MAREEP,,25,CONFUSE_RAY
179,MAREEP,,29,POWER_GEM
179,MAREEP,,32,DISCHARGE
179,MAREEP,,36,COTTON_GUARD
179,MAREEP,,39,DAZZLING_GLEAM
179,MAREEP,,43,LIGHT_SCREEN
179,MAREEP,,46,THUNDER
180,FLAAFFY,,1,TACKLE
180,FLAAFFY,,1,GROWL
180,FLAAFFY,,6,THUNDER_SHOCK
180,FLAAFFY,,9,THUNDER_WAVE
180,FLAAFFY,,11,COTTON_SPORE
180,FLAAFFY,,16,CHARGE
180,FLAAFFY,,20,TAKE_DOWN
180,FLAAFFY,,25,ELECTRO_BALL
180,FLAAFFY,,29,CONFUSE_RAY
180,FLAAFFY,,34,POWER_GEM
180,FLAAFFY,,38,DISCHARGE
180,FLAAFFY,,43,COTTON_GUARD
180,FLAAFFY,,47,DAZZLING_GLEAM
180,FLAAFFY,,52,LIGHT_SCREEN
180,FLAAFFY,,56,THUNDER
181,AMPHAROS,,EVOLVE_MOVE,THUNDER_PUNCH
181,AMPHAROS,,1,FIRE_PUNCH
181,AMPHAROS,,1,TACKLE
181,AMPHAROS,,1,GROWL
181,AMPHAROS,,1,THUNDER_SHOCK
181,AMPHAROS,,1,THUNDER_WAVE
181,AMPHAROS,,1,ZAP_CANNON
181,AMPHAROS,,1,DRAGON_PULSE
181,AMPHAROS,,1,MAGNETIC_FLUX
181,AMPHAROS,,1,ION_DELUGE
181,AMPHAROS,,11,COTTON_SPORE
181,AMPHAROS,,16,CHARGE
181,AMPHAROS,,20,TAKE_DOWN
181,AMPHAROS,,25,ELECTRO_BALL
181,AMPHAROS,,29,CONFUSE_RAY
181,AMPHAROS,,35,POWER_GEM
181,AMPHAROS,,40,DISCHARGE
181,AMPHAROS,,46,COTTON_GUARD
181,AMPHAROS,,51,DAZZLING_GLEAM
181,AMPHAROS,,57,LIGHT_SCREEN
181,AMPHAROS,,62,THUNDER
182,BELLOSSOM,,EVOLVE_MOVE,PETAL_BLIZZARD
182,BELLOSSOM,,1,ACID
182,BELLOSSOM,,1,ABSORB
182,BELLOSSOM,,1,MEGA_DRAIN
182,BELLOSSOM,,1,GROWTH
182,BELLOSSOM,,1,POISON_POWDER
182,BELLOSSOM,,1,STUN_SPORE
182,BELLOSSOM,,1,SLEEP_POWDER
182,BELLOSSOM,,1,PETAL_DANCE
182,BELLOSSOM,,1,TOXIC
182,BELLOSSOM,,1,GIGA_DRAIN
182,BELLOSSOM,,1,SWEET_SCENT
182,BELLOSSOM,,1,MOONLIGHT
182,BELLOSSOM,,1,QUIVER_DANCE
182,BELLOSSOM,,1,GRASSY_TERRAIN
182,BELLOSSOM,,1,MOONBLAST
183,MARILL,,1,SPLASH
183,MARILL,,1,TACKLE
183,MARILL,,1,TAIL_WHIP
183,MARILL,,1,WATER_GUN
183,MARILL,,1,DEFENSE_CURL
183,MARILL,,1,ROLLOUT
183,MARILL,,1,HELPING_HAND
183,MARILL,,6,BUBBLE_BEAM
183,MARILL,,9,CHARM
183,MARILL,,12,SLAM
183,MARILL,,15,BOUNCE
183,MARILL,,19,AQUA_TAIL
183,MARILL,,21,PLAY_ROUGH
183,MARILL,,24,AQUA_RING
183,MARILL,,27,RAIN_DANCE
183,MARILL,,30,HYDRO_PUMP
183,MARILL,,33,DOUBLE_EDGE
183,MARILL,,36,SUPERPOWER
184,AZUMARILL,,1,SPLASH
184,AZUMARILL,,1,TACKLE
184,AZUMARILL,,1,TAIL_WHIP
184,AZUMARILL,,1,WATER_GUN
184,AZUMARILL,,1,DEFENSE_CURL
184,AZUMARILL,,1,ROLLOUT
184,AZUMARILL,,1,HELPING_HAND
184,AZUMARILL,,6,BUBBLE_BEAM
184,AZUMARILL,,9,CHARM
184,AZUMARILL,,12,SLAM
184,AZUMARILL,,15,BOUNCE
184,AZUMARILL,,21,AQUA_TAIL
184,AZUMARILL,,25,PLAY_ROUGH
184,AZUMARILL,,30,AQUA_RING
184,AZUMARILL,,35,RAIN_DANCE
184,AZUMARILL,,40,HYDRO_PUMP
184,AZUMARILL,,45,DOUBLE_EDGE
184,AZUMARILL,,50,SUPERPOWER
185,SUDOWOODO,,EVOLVE_MOVE,SLAM
185,SUDOWOODO,,1,ROCK_THROW
185,SUDOWOODO,,1,TACKLE
185,SUDOWOODO,,1,FLAIL
185,SUDOWOODO,,1,FAKE_TEARS
185,SUDOWOODO,,1,HAMMER_ARM
185,SUDOWOODO,,1,COPYCAT
185,SUDOWOODO,,1,STONE_EDGE
185,SUDOWOODO,,1,WOOD_HAMMER
185,SUDOWOODO,,12,BLOCK
185,SUDOWOODO,,16,MIMIC
185,SUDOWOODO,,20,ROCK_TOMB
185,SUDOWOODO,,24,TEARFUL_LOOK
185,SUDOWOODO,,28,SUCKER_PUNCH
185,SUDOWOODO,,32,ROCK_SLIDE
185,SUDOWOODO,,36,LOW_KICK
185,SUDOWOODO,,40,COUNTER
185,SUDOWOODO,,44,DOUBLE_EDGE
185,SUDOWOODO,,48,HEAD_SMASH
186,POLITOED,,EVOLVE_MOVE,BOUNCE
186,POLITOED,,RELEARN_MOVE,BODY_SLAM
186,POLITOED,,RELEARN_MOVE,DOUBLE_EDGE
186,POLITOED,,RELEARN_MOVE,WATER_GUN
186,POLITOED,,RELEARN_MOVE,BUBBLE_BEAM
186,POLITOED,,RELEARN_MOVE,HYPNOSIS
186,POLITOED,,RELEARN_MOVE,PERISH_SONG
186,POLITOED,,RELEARN_MOVE,SWAGGER
186,POLITOED,,RELEARN_MOVE,HYPER_VOICE
186,POLITOED,,RELEARN_MOVE,MUD_SHOT
186,POLITOED,,RELEARN_MOVE,EARTH_POWER
186,POLITOED,,1,RAIN_DANCE
186,POLITOED,,1,HYDRO_PUMP
186,POLITOED,,1,BELLY_DRUM
186,POLITOED,,1,POUND
186,POLITOED,,1,WATER_SPORT
187,HOPPIP,,1,TACKLE
187,HOPPIP,,1,SPLASH
187,HOPPIP,,4,TAIL_WHIP
187,HOPPIP,,6,ABSORB
187,HOPPIP,,8,FAIRY_WIND
187,HOPPIP,,10,POISON_POWDER
187,HOPPIP,,10,STUN_SPORE
187,HOPPIP,,10,SLEEP_POWDER
187,HOPPIP,,12,BULLET_SEED
187,HOPPIP,,15,SYNTHESIS
187,HOPPIP,,19,LEECH_SEED
187,HOPPIP,,22,MEGA_DRAIN
187,HOPPIP,,24,ACROBATICS
187,HOPPIP,,27,COTTON_SPORE
187,HOPPIP,,29,U_TURN
187,HOPPIP,,32,GIGA_DRAIN
187,HOPPIP,,35,BOUNCE
187,HOPPIP,,38,MEMENTO
188,SKIPLOOM,,1,TAIL_WHIP
188,SKIPLOOM,,1,ABSORB
188,SKIPLOOM,,1,SPLASH
188,SKIPLOOM,,1,SYNTHESIS
188,SKIPLOOM,,8,TACKLE
188,SKIPLOOM,,10,FAIRY_WIND
188,SKIPLOOM,,12,POISON_POWDER
188,SKIPLOOM,,12,STUN_SPORE
188,SKIPLOOM,,12,SLEEP_POWDER
188,SKIPLOOM,,15,BULLET_SEED
188,SKIPLOOM,,20,LEECH_SEED
188,SKIPLOOM,,24,MEGA_DRAIN
188,SKIPLOOM,,28,ACROBATICS
188,SKIPLOOM,,31,COTTON_SPORE
188,SKIPLOOM,,34,U_TURN
188,SKIPLOOM,,37,GIGA_DRAIN
188,SKIPLOOM,,41,BOUNCE
188,SKIPLOOM,,44,MEMENTO
189,JUMPLUFF,,1,TAIL_WHIP
189,JUMPLUFF,,1,ABSORB
189,JUMPLUFF,,1,SPLASH
189,JUMPLUFF,,1,SYNTHESIS
189,JUMPLUFF,,8,TACKLE
189,JUMPLUFF,,10,FAIRY_WIND
189,JUMPLUFF,,12,POISON_POWDER
189,JUMPLUFF,,12,STUN_SPORE
189,JUMPLUFF,,12,SLEEP_POWDER
189,JUMPLUFF,,15,BULLET_SEED
189,JUMPLUFF,,20,LEECH_SEED
189,JUMPLUFF,,24,MEGA_DRAIN
189,JUMPLUFF,,30,ACROBATICS
189,JUMPLUFF,,35,COTTON_SPORE
189,JUMPLUFF,,39,U_TURN
189,JUMPLUFF,,43,GIGA_DRAIN
189,JUMPLUFF,,49,BOUNCE
189,JUMPLUFF,,55,MEMENTO
190,AIPOM,,1,SCRATCH
190,AIPOM,,1,TAIL_WHIP
190,AIPOM,,4,SAND_ATTACK
190,AIPOM,,8,ASTONISH
190,AIPOM,,11,BATON_PASS
190,AIPOM,,15,TICKLE
190,AIPOM,,18,FURY_SWIPES
190,AIPOM,,22,SWIFT
190,AIPOM,,25,SCREECH
190,AIPOM,,29,AGILITY
190,AIPOM,,32,DOUBLE_HIT
190,AIPOM,,36,FLING
190,AIPOM,,39,NASTY_PLOT
190,AIPOM,,43,LAST_RESORT
191,SUNKERN,,1,TACKLE
191,SUNKERN,,1,GROWTH
191,SUNKERN,,7,ABSORB
191,SUNKERN,,10,MEGA_DRAIN
191,SUNKERN,,16,RAZOR_LEAF
191,SUNKERN,,19,WORRY_SEED
191,SUNKERN,,22,GIGA_DRAIN
191,SUNKERN,,25,ENDEAVOR
191,SUNKERN,,28,SYNTHESIS
191,SUNKERN,,31,SOLAR_BEAM
191,SUNKERN,,34,DOUBLE_EDGE
191,SUNKERN,,36,SUNNY_DAY
191,SUNKERN,,39,SEED_BOMB
192,SUNFLORA,,RELEARN_MOVE,SEED_BOMB
192,SUNFLORA,,1,POUND
192,SUNFLORA,,1,TACKLE
192,SUNFLORA,,1,GROWTH
192,SUNFLORA,,1,ENDEAVOR
192,SUNFLORA,,1,SYNTHESIS
192,SUNFLORA,,4,INGRAIN
192,SUNFLORA,,7,ABSORB
192,SUNFLORA,,10,MEGA_DRAIN
192,SUNFLORA,,13,LEECH_SEED
192,SUNFLORA,,16,RAZOR_LEAF
192,SUNFLORA,,19,WORRY_SEED
192,SUNFLORA,,22,GIGA_DRAIN
192,SUNFLORA,,25,BULLET_SEED
192,SUNFLORA,,28,PETAL_DANCE
192,SUNFLORA,,31,SOLAR_BEAM
192,SUNFLORA,,34,DOUBLE_EDGE
192,SUNFLORA,,39,SUNNY_DAY
192,SUNFLORA,,43,LEAF_STORM
192,SUNFLORA,,50,PETAL_BLIZZARD
193,YANMA,,1,TACKLE
193,YANMA,,6,QUICK_ATTACK
193,YANMA,,11,DOUBLE_TEAM
193,YANMA,,14,AIR_CUTTER
193,YANMA,,17,DETECT
193,YANMA,,22,SUPERSONIC
193,YANMA,,27,UPROAR
193,YANMA,,30,BUG_BITE
193,YANMA,,33,ANCIENT_POWER
193,YANMA,,38,HYPNOSIS
193,YANMA,,43,WING_ATTACK
193,YANMA,,46,SCREECH
193,YANMA,,49,U_TURN
193,YANMA,,54,AIR_SLASH
193,YANMA,,57,BUG_BUZZ
194,WOOPER,,1,TAIL_WHIP
194,WOOPER,,1,WATER_GUN
194,WOOPER,,4,RAIN_DANCE
194,WOOPER,,8,MUD_SHOT
194,WOOPER,,12,MIST
194,WOOPER,,12,HAZE
194,WOOPER,,16,SLAM
194,WOOPER,,21,YAWN
194,WOOPER,,24,AQUA_TAIL
194,WOOPER,,28,MUDDY_WATER
194,WOOPER,,32,AMNESIA
194,WOOPER,,36,TOXIC
194,WOOPER,,40,EARTHQUAKE
195,QUAGSIRE,,1,TAIL_WHIP
195,QUAGSIRE,,1,WATER_GUN
195,QUAGSIRE,,1,RAIN_DANCE
195,QUAGSIRE,,1,MUD_SHOT
195,QUAGSIRE,,12,MIST
195,QUAGSIRE,,12,HAZE
195,QUAGSIRE,,16,SLAM
195,QUAGSIRE,,23,YAWN
195,QUAGSIRE,,28,AQUA_TAIL
195,QUAGSIRE,,34,MUDDY_WATER
195,QUAGSIRE,,40,AMNESIA
195,QUAGSIRE,,46,TOXIC
195,QUAGSIRE,,52,EARTHQUAKE
196,ESPEON,,EVOLVE_MOVE,GLITZY_GLOW
196,ESPEON,,RELEARN_MOVE,VEEVEE_VOLLEY
196,ESPEON,,1,TACKLE
196,ESPEON,,1,TAKE_DOWN
196,ESPEON,,1,DOUBLE_EDGE
196,ESPEON,,1,TAIL_WHIP
196,ESPEON,,1,BITE
196,ESPEON,,1,GROWL
196,ESPEON,,1,CHARM
196,ESPEON,,1,BATON_PASS
196,ESPEON,,1,HELPING_HAND
196,ESPEON,,1,COVET
196,ESPEON,,1,COPYCAT
196,ESPEON,,5,SAND_ATTACK
196,ESPEON,,10,CONFUSION
196,ESPEON,,15,QUICK_ATTACK
196,ESPEON,,20,BABY_DOLL_EYES
196,ESPEON,,25,SWIFT
196,ESPEON,,30,PSYBEAM
196,ESPEON,,35,MORNING_SUN
196,ESPEON,,40,POWER_SWAP
196,ESPEON,,45,PSYCHIC
196,ESPEON,,50,PSYCH_UP
196,ESPEON,,55,FUTURE_SIGHT
196,ESPEON,,60,LAST_RESORT
197,UMBREON,,EVOLVE_MOVE,BADDY_BAD
197,UMBREON,,RELEARN_MOVE,VEEVEE_VOLLEY
197,UMBREON,,1,TACKLE
197,UMBREON,,1,TAKE_DOWN
197,UMBREON,,1,DOUBLE_EDGE
197,UMBREON,,1,TAIL_WHIP
197,UMBREON,,1,BITE
197,UMBREON,,1,GROWL
197,UMBREON,,1,SWIFT
197,UMBREON,,1,CHARM
197,UMBREON,,1,BATON_PASS
197,UMBREON,,1,HELPING_HAND
197,UMBREON,,1,COVET
197,UMBREON,,1,COPYCAT
197,UMBREON,,1,PURSUIT
197,UMBREON,,5,SAND_ATTACK
197,UMBREON,,10,SNARL
197,UMBREON,,15,QUICK_ATTACK
197,UMBREON,,20,BABY_DOLL_EYES
197,UMBREON,,25,CONFUSE_RAY
197,UMBREON,,30,ASSURANCE
197,UMBREON,,35,MOONLIGHT
197,UMBREON,,40,GUARD_SWAP
197,UMBREON,,45,DARK_PULSE
197,UMBREON,,50,SCREECH
197,UMBREON,,55,MEAN_LOOK
197,UMBREON,,60,LAST_RESORT
198,MURKROW,,1,PECK
198,MURKROW,,1,ASTONISH
198,MURKROW,,5,GUST
198,MURKROW,,11,HAZE
198,MURKROW,,15,WING_ATTACK
198,MURKROW,,21,NIGHT_SHADE
198,MURKROW,,25,ASSURANCE
198,MURKROW,,31,TAUNT
198,MURKROW,,35,MEAN_LOOK
198,MURKROW,,40,FOUL_PLAY
198,MURKROW,,50,SUCKER_PUNCH
198,MURKROW,,55,TORMENT
198,MURKROW,,60,QUASH
199,SLOWKING,,RELEARN_MOVE,FUTURE_SIGHT
199,SLOWKING,,RELEARN_MOVE,CHILLY_RECEPTION
199,SLOWKING,,1,POWER_GEM
199,SLOWKING,,1,NASTY_PLOT
199,SLOWKING,,1,SWAGGER
199,SLOWKING,,1,TACKLE
199,SLOWKING,,1,CURSE
199,SLOWKING,,1,GROWL
199,SLOWKING,,1,WATER_GUN
199,SLOWKING,,9,YAWN
199,SLOWKING,,12,CONFUSION
199,SLOWKING,,15,DISABLE
199,SLOWKING,,18,WATER_PULSE
199,SLOWKING,,21,HEADBUTT
199,SLOWKING,,24,ZEN_HEADBUTT
199,SLOWKING,,27,AMNESIA
199,SLOWKING,,30,SURF
199,SLOWKING,,33,SLACK_OFF
199,SLOWKING,,36,PSYCHIC
199,SLOWKING,,39,PSYCH_UP
199,SLOWKING,,42,RAIN_DANCE
199,SLOWKING,,45,HEAL_PULSE
200,MISDREAVUS,,1,GROWL
200,MISDREAVUS,,1,CONFUSION
200,MISDREAVUS,,1,PSYWAVE
200,MISDREAVUS,,10,ASTONISH
200,MISDREAVUS,,14,CONFUSE_RAY
200,MISDREAVUS,,19,MEAN_LOOK
200,MISDREAVUS,,23,HEX
200,MISDREAVUS,,28,PSYBEAM
200,MISDREAVUS,,32,PAIN_SPLIT
200,MISDREAVUS,,37,PAYBACK
200,MISDREAVUS,,41,SHADOW_BALL
200,MISDREAVUS,,46,PERISH_SONG
200,MISDREAVUS,,50,POWER_GEM
201,UNOWN,,1,HIDDEN_POWER
202,WOBBUFFET,,EVOLVE_MOVE,COUNTER
202,WOBBUFFET,,EVOLVE_MOVE,DESTINY_BOND
202,WOBBUFFET,,EVOLVE_MOVE,SAFEGUARD
202,WOBBUFFET,,EVOLVE_MOVE,MIRROR_COAT
202,WOBBUFFET,,1,COUNTER
202,WOBBUFFET,,1,DESTINY_BOND
202,WOBBUFFET,,1,SAFEGUARD
202,WOBBUFFET,,1,MIRROR_COAT
202,WOBBUFFET,,1,AMNESIA
202,WOBBUFFET,,1,SPLASH
202,WOBBUFFET,,1,CHARM
202,WOBBUFFET,,1,ENCORE
203,GIRAFARIG,,1,TACKLE
203,GIRAFARIG,,1,GROWL
203,GIRAFARIG,,1,ASTONISH
203,GIRAFARIG,,1,POWER_SWAP
203,GIRAFARIG,,1,GUARD_SWAP
203,GIRAFARIG,,5,CONFUSION
203,GIRAFARIG,,10,ASSURANCE
203,GIRAFARIG,,14,STOMP
203,GIRAFARIG,,19,PSYBEAM
203,GIRAFARIG,,23,AGILITY
203,GIRAFARIG,,28,DOUBLE_HIT
203,GIRAFARIG,,32,TWIN_BEAM
203,GIRAFARIG,,37,CRUNCH
203,GIRAFARIG,,41,BATON_PASS
203,GIRAFARIG,,46,NASTY_PLOT
203,GIRAFARIG,,50,PSYCHIC
204,PINECO,,1,TACKLE
204,PINECO,,1,PROTECT
204,PINECO,,6,SELF_DESTRUCT
204,PINECO,,9,BUG_BITE
204,PINECO,,12,TAKE_DOWN
204,PINECO,,17,RAPID_SPIN
204,PINECO,,20,ROLLOUT
204,PINECO,,23,CURSE
204,PINECO,,28,SPIKES
204,PINECO,,31,PAYBACK
204,PINECO,,34,EXPLOSION
204,PINECO,,39,IRON_DEFENSE
204,PINECO,,42,GYRO_BALL
204,PINECO,,45,DOUBLE_EDGE
205,FORRETRESS,,EVOLVE_MOVE,HEAVY_SLAM
205,FORRETRESS,,1,TACKLE
205,FORRETRESS,,1,SELF_DESTRUCT
205,FORRETRESS,,1,PROTECT
205,FORRETRESS,,1,ZAP_CANNON
205,FORRETRESS,,1,TOXIC_SPIKES
205,FORRETRESS,,1,MAGNET_RISE
205,FORRETRESS,,1,BUG_BITE
205,FORRETRESS,,1,MIRROR_SHOT
205,FORRETRESS,,12,TAKE_DOWN
205,FORRETRESS,,17,RAPID_SPIN
205,FORRETRESS,,20,ROLLOUT
205,FORRETRESS,,23,CURSE
205,FORRETRESS,,28,SPIKES
205,FORRETRESS,,32,PAYBACK
205,FORRETRESS,,36,EXPLOSION
205,FORRETRESS,,42,IRON_DEFENSE
205,FORRETRESS,,46,GYRO_BALL
205,FORRETRESS,,50,DOUBLE_EDGE
206,DUNSPARCE,,1,DEFENSE_CURL
206,DUNSPARCE,,1,FLAIL
206,DUNSPARCE,,1,TACKLE
206,DUNSPARCE,,4,MUD_SLAP
206,DUNSPARCE,,8,ROLLOUT
206,DUNSPARCE,,12,GLARE
206,DUNSPARCE,,16,SCREECH
206,DUNSPARCE,,20,ANCIENT_POWER
206,DUNSPARCE,,24,DRILL_RUN
206,DUNSPARCE,,28,YAWN
206,DUNSPARCE,,32,HYPER_DRILL
206,DUNSPARCE,,36,ROOST
206,DUNSPARCE,,40,DRAGON_RUSH
206,DUNSPARCE,,44,COIL
206,DUNSPARCE,,48,DOUBLE_EDGE
206,DUNSPARCE,,52,ENDEAVOR
207,GLIGAR,,1,POISON_STING
207,GLIGAR,,4,SAND_ATTACK
207,GLIGAR,,7,HARDEN
207,GLIGAR,,10,KNOCK_OFF
207,GLIGAR,,13,QUICK_ATTACK
207,GLIGAR,,16,FURY_CUTTER
207,GLIGAR,,19,POISON_TAIL
207,GLIGAR,,22,ACROBATICS
207,GLIGAR,,27,SLASH
207,GLIGAR,,30,U_TURN
207,GLIGAR,,35,SCREECH
207,GLIGAR,,40,X_SCISSOR
207,GLIGAR,,45,CRABHAMMER
207,GLIGAR,,50,SWORDS_DANCE
208,STEELIX,,1,BIND
208,STEELIX,,1,TACKLE
208,STEELIX,,1,ROCK_THROW
208,STEELIX,,1,HARDEN
208,STEELIX,,1,MUD_SPORT
208,STEELIX,,1,CRUNCH
208,STEELIX,,1,ROCK_POLISH
208,STEELIX,,1,THUNDER_FANG
208,STEELIX,,1,ICE_FANG
208,STEELIX,,1,FIRE_FANG
208,STEELIX,,4,SMACK_DOWN
208,STEELIX,,8,AUTOTOMIZE
208,STEELIX,,12,DRAGON_BREATH
208,STEELIX,,16,CURSE
208,STEELIX,,20,ROCK_SLIDE
208,STEELIX,,22,GYRO_BALL
208,STEELIX,,24,SCREECH
208,STEELIX,,28,SAND_TOMB
208,STEELIX,,32,STEALTH_ROCK
208,STEELIX,,36,SLAM
208,STEELIX,,40,SANDSTORM
208,STEELIX,,44,DIG
208,STEELIX,,48,IRON_TAIL
208,STEELIX,,52,STONE_EDGE
208,STEELIX,,56,DOUBLE_EDGE
208,STEELIX,,60,MAGNET_RISE
209,SNUBBULL,,1,TACKLE
209,SNUBBULL,,1,TAIL_WHIP
209,SNUBBULL,,1,SCARY_FACE
209,SNUBBULL,,1,CHARM
209,SNUBBULL,,1,THUNDER_FANG
209,SNUBBULL,,1,ICE_FANG
209,SNUBBULL,,1,FIRE_FANG
209,SNUBBULL,,7,BITE
209,SNUBBULL,,13,LICK
209,SNUBBULL,,19,HEADBUTT
209,SNUBBULL,,25,ROAR
209,SNUBBULL,,31,LAST_RESORT
209,SNUBBULL,,37,PLAY_ROUGH
209,SNUBBULL,,43,PAYBACK
209,SNUBBULL,,49,CRUNCH
210,GRANBULL,,1,TACKLE
210,GRANBULL,,1,TAIL_WHIP
210,GRANBULL,,1,SCARY_FACE
210,GRANBULL,,1,OUTRAGE
210,GRANBULL,,1,CHARM
210,GRANBULL,,1,THUNDER_FANG
210,GRANBULL,,1,ICE_FANG
210,GRANBULL,,1,FIRE_FANG
210,GRANBULL,,7,BITE
210,GRANBULL,,13,LICK
210,GRANBULL,,19,HEADBUTT
210,GRANBULL,,27,ROAR
210,GRANBULL,,35,LAST_RESORT
210,GRANBULL,,43,PLAY_ROUGH
210,GRANBULL,,51,PAYBACK
210,GRANBULL,,59,CRUNCH
211,QWILFISH,,1,TACKLE
211,QWILFISH,,1,POISON_STING
211,QWILFISH,,4,HARDEN
211,QWILFISH,,8,WATER_GUN
211,QWILFISH,,12,FELL_STINGER
211,QWILFISH,,16,MINIMIZE
211,QWILFISH,,20,SPIKES
211,QWILFISH,,24,BRINE
211,QWILFISH,,28,POISON_JAB
211,QWILFISH,,32,PIN_MISSILE
211,QWILFISH,,36,TOXIC_SPIKES
211,QWILFISH,,40,STOCKPILE
211,QWILFISH,,40,SPIT_UP
211,QWILFISH,,44,TOXIC
211,QWILFISH,,48,AQUA_TAIL
211,QWILFISH,,52,ACUPRESSURE
211,QWILFISH,,56,DESTINY_BOND
212,SCIZOR,,EVOLVE_MOVE,BULLET_PUNCH
212,SCIZOR,,1,WING_ATTACK
212,SCIZOR,,1,LEER
212,SCIZOR,,1,AGILITY
212,SCIZOR,,1,QUICK_ATTACK
212,SCIZOR,,1,FALSE_SWIPE
212,SCIZOR,,1,FURY_CUTTER
212,SCIZOR,,1,AIR_SLASH
212,SCIZOR,,12,METAL_CLAW
212,SCIZOR,,16,DOUBLE_TEAM
212,SCIZOR,,20,DOUBLE_HIT
212,SCIZOR,,24,SLASH
212,SCIZOR,,28,FOCUS_ENERGY
212,SCIZOR,,30,STEEL_WING
212,SCIZOR,,32,IRON_DEFENSE
212,SCIZOR,,36,IRON_HEAD
212,SCIZOR,,40,X_SCISSOR
212,SCIZOR,,44,SWORDS_DANCE
213,SHUCKLE,,1,WRAP
213,SHUCKLE,,1,WITHDRAW
213,SHUCKLE,,1,BIDE
213,SHUCKLE,,1,CONSTRICT
213,SHUCKLE,,5,ROLLOUT
213,SHUCKLE,,10,STRUGGLE_BUG
213,SHUCKLE,,15,ROCK_THROW
213,SHUCKLE,,20,SAFEGUARD
213,SHUCKLE,,25,REST
213,SHUCKLE,,30,BUG_BITE
213,SHUCKLE,,35,GUARD_SPLIT
213,SHUCKLE,,35,POWER_SPLIT
213,SHUCKLE,,40,ROCK_SLIDE
213,SHUCKLE,,45,GASTRO_ACID
213,SHUCKLE,,50,STICKY_WEB
213,SHUCKLE,,55,POWER_TRICK
213,SHUCKLE,,60,STONE_EDGE
213,SHUCKLE,,65,SHELL_SMASH
214,HERACROSS,,1,TACKLE
214,HERACROSS,,1,LEER
214,HERACROSS,,1,ARM_THRUST
214,HERACROSS,,5,FURY_ATTACK
214,HERACROSS,,10,ENDURE
214,HERACROSS,,15,AERIAL_ACE
214,HERACROSS,,20,HORN_ATTACK
214,HERACROSS,,25,COUNTER
214,HERACROSS,,30,BRICK_BREAK
214,HERACROSS,,35,PIN_MISSILE
214,HERACROSS,,40,THROAT_CHOP
214,HERACROSS,,45,THRASH
214,HERACROSS,,50,SWORDS_DANCE
214,HERACROSS,,55,MEGAHORN
214,HERACROSS,,60,CLOSE_COMBAT
215,SNEASEL,,1,SCRATCH
215,SNEASEL,,1,LEER
215,SNEASEL,,6,TAUNT
215,SNEASEL,,12,QUICK_ATTACK
215,SNEASEL,,18,METAL_CLAW
215,SNEASEL,,24,ICY_WIND
215,SNEASEL,,30,FURY_SWIPES
215,SNEASEL,,36,HONE_CLAWS
215,SNEASEL,,42,BEAT_UP
215,SNEASEL,,48,AGILITY
215,SNEASEL,,54,SCREECH
215,SNEASEL,,60,SLASH
216,TEDDIURSA,,1,SCRATCH
216,TEDDIURSA,,1,LICK
216,TEDDIURSA,,1,COVET
216,TEDDIURSA,,1,FLING
216,TEDDIURSA,,1,BABY_DOLL_EYES
216,TEDDIURSA,,8,FURY_SWIPES
216,TEDDIURSA,,13,PAYBACK
216,TEDDIURSA,,17,SWEET_SCENT
216,TEDDIURSA,,22,SLASH
216,TEDDIURSA,,25,PLAY_NICE
216,TEDDIURSA,,29,PLAY_ROUGH
216,TEDDIURSA,,33,CHARM
216,TEDDIURSA,,37,REST
216,TEDDIURSA,,37,SNORE
216,TEDDIURSA,,41,THRASH
217,URSARING,,1,SCRATCH
217,URSARING,,1,LEER
217,URSARING,,1,LICK
217,URSARING,,1,COVET
217,URSARING,,1,FLING
217,URSARING,,1,BABY_DOLL_EYES
217,URSARING,,1,FAKE_TEARS
217,URSARING,,1,CHARM
217,URSARING,,8,FURY_SWIPES
217,URSARING,,13,PAYBACK
217,URSARING,,17,SWEET_SCENT
217,URSARING,,22,SLASH
217,URSARING,,25,PLAY_NICE
217,URSARING,,29,PLAY_ROUGH
217,URSARING,,35,SCARY_FACE
217,URSARING,,41,REST
217,URSARING,,41,SNORE
217,URSARING,,48,HIGH_HORSEPOWER
217,URSARING,,56,THRASH
217,URSARING,,64,HAMMER_ARM
218,SLUGMA,,1,SMOG
218,SLUGMA,,1,YAWN
218,SLUGMA,,5,EMBER
218,SLUGMA,,8,ROCK_THROW
218,SLUGMA,,13,HARDEN
218,SLUGMA,,20,CLEAR_SMOG
218,SLUGMA,,22,ANCIENT_POWER
218,SLUGMA,,27,INCINERATE
218,SLUGMA,,29,ROCK_SLIDE
218,SLUGMA,,34,LAVA_PLUME
218,SLUGMA,,36,AMNESIA
218,SLUGMA,,41,BODY_SLAM
218,SLUGMA,,43,RECOVER
218,SLUGMA,,48,FLAMETHROWER
218,SLUGMA,,50,EARTH_POWER
219,MAGCARGO,,EVOLVE_MOVE,SHELL_SMASH
219,MAGCARGO,,1,EMBER
219,MAGCARGO,,1,ROCK_THROW
219,MAGCARGO,,1,SMOG
219,MAGCARGO,,1,YAWN
219,MAGCARGO,,1,EARTH_POWER
219,MAGCARGO,,13,HARDEN
219,MAGCARGO,,20,CLEAR_SMOG
219,MAGCARGO,,22,ANCIENT_POWER
219,MAGCARGO,,27,INCINERATE
219,MAGCARGO,,29,ROCK_SLIDE
219,MAGCARGO,,34,LAVA_PLUME
219,MAGCARGO,,36,AMNESIA
219,MAGCARGO,,43,BODY_SLAM
219,MAGCARGO,,47,RECOVER
219,MAGCARGO,,54,FLAMETHROWER
220,SWINUB,,1,TACKLE
220,SWINUB,,1,MUD_SLAP
220,SWINUB,,1,ODOR_SLEUTH
220,SWINUB,,5,POWDER_SNOW
220,SWINUB,,10,FLAIL
220,SWINUB,,15,ICE_SHARD
220,SWINUB,,20,MIST
220,SWINUB,,25,ENDURE
220,SWINUB,,30,ICY_WIND
220,SWINUB,,35,AMNESIA
220,SWINUB,,40,TAKE_DOWN
220,SWINUB,,45,EARTHQUAKE
220,SWINUB,,50,BLIZZARD
221,PILOSWINE,,EVOLVE_MOVE,ICE_FANG
221,PILOSWINE,,1,TACKLE
221,PILOSWINE,,1,FLAIL
221,PILOSWINE,,1,POWDER_SNOW
221,PILOSWINE,,1,MUD_SLAP
221,PILOSWINE,,1,ODOR_SLEUTH
221,PILOSWINE,,1,ANCIENT_POWER
221,PILOSWINE,,15,ICE_SHARD
221,PILOSWINE,,20,MIST
221,PILOSWINE,,25,ENDURE
221,PILOSWINE,,30,ICY_WIND
221,PILOSWINE,,37,AMNESIA
221,PILOSWINE,,44,TAKE_DOWN
221,PILOSWINE,,51,EARTHQUAKE
221,PILOSWINE,,58,BLIZZARD
221,PILOSWINE,,65,THRASH
222,CORSOLA,,1,TACKLE
222,CORSOLA,,1,HARDEN
222,CORSOLA,,5,WATER_GUN
222,CORSOLA,,10,AQUA_RING
222,CORSOLA,,15,ENDURE
222,CORSOLA,,20,ANCIENT_POWER
222,CORSOLA,,25,BUBBLE_BEAM
222,CORSOLA,,30,FLAIL
222,CORSOLA,,35,LIFE_DEW
222,CORSOLA,,40,POWER_GEM
222,CORSOLA,,45,EARTH_POWER
222,CORSOLA,,50,RECOVER
222,CORSOLA,,55,MIRROR_COAT
223,REMORAID,,1,WATER_GUN
223,REMORAID,,1,HELPING_HAND
223,REMORAID,,4,WATER_PULSE
223,REMORAID,,8,FOCUS_ENERGY
223,REMORAID,,12,PSYBEAM
223,REMORAID,,16,AURORA_BEAM
223,REMORAID,,20,BUBBLE_BEAM
223,REMORAID,,24,LOCK_ON
223,REMORAID,,28,BULLET_SEED
223,REMORAID,,32,ICE_BEAM
223,REMORAID,,36,HYDRO_PUMP
223,REMORAID,,40,SOAK
223,REMORAID,,44,HYPER_BEAM
224,OCTILLERY,,EVOLVE_MOVE,OCTAZOOKA
224,OCTILLERY,,1,WRAP
224,OCTILLERY,,1,CONSTRICT
224,OCTILLERY,,1,WATER_GUN
224,OCTILLERY,,1,FOCUS_ENERGY
224,OCTILLERY,,1,HELPING_HAND
224,OCTILLERY,,1,ROCK_BLAST
224,OCTILLERY,,1,WATER_PULSE
224,OCTILLERY,,1,GUNK_SHOT
224,OCTILLERY,,12,PSYBEAM
224,OCTILLERY,,16,AURORA_BEAM
224,OCTILLERY,,20,BUBBLE_BEAM
224,OCTILLERY,,24,LOCK_ON
224,OCTILLERY,,30,BULLET_SEED
224,OCTILLERY,,36,ICE_BEAM
224,OCTILLERY,,42,HYDRO_PUMP
224,OCTILLERY,,48,SOAK
224,OCTILLERY,,54,HYPER_BEAM
225,DELIBIRD,,1,PRESENT
225,DELIBIRD,,1,PECK
225,DELIBIRD,,15,ICY_WIND
225,DELIBIRD,,18,AERIAL_ACE
225,DELIBIRD,,22,ICE_SHARD
225,DELIBIRD,,25,DRILL_PECK
225,DELIBIRD,,28,AIR_SLASH
225,DELIBIRD,,32,FEATHER_DANCE
225,DELIBIRD,,35,ICE_PUNCH
225,DELIBIRD,,37,FREEZE_DRY
225,DELIBIRD,,40,BLIZZARD
226,MANTINE,,1,WING_ATTACK
226,MANTINE,,1,TACKLE
226,MANTINE,,1,SUPERSONIC
226,MANTINE,,1,WATER_GUN
226,MANTINE,,1,PSYBEAM
226,MANTINE,,1,SIGNAL_BEAM
226,MANTINE,,1,BULLET_SEED
226,MANTINE,,1,ROOST
226,MANTINE,,12,WATER_PULSE
226,MANTINE,,16,WIDE_GUARD
226,MANTINE,,20,AGILITY
226,MANTINE,,24,BUBBLE_BEAM
226,MANTINE,,28,HEADBUTT
226,MANTINE,,32,AIR_SLASH
226,MANTINE,,36,AQUA_RING
226,MANTINE,,40,BOUNCE
226,MANTINE,,44,TAKE_DOWN
226,MANTINE,,48,HYDRO_PUMP
227,SKARMORY,,1,LEER
227,SKARMORY,,1,PECK
227,SKARMORY,,4,SAND_ATTACK
227,SKARMORY,,8,FURY_ATTACK
227,SKARMORY,,12,METAL_CLAW
227,SKARMORY,,16,AGILITY
227,SKARMORY,,20,WING_ATTACK
227,SKARMORY,,24,SLASH
227,SKARMORY,,28,STEEL_WING
227,SKARMORY,,32,PAYBACK
227,SKARMORY,,36,DRILL_PECK
227,SKARMORY,,40,METAL_SOUND
227,SKARMORY,,44,SPIKES
227,SKARMORY,,48,IRON_DEFENSE
227,SKARMORY,,52,BRAVE_BIRD
228,HOUNDOUR,,1,LEER
228,HOUNDOUR,,1,EMBER
228,HOUNDOUR,,4,HOWL
228,HOUNDOUR,,8,SMOG
228,HOUNDOUR,,13,ROAR
228,HOUNDOUR,,16,BITE
228,HOUNDOUR,,20,INCINERATE
228,HOUNDOUR,,25,BEAT_UP
228,HOUNDOUR,,28,FIRE_FANG
228,HOUNDOUR,,32,TORMENT
228,HOUNDOUR,,37,COMEUPPANCE
228,HOUNDOUR,,40,FOUL_PLAY
228,HOUNDOUR,,44,FLAMETHROWER
228,HOUNDOUR,,49,CRUNCH
228,HOUNDOUR,,52,NASTY_PLOT
228,HOUNDOUR,,56,INFERNO
229,HOUNDOOM,,1,LEER
229,HOUNDOOM,,1,EMBER
229,HOUNDOOM,,1,SMOG
229,HOUNDOOM,,1,HOWL
229,HOUNDOOM,,1,NASTY_PLOT
229,HOUNDOOM,,1,THUNDER_FANG
229,HOUNDOOM,,13,ROAR
229,HOUNDOOM,,16,BITE
229,HOUNDOOM,,20,INCINERATE
229,HOUNDOOM,,26,BEAT_UP
229,HOUNDOOM,,30,FIRE_FANG
229,HOUNDOOM,,35,TORMENT
229,HOUNDOOM,,41,COMEUPPANCE
229,HOUNDOOM,,45,FOUL_PLAY
229,HOUNDOOM,,50,FLAMETHROWER
229,HOUNDOOM,,56,CRUNCH
229,HOUNDOOM,,62,INFERNO
230,KINGDRA,,RELEARN_MOVE,LASER_FOCUS
230,KINGDRA,,1,LEER
230,KINGDRA,,1,WATER_GUN
230,KINGDRA,,1,SMOKESCREEN
230,KINGDRA,,1,TWISTER
230,KINGDRA,,1,WHIRLPOOL
230,KINGDRA,,1,YAWN
230,KINGDRA,,15,FOCUS_ENERGY
230,KINGDRA,,20,DRAGON_BREATH
230,KINGDRA,,25,BUBBLE_BEAM
230,KINGDRA,,30,AGILITY
230,KINGDRA,,37,WATER_PULSE
230,KINGDRA,,44,DRAGON_PULSE
230,KINGDRA,,51,HYDRO_PUMP
230,KINGDRA,,58,DRAGON_DANCE
230,KINGDRA,,65,RAIN_DANCE
230,KINGDRA,,72,WAVE_CRASH
231,PHANPY,,1,TACKLE
231,PHANPY,,1,GROWL
231,PHANPY,,1,DEFENSE_CURL
231,PHANPY,,1,ODOR_SLEUTH
231,PHANPY,,6,FLAIL
231,PHANPY,,10,ROLLOUT
231,PHANPY,,15,BULLDOZE
231,PHANPY,,19,ENDURE
231,PHANPY,,24,SLAM
231,PHANPY,,28,TAKE_DOWN
231,PHANPY,,33,CHARM
231,PHANPY,,37,LAST_RESORT
231,PHANPY,,42,DOUBLE_EDGE
232,DONPHAN,,EVOLVE_MOVE,FURY_ATTACK
232,DONPHAN,,1,TACKLE
232,DONPHAN,,1,GROWL
232,DONPHAN,,1,HORN_ATTACK
232,DONPHAN,,1,DEFENSE_CURL
232,DONPHAN,,1,ODOR_SLEUTH
232,DONPHAN,,1,FLAIL
232,DONPHAN,,1,ENDURE
232,DONPHAN,,1,TAKE_DOWN
232,DONPHAN,,1,CHARM
232,DONPHAN,,1,LAST_RESORT
232,DONPHAN,,1,DOUBLE_EDGE
232,DONPHAN,,1,THUNDER_FANG
232,DONPHAN,,1,FIRE_FANG
232,DONPHAN,,1,BULLDOZE
232,DONPHAN,,6,RAPID_SPIN
232,DONPHAN,,10,ROLLOUT
232,DONPHAN,,15,ASSURANCE
232,DONPHAN,,19,KNOCK_OFF
232,DONPHAN,,24,SLAM
232,DONPHAN,,30,STOMPING_TANTRUM
232,DONPHAN,,37,SCARY_FACE
232,DONPHAN,,43,EARTHQUAKE
232,DONPHAN,,50,GIGA_IMPACT
233,PORYGON2,,1,TACKLE
233,PORYGON2,,1,DEFENSE_CURL
233,PORYGON2,,1,CONVERSION
233,PORYGON2,,1,RECYCLE
233,PORYGON2,,1,MAGNET_RISE
233,PORYGON2,,1,MAGIC_COAT
233,PORYGON2,,15,THUNDER_SHOCK
233,PORYGON2,,20,PSYBEAM
233,PORYGON2,,25,CONVERSION_2
233,PORYGON2,,30,AGILITY
233,PORYGON2,,35,RECOVER
233,PORYGON2,,40,DISCHARGE
233,PORYGON2,,45,TRI_ATTACK
233,PORYGON2,,50,LOCK_ON
233,PORYGON2,,55,ZAP_CANNON
233,PORYGON2,,60,HYPER_BEAM
234,STANTLER,,1,TACKLE
234,STANTLER,,1,ME_FIRST
234,STANTLER,,3,LEER
234,STANTLER,,7,ASTONISH
234,STANTLER,,10,HYPNOSIS
234,STANTLER,,13,STOMP
234,STANTLER,,16,SAND_ATTACK
234,STANTLER,,21,TAKE_DOWN
234,STANTLER,,23,CONFUSE_RAY
234,STANTLER,,25,PSYSHIELD_BASH
234,STANTLER,,27,CALM_MIND
234,STANTLER,,32,ROLE_PLAY
234,STANTLER,,37,ZEN_HEADBUTT
234,STANTLER,,49,IMPRISON
234,STANTLER,,55,DOUBLE_EDGE
235,SMEARGLE,,1,SKETCH
235,SMEARGLE,,11,SKETCH
235,SMEARGLE,,21,SKETCH
235,SMEARGLE,,31,SKETCH
235,SMEARGLE,,41,SKETCH
235,SMEARGLE,,51,SKETCH
235,SMEARGLE,,61,SKETCH
235,SMEARGLE,,71,SKETCH
235,SMEARGLE,,81,SKETCH
235,SMEARGLE,,91,SKETCH
236,TYROGUE,,1,TACKLE
236,TYROGUE,,1,FOCUS_ENERGY
236,TYROGUE,,1,FAKE_OUT
236,TYROGUE,,1,HELPING_HAND
236,TYROGUE,,10,LOW_SWEEP
236,TYROGUE,,10,MACH_PUNCH
236,TYROGUE,,10,RAPID_SPIN
237,HITMONTOP,,EVOLVE_MOVE,TRIPLE_KICK
237,HITMONTOP,,1,TACKLE
237,HITMONTOP,,1,FOCUS_ENERGY
237,HITMONTOP,,1,RAPID_SPIN
237,HITMONTOP,,1,FAKE_OUT
237,HITMONTOP,,1,HELPING_HAND
237,HITMONTOP,,1,FEINT
237,HITMONTOP,,1,PURSUIT
237,HITMONTOP,,1,ROLLING_KICK
237,HITMONTOP,,1,LOW_SWEEP
237,HITMONTOP,,1,MACH_PUNCH
237,HITMONTOP,,4,QUICK_ATTACK
237,HITMONTOP,,8,GYRO_BALL
237,HITMONTOP,,12,DETECT
237,HITMONTOP,,16,REVENGE
237,HITMONTOP,,21,WIDE_GUARD
237,HITMONTOP,,21,QUICK_GUARD
237,HITMONTOP,,24,SUCKER_PUNCH
237,HITMONTOP,,28,AGILITY
237,HITMONTOP,,32,DIG
237,HITMONTOP,,36,CLOSE_COMBAT
237,HITMONTOP,,40,COUNTER
237,HITMONTOP,,44,ENDEAVOR
238,SMOOCHUM,,1,POUND
238,SMOOCHUM,,1,LICK
238,SMOOCHUM,,4,POWDER_SNOW
238,SMOOCHUM,,8,COPYCAT
238,SMOOCHUM,,12,CONFUSION
238,SMOOCHUM,,16,COVET
238,SMOOCHUM,,20,SING
238,SMOOCHUM,,24,FAKE_TEARS
238,SMOOCHUM,,28,ICE_PUNCH
238,SMOOCHUM,,32,PSYCHIC
238,SMOOCHUM,,36,SWEET_KISS
238,SMOOCHUM,,40,MEAN_LOOK
238,SMOOCHUM,,44,PERISH_SONG
238,SMOOCHUM,,48,BLIZZARD
239,ELEKID,,1,LEER
239,ELEKID,,1,QUICK_ATTACK
239,ELEKID,,4,THUNDER_SHOCK
239,ELEKID,,8,CHARGE
239,ELEKID,,12,SWIFT
239,ELEKID,,16,SHOCK_WAVE
239,ELEKID,,20,THUNDER_WAVE
239,ELEKID,,24,SCREECH
239,ELEKID,,28,THUNDER_PUNCH
239,ELEKID,,32,DISCHARGE
239,ELEKID,,36,LOW_KICK
239,ELEKID,,40,THUNDERBOLT
239,ELEKID,,44,LIGHT_SCREEN
239,ELEKID,,48,THUNDER
240,MAGBY,,1,LEER
240,MAGBY,,1,SMOG
240,MAGBY,,4,EMBER
240,MAGBY,,8,SMOKESCREEN
240,MAGBY,,12,CLEAR_SMOG
240,MAGBY,,16,FLAME_WHEEL
240,MAGBY,,20,CONFUSE_RAY
240,MAGBY,,24,SCARY_FACE
240,MAGBY,,28,FIRE_PUNCH
240,MAGBY,,32,LAVA_PLUME
240,MAGBY,,36,LOW_KICK
240,MAGBY,,40,FLAMETHROWER
240,MAGBY,,44,SUNNY_DAY
240,MAGBY,,48,FIRE_BLAST
241,MILTANK,,1,TACKLE
241,MILTANK,,1,GROWL
241,MILTANK,,5,ROLLOUT
241,MILTANK,,10,DEFENSE_CURL
241,MILTANK,,15,STOMP
241,MILTANK,,20,HEAL_BELL
241,MILTANK,,25,HEADBUTT
241,MILTANK,,30,ZEN_HEADBUTT
241,MILTANK,,35,MILK_DRINK
241,MILTANK,,40,BODY_SLAM
241,MILTANK,,45,PLAY_ROUGH
241,MILTANK,,50,CHARM
241,MILTANK,,55,HIGH_HORSEPOWER
242,BLISSEY,,1,POUND
242,BLISSEY,,1,DEFENSE_CURL
242,BLISSEY,,1,SWEET_KISS
242,BLISSEY,,1,CHARM
242,BLISSEY,,1,COVET
242,BLISSEY,,1,COPYCAT
242,BLISSEY,,1,DISARMING_VOICE
242,BLISSEY,,4,TAIL_WHIP
242,BLISSEY,,8,ECHOED_VOICE
242,BLISSEY,,12,LIFE_DEW
242,BLISSEY,,16,SING
242,BLISSEY,,20,FLING
242,BLISSEY,,24,TAKE_DOWN
242,BLISSEY,,28,HEAL_PULSE
242,BLISSEY,,32,HELPING_HAND
242,BLISSEY,,36,LIGHT_SCREEN
242,BLISSEY,,40,DOUBLE_EDGE
242,BLISSEY,,44,SOFT_BOILED
242,BLISSEY,,48,LAST_RESORT
242,BLISSEY,,52,HEALING_WISH
243,RAIKOU,,1,LEER
243,RAIKOU,,1,THUNDER_SHOCK
243,RAIKOU,,1,QUICK_ATTACK
243,RAIKOU,,1,EXTREME_SPEED
243,RAIKOU,,1,CHARGE
243,RAIKOU,,6,SPARK
243,RAIKOU,,12,BITE
243,RAIKOU,,18,CALM_MIND
243,RAIKOU,,24,ROAR
243,RAIKOU,,30,THUNDER_FANG
243,RAIKOU,,36,HOWL
243,RAIKOU,,42,CRUNCH
243,RAIKOU,,48,EXTRASENSORY
243,RAIKOU,,54,DISCHARGE
243,RAIKOU,,60,REFLECT
243,RAIKOU,,66,RAIN_DANCE
243,RAIKOU,,72,THUNDER
243,RAIKOU,,78,ZAP_CANNON
244,ENTEI,,RELEARN_MOVE,SACRED_FIRE
244,ENTEI,,RELEARN_MOVE,EXTREME_SPEED
244,ENTEI,,1,STOMP
244,ENTEI,,1,LEER
244,ENTEI,,1,EMBER
244,ENTEI,,1,SMOKESCREEN
244,ENTEI,,6,FLAME_WHEEL
244,ENTEI,,12,BITE
244,ENTEI,,18,CALM_MIND
244,ENTEI,,24,ROAR
244,ENTEI,,30,FIRE_FANG
244,ENTEI,,36,SCARY_FACE
244,ENTEI,,42,CRUNCH
244,ENTEI,,48,EXTRASENSORY
244,ENTEI,,54,LAVA_PLUME
244,ENTEI,,60,SWAGGER
244,ENTEI,,66,SUNNY_DAY
244,ENTEI,,72,FIRE_BLAST
244,ENTEI,,78,ERUPTION
245,SUICUNE,,RELEARN_MOVE,EXTREME_SPEED
245,SUICUNE,,RELEARN_MOVE,SHEER_COLD
245,SUICUNE,,1,GUST
245,SUICUNE,,1,LEER
245,SUICUNE,,1,MIST
245,SUICUNE,,1,WATER_GUN
245,SUICUNE,,6,WATER_PULSE
245,SUICUNE,,12,BITE
245,SUICUNE,,18,CALM_MIND
245,SUICUNE,,24,ROAR
245,SUICUNE,,30,ICE_FANG
245,SUICUNE,,36,TAILWIND
245,SUICUNE,,42,CRUNCH
245,SUICUNE,,48,EXTRASENSORY
245,SUICUNE,,54,SURF
245,SUICUNE,,60,MIRROR_COAT
245,SUICUNE,,66,RAIN_DANCE
245,SUICUNE,,72,HYDRO_PUMP
245,SUICUNE,,78,BLIZZARD
246,LARVITAR,,1,TACKLE
246,LARVITAR,,1,LEER
246,LARVITAR,,3,ROCK_THROW
246,LARVITAR,,6,PAYBACK
246,LARVITAR,,9,BITE
246,LARVITAR,,12,SCARY_FACE
246,LARVITAR,,15,ROCK_SLIDE
246,LARVITAR,,18,STOMPING_TANTRUM
246,LARVITAR,,21,SCREECH
246,LARVITAR,,24,SMACK_DOWN
246,LARVITAR,,27,CRUNCH
246,LARVITAR,,31,EARTHQUAKE
246,LARVITAR,,33,STONE_EDGE
246,LARVITAR,,36,THRASH
246,LARVITAR,,39,SANDSTORM
246,LARVITAR,,42,HYPER_BEAM
247,PUPITAR,,EVOLVE_MOVE,IRON_DEFENSE
247,PUPITAR,,1,TACKLE
247,PUPITAR,,1,LEER
247,PUPITAR,,1,ROCK_THROW
247,PUPITAR,,1,PAYBACK
247,PUPITAR,,9,BITE
247,PUPITAR,,12,SCARY_FACE
247,PUPITAR,,15,ROCK_SLIDE
247,PUPITAR,,18,STOMPING_TANTRUM
247,PUPITAR,,21,SCREECH
247,PUPITAR,,24,SMACK_DOWN
247,PUPITAR,,27,CRUNCH
247,PUPITAR,,33,EARTHQUAKE
247,PUPITAR,,37,STONE_EDGE
247,PUPITAR,,42,THRASH
247,PUPITAR,,47,SANDSTORM
247,PUPITAR,,52,HYPER_BEAM
248,TYRANITAR,,1,TACKLE
248,TYRANITAR,,1,LEER
248,TYRANITAR,,1,ROCK_THROW
248,TYRANITAR,,1,IRON_DEFENSE
248,TYRANITAR,,1,PAYBACK
248,TYRANITAR,,1,DARK_PULSE
248,TYRANITAR,,1,THUNDER_FANG
248,TYRANITAR,,1,ICE_FANG
248,TYRANITAR,,1,FIRE_FANG
248,TYRANITAR,,9,BITE
248,TYRANITAR,,12,SCARY_FACE
248,TYRANITAR,,15,ROCK_SLIDE
248,TYRANITAR,,18,STOMPING_TANTRUM
248,TYRANITAR,,21,SCREECH
248,TYRANITAR,,24,SMACK_DOWN
248,TYRANITAR,,27,CRUNCH
248,TYRANITAR,,33,EARTHQUAKE
248,TYRANITAR,,37,STONE_EDGE
248,TYRANITAR,,42,THRASH
248,TYRANITAR,,47,SANDSTORM
248,TYRANITAR,,52,HYPER_BEAM
248,TYRANITAR,,59,GIGA_IMPACT
249,LUGIA,,RELEARN_MOVE,DRAGON_RUSH
249,LUGIA,,1,GUST
249,LUGIA,,1,WHIRLWIND
249,LUGIA,,1,ANCIENT_POWER
249,LUGIA,,1,WEATHER_BALL
249,LUGIA,,9,MIST
249,LUGIA,,18,SAFEGUARD
249,LUGIA,,27,CALM_MIND
249,LUGIA,,36,EXTRASENSORY
249,LUGIA,,45,RECOVER
249,LUGIA,,54,AEROBLAST
249,LUGIA,,63,RAIN_DANCE
249,LUGIA,,72,HYDRO_PUMP
249,LUGIA,,81,FUTURE_SIGHT
249,LUGIA,,90,SKY_ATTACK
250,HO_OH,,1,GUST
250,HO_OH,,1,WHIRLWIND
250,HO_OH,,1,ANCIENT_POWER
250,HO_OH,,1,WEATHER_BALL
250,HO_OH,,9,LIFE_DEW
250,HO_OH,,18,SAFEGUARD
250,HO_OH,,27,CALM_MIND
250,HO_OH,,36,EXTRASENSORY
250,HO_OH,,45,RECOVER
250,HO_OH,,54,SACRED_FIRE
250,HO_OH,,63,SUNNY_DAY
250,HO_OH,,72,FIRE_BLAST
250,HO_OH,,81,FUTURE_SIGHT
250,HO_OH,,90,SKY_ATTACK
250,HO_OH,,99,OVERHEAT
251,CELEBI,,1,CONFUSION
251,CELEBI,,1,HEAL_BELL
251,CELEBI,,10,MAGICAL_LEAF
251,CELEBI,,20,BATON_PASS
251,CELEBI,,30,ANCIENT_POWER
251,CELEBI,,40,LIFE_DEW
251,CELEBI,,50,LEECH_SEED
251,CELEBI,,55,HEAL_BLOCK
251,CELEBI,,60,RECOVER
251,CELEBI,,70,FUTURE_SIGHT
251,CELEBI,,80,HEALING_WISH
251,CELEBI,,90,LEAF_STORM
251,CELEBI,,100,PERISH_SONG
252,TREECKO,,1,POUND
252,TREECKO,,1,LEER
252,TREECKO,,3,LEAFAGE
252,TREECKO,,6,QUICK_ATTACK
252,TREECKO,,9,MEGA_DRAIN
252,TREECKO,,12,DETECT
252,TREECKO,,15,QUICK_GUARD
252,TREECKO,,18,ASSURANCE
252,TREECKO,,21,GIGA_DRAIN
252,TREECKO,,24,SLAM
252,TREECKO,,27,DOUBLE_TEAM
252,TREECKO,,30,ENERGY_BALL
252,TREECKO,,33,SCREECH
252,TREECKO,,36,ENDEAVOR
252,TREECKO,,39,LEAF_STORM
253,GROVYLE,,RELEARN_MOVE,FALSE_SWIPE
253,GROVYLE,,RELEARN_MOVE,FURY_CUTTER
253,GROVYLE,,RELEARN_MOVE,X_SCISSOR
253,GROVYLE,,RELEARN_MOVE,ENERGY_BALL
253,GROVYLE,,1,POUND
253,GROVYLE,,1,LEER
253,GROVYLE,,1,LEAFAGE
253,GROVYLE,,1,QUICK_ATTACK
253,GROVYLE,,9,MEGA_DRAIN
253,GROVYLE,,12,DETECT
253,GROVYLE,,15,QUICK_GUARD
253,GROVYLE,,20,ASSURANCE
253,GROVYLE,,25,GIGA_DRAIN
253,GROVYLE,,30,SLAM
253,GROVYLE,,35,DOUBLE_TEAM
253,GROVYLE,,40,LEAF_BLADE
253,GROVYLE,,45,SCREECH
253,GROVYLE,,50,ENDEAVOR
253,GROVYLE,,55,LEAF_STORM
254,SCEPTILE,,EVOLVE_MOVE,LEAF_BLADE
254,SCEPTILE,,RELEARN_MOVE,FALSE_SWIPE
254,SCEPTILE,,RELEARN_MOVE,FURY_CUTTER
254,SCEPTILE,,RELEARN_MOVE,X_SCISSOR
254,SCEPTILE,,RELEARN_MOVE,ENERGY_BALL
254,SCEPTILE,,RELEARN_MOVE,SHED_TAIL
254,SCEPTILE,,1,POUND
254,SCEPTILE,,1,LEER
254,SCEPTILE,,1,LEAFAGE
254,SCEPTILE,,1,QUICK_ATTACK
254,SCEPTILE,,1,DUAL_CHOP
254,SCEPTILE,,5,MEGA_DRAIN
254,SCEPTILE,,12,DETECT
254,SCEPTILE,,15,QUICK_GUARD
254,SCEPTILE,,20,ASSURANCE
254,SCEPTILE,,25,GIGA_DRAIN
254,SCEPTILE,,30,SLAM
254,SCEPTILE,,35,DOUBLE_TEAM
254,SCEPTILE,,42,SCREECH
254,SCEPTILE,,49,ENDEAVOR
254,SCEPTILE,,56,LEAF_STORM
255,TORCHIC,,1,SCRATCH
255,TORCHIC,,1,GROWL
255,TORCHIC,,3,EMBER
255,TORCHIC,,6,QUICK_ATTACK
255,TORCHIC,,9,FLAME_CHARGE
255,TORCHIC,,12,DETECT
255,TORCHIC,,15,SAND_ATTACK
255,TORCHIC,,18,AERIAL_ACE
255,TORCHIC,,21,SLASH
255,TORCHIC,,24,BOUNCE
255,TORCHIC,,27,FOCUS_ENERGY
255,TORCHIC,,30,FLAMETHROWER
255,TORCHIC,,33,FEATHER_DANCE
255,TORCHIC,,36,REVERSAL
255,TORCHIC,,39,FLARE_BLITZ
256,COMBUSKEN,,EVOLVE_MOVE,DOUBLE_KICK
256,COMBUSKEN,,RELEARN_MOVE,FLAMETHROWER
256,COMBUSKEN,,RELEARN_MOVE,FEATHER_DANCE
256,COMBUSKEN,,1,SCRATCH
256,COMBUSKEN,,1,GROWL
256,COMBUSKEN,,1,EMBER
256,COMBUSKEN,,1,QUICK_ATTACK
256,COMBUSKEN,,9,FLAME_CHARGE
256,COMBUSKEN,,12,DETECT
256,COMBUSKEN,,15,SAND_ATTACK
256,COMBUSKEN,,20,AERIAL_ACE
256,COMBUSKEN,,25,SLASH
256,COMBUSKEN,,30,BOUNCE
256,COMBUSKEN,,35,FOCUS_ENERGY
256,COMBUSKEN,,40,BLAZE_KICK
256,COMBUSKEN,,45,BULK_UP
256,COMBUSKEN,,50,REVERSAL
256,COMBUSKEN,,55,FLARE_BLITZ
257,BLAZIKEN,,EVOLVE_MOVE,BLAZE_KICK
257,BLAZIKEN,,RELEARN_MOVE,FIRE_PUNCH
257,BLAZIKEN,,RELEARN_MOVE,EMBER
257,BLAZIKEN,,RELEARN_MOVE,FLAMETHROWER
257,BLAZIKEN,,RELEARN_MOVE,FEATHER_DANCE
257,BLAZIKEN,,1,DOUBLE_KICK
257,BLAZIKEN,,1,SCRATCH
257,BLAZIKEN,,1,GROWL
257,BLAZIKEN,,1,QUICK_ATTACK
257,BLAZIKEN,,9,FLAME_CHARGE
257,BLAZIKEN,,12,DETECT
257,BLAZIKEN,,15,SAND_ATTACK
257,BLAZIKEN,,20,AERIAL_ACE
257,BLAZIKEN,,25,SLASH
257,BLAZIKEN,,30,BOUNCE
257,BLAZIKEN,,35,FOCUS_ENERGY
257,BLAZIKEN,,42,BULK_UP
257,BLAZIKEN,,49,REVERSAL
257,BLAZIKEN,,56,FLARE_BLITZ
257,BLAZIKEN,,63,BRAVE_BIRD
258,MUDKIP,,1,TACKLE
258,MUDKIP,,1,GROWL
258,MUDKIP,,3,WATER_GUN
258,MUDKIP,,6,ROCK_SMASH
258,MUDKIP,,9,ROCK_THROW
258,MUDKIP,,12,PROTECT
258,MUDKIP,,15,SUPERSONIC
258,MUDKIP,,18,WATER_PULSE
258,MUDKIP,,21,ROCK_SLIDE
258,MUDKIP,,24,TAKE_DOWN
258,MUDKIP,,27,AMNESIA
258,MUDKIP,,30,SURF
258,MUDKIP,,33,SCREECH
258,MUDKIP,,36,ENDEAVOR
258,MUDKIP,,39,HYDRO_PUMP
259,MARSHTOMP,,EVOLVE_MOVE,MUD_SHOT
259,MARSHTOMP,,RELEARN_MOVE,SURF
259,MARSHTOMP,,RELEARN_MOVE,ROCK_SMASH
259,MARSHTOMP,,1,TACKLE
259,MARSHTOMP,,1,GROWL
259,MARSHTOMP,,1,WATER_GUN
259,MARSHTOMP,,9,ROCK_THROW
259,MARSHTOMP,,12,PROTECT
259,MARSHTOMP,,15,SUPERSONIC
259,MARSHTOMP,,20,WATER_PULSE
259,MARSHTOMP,,25,ROCK_SLIDE
259,MARSHTOMP,,30,TAKE_DOWN
259,MARSHTOMP,,35,AMNESIA
259,MARSHTOMP,,40,MUDDY_WATER
259,MARSHTOMP,,45,SCREECH
259,MARSHTOMP,,50,ENDEAVOR
259,MARSHTOMP,,55,HYDRO_PUMP
260,SWAMPERT,,RELEARN_MOVE,SURF
260,SWAMPERT,,RELEARN_MOVE,EARTHQUAKE
260,SWAMPERT,,RELEARN_MOVE,ROCK_SMASH
260,SWAMPERT,,RELEARN_MOVE,HAMMER_ARM
260,SWAMPERT,,1,MUD_SHOT
260,SWAMPERT,,1,TACKLE
260,SWAMPERT,,1,GROWL
260,SWAMPERT,,1,WATER_GUN
260,SWAMPERT,,9,ROCK_THROW
260,SWAMPERT,,12,PROTECT
260,SWAMPERT,,15,SUPERSONIC
260,SWAMPERT,,20,WATER_PULSE
260,SWAMPERT,,25,ROCK_SLIDE
260,SWAMPERT,,30,TAKE_DOWN
260,SWAMPERT,,35,AMNESIA
260,SWAMPERT,,42,MUDDY_WATER
260,SWAMPERT,,49,SCREECH
260,SWAMPERT,,56,ENDEAVOR
260,SWAMPERT,,63,HYDRO_PUMP
261,POOCHYENA,,1,TACKLE
261,POOCHYENA,,4,HOWL
261,POOCHYENA,,7,SAND_ATTACK
261,POOCHYENA,,10,BITE
261,POOCHYENA,,13,LEER
261,POOCHYENA,,16,ROAR
261,POOCHYENA,,19,SWAGGER
261,POOCHYENA,,22,ASSURANCE
261,POOCHYENA,,25,SCARY_FACE
261,POOCHYENA,,28,TAUNT
261,POOCHYENA,,31,CRUNCH
261,POOCHYENA,,34,YAWN
261,POOCHYENA,,36,TAKE_DOWN
261,POOCHYENA,,40,SUCKER_PUNCH
261,POOCHYENA,,44,PLAY_ROUGH
262,MIGHTYENA,,EVOLVE_MOVE,SNARL
262,MIGHTYENA,,1,SAND_ATTACK
262,MIGHTYENA,,1,TACKLE
262,MIGHTYENA,,1,BITE
262,MIGHTYENA,,1,THIEF
262,MIGHTYENA,,1,CRUNCH
262,MIGHTYENA,,1,THUNDER_FANG
262,MIGHTYENA,,1,ICE_FANG
262,MIGHTYENA,,1,FIRE_FANG
262,MIGHTYENA,,13,LEER
262,MIGHTYENA,,13,HOWL
262,MIGHTYENA,,16,ROAR
262,MIGHTYENA,,20,SWAGGER
262,MIGHTYENA,,24,ASSURANCE
262,MIGHTYENA,,28,SCARY_FACE
262,MIGHTYENA,,36,TAUNT
262,MIGHTYENA,,44,YAWN
262,MIGHTYENA,,48,TAKE_DOWN
262,MIGHTYENA,,52,SUCKER_PUNCH
262,MIGHTYENA,,56,PLAY_ROUGH
263,ZIGZAGOON,,1,TACKLE
263,ZIGZAGOON,,1,GROWL
263,ZIGZAGOON,,3,SAND_ATTACK
263,ZIGZAGOON,,6,TAIL_WHIP
263,ZIGZAGOON,,9,COVET
263,ZIGZAGOON,,12,HEADBUTT
263,ZIGZAGOON,,15,BABY_DOLL_EYES
263,ZIGZAGOON,,18,PIN_MISSILE
263,ZIGZAGOON,,21,REST
263,ZIGZAGOON,,24,TAKE_DOWN
263,ZIGZAGOON,,27,FLING
263,ZIGZAGOON,,30,FLAIL
263,ZIGZAGOON,,33,BELLY_DRUM
263,ZIGZAGOON,,36,DOUBLE_EDGE
264,LINOONE,,EVOLVE_MOVE,SLASH
264,LINOONE,,1,SAND_ATTACK
264,LINOONE,,1,TACKLE
264,LINOONE,,1,TAIL_WHIP
264,LINOONE,,1,PIN_MISSILE
264,LINOONE,,1,GROWL
264,LINOONE,,1,SWITCHEROO
264,LINOONE,,1,BABY_DOLL_EYES
264,LINOONE,,1,ROTOTILLER
264,LINOONE,,9,COVET
264,LINOONE,,12,HEADBUTT
264,LINOONE,,15,HONE_CLAWS
264,LINOONE,,18,FURY_SWIPES
264,LINOONE,,23,REST
264,LINOONE,,28,TAKE_DOWN
264,LINOONE,,33,FLING
264,LINOONE,,38,FLAIL
264,LINOONE,,43,BELLY_DRUM
264,LINOONE,,48,DOUBLE_EDGE
265,WURMPLE,,1,TACKLE
265,WURMPLE,,1,STRING_SHOT
265,WURMPLE,,5,POISON_STING
265,WURMPLE,,15,BUG_BITE
266,SILCOON,,EVOLVE_MOVE,HARDEN
266,SILCOON,,RELEARN_MOVE,TACKLE
266,SILCOON,,RELEARN_MOVE,STRING_SHOT
266,SILCOON,,RELEARN_MOVE,POISON_STING
266,SILCOON,,RELEARN_MOVE,BUG_BITE
266,SILCOON,,1,HARDEN
267,BEAUTIFLY,,EVOLVE_MOVE,GUST
267,BEAUTIFLY,,1,TACKLE
267,BEAUTIFLY,,1,BUG_BITE
267,BEAUTIFLY,,1,GUST
267,BEAUTIFLY,,1,HARDEN
267,BEAUTIFLY,,1,STRING_SHOT
267,BEAUTIFLY,,1,POISON_STING
267,BEAUTIFLY,,12,ABSORB
267,BEAUTIFLY,,15,STUN_SPORE
267,BEAUTIFLY,,17,MORNING_SUN
267,BEAUTIFLY,,20,AIR_CUTTER
267,BEAUTIFLY,,22,MEGA_DRAIN
267,BEAUTIFLY,,25,LEECH_LIFE
267,BEAUTIFLY,,27,ATTRACT
267,BEAUTIFLY,,30,WHIRLWIND
267,BEAUTIFLY,,32,GIGA_DRAIN
267,BEAUTIFLY,,35,BUG_BUZZ
267,BEAUTIFLY,,37,PROTECT
267,BEAUTIFLY,,40,QUIVER_DANCE
268,CASCOON,,EVOLVE_MOVE,HARDEN
268,CASCOON,,RELEARN_MOVE,TACKLE
268,CASCOON,,RELEARN_MOVE,STRING_SHOT
268,CASCOON,,RELEARN_MOVE,POISON_STING
268,CASCOON,,RELEARN_MOVE,BUG_BITE
268,CASCOON,,1,HARDEN
269,DUSTOX,,EVOLVE_MOVE,GUST
269,DUSTOX,,1,TACKLE
269,DUSTOX,,1,BUG_BITE
269,DUSTOX,,1,GUST
269,DUSTOX,,1,HARDEN
269,DUSTOX,,1,STRING_SHOT
269,DUSTOX,,1,POISON_STING
269,DUSTOX,,12,CONFUSION
269,DUSTOX,,15,POISON_POWDER
269,DUSTOX,,17,MOONLIGHT
269,DUSTOX,,20,VENOSHOCK
269,DUSTOX,,22,PSYBEAM
269,DUSTOX,,25,LEECH_LIFE
269,DUSTOX,,27,LIGHT_SCREEN
269,DUSTOX,,30,WHIRLWIND
269,DUSTOX,,32,TOXIC
269,DUSTOX,,35,BUG_BUZZ
269,DUSTOX,,37,PROTECT
269,DUSTOX,,40,QUIVER_DANCE
270,LOTAD,,1,GROWL
270,LOTAD,,1,ASTONISH
270,LOTAD,,3,ABSORB
270,LOTAD,,6,WATER_GUN
270,LOTAD,,9,MIST
270,LOTAD,,12,MEGA_DRAIN
270,LOTAD,,16,FLAIL
270,LOTAD,,20,BUBBLE_BEAM
270,LOTAD,,24,LEECH_SEED
270,LOTAD,,28,GIGA_DRAIN
270,LOTAD,,33,RAIN_DANCE
270,LOTAD,,38,ZEN_HEADBUTT
270,LOTAD,,43,ENERGY_BALL
271,LOMBRE,,1,GROWL
271,LOMBRE,,1,WATER_GUN
271,LOMBRE,,1,ABSORB
271,LOMBRE,,1,FLAIL
271,LOMBRE,,1,FAKE_OUT
271,LOMBRE,,1,RAIN_DANCE
271,LOMBRE,,1,KNOCK_OFF
271,LOMBRE,,1,TEETER_DANCE
271,LOMBRE,,1,ASTONISH
271,LOMBRE,,9,MIST
271,LOMBRE,,12,MEGA_DRAIN
271,LOMBRE,,18,FURY_SWIPES
271,LOMBRE,,24,BUBBLE_BEAM
271,LOMBRE,,30,LEECH_SEED
271,LOMBRE,,36,GIGA_DRAIN
271,LOMBRE,,50,ZEN_HEADBUTT
271,LOMBRE,,57,ENERGY_BALL
271,LOMBRE,,64,HYDRO_PUMP
272,LUDICOLO,,RELEARN_MOVE,GROWL
272,LUDICOLO,,RELEARN_MOVE,MIST
272,LUDICOLO,,RELEARN_MOVE,WATER_GUN
272,LUDICOLO,,RELEARN_MOVE,HYDRO_PUMP
272,LUDICOLO,,RELEARN_MOVE,ABSORB
272,LUDICOLO,,RELEARN_MOVE,MEGA_DRAIN
272,LUDICOLO,,RELEARN_MOVE,FURY_SWIPES
272,LUDICOLO,,RELEARN_MOVE,FLAIL
272,LUDICOLO,,RELEARN_MOVE,KNOCK_OFF
272,LUDICOLO,,RELEARN_MOVE,TEETER_DANCE
272,LUDICOLO,,RELEARN_MOVE,ASTONISH
272,LUDICOLO,,RELEARN_MOVE,ENERGY_BALL
272,LUDICOLO,,RELEARN_MOVE,ZEN_HEADBUTT
272,LUDICOLO,,RELEARN_MOVE,LEECH_SEED
272,LUDICOLO,,RELEARN_MOVE,GIGA_DRAIN
272,LUDICOLO,,1,FAKE_OUT
272,LUDICOLO,,1,BUBBLE_BEAM
272,LUDICOLO,,1,RAIN_DANCE
273,SEEDOT,,1,TACKLE
273,SEEDOT,,1,HARDEN
273,SEEDOT,,1,BIDE
273,SEEDOT,,3,ABSORB
273,SEEDOT,,6,ASTONISH
273,SEEDOT,,9,GROWTH
273,SEEDOT,,12,ROLLOUT
273,SEEDOT,,15,MEGA_DRAIN
273,SEEDOT,,18,PAYBACK
273,SEEDOT,,21,HEADBUTT
273,SEEDOT,,24,SUNNY_DAY
273,SEEDOT,,27,SYNTHESIS
273,SEEDOT,,30,SUCKER_PUNCH
273,SEEDOT,,33,EXPLOSION
274,NUZLEAF,,EVOLVE_MOVE,RAZOR_LEAF
274,NUZLEAF,,1,AIR_CUTTER
274,NUZLEAF,,1,TORMENT
274,NUZLEAF,,1,FAKE_OUT
274,NUZLEAF,,1,SWAGGER
274,NUZLEAF,,1,EXPLOSION
274,NUZLEAF,,1,TACKLE
274,NUZLEAF,,1,HARDEN
274,NUZLEAF,,1,BIDE
274,NUZLEAF,,1,ABSORB
274,NUZLEAF,,1,ASTONISH
274,NUZLEAF,,1,HEADBUTT
274,NUZLEAF,,9,GROWTH
274,NUZLEAF,,12,ROLLOUT
274,NUZLEAF,,18,MEGA_DRAIN
274,NUZLEAF,,24,PAYBACK
274,NUZLEAF,,30,SYNTHESIS
274,NUZLEAF,,36,SUNNY_DAY
274,NUZLEAF,,43,EXTRASENSORY
274,NUZLEAF,,50,SUCKER_PUNCH
274,NUZLEAF,,57,LEAF_BLADE
275,SHIFTRY,,EVOLVE_MOVE,LEAF_BLADE
275,SHIFTRY,,RELEARN_MOVE,WHIRLWIND
275,SHIFTRY,,RELEARN_MOVE,TACKLE
275,SHIFTRY,,RELEARN_MOVE,BIDE
275,SHIFTRY,,RELEARN_MOVE,ABSORB
275,SHIFTRY,,RELEARN_MOVE,MEGA_DRAIN
275,SHIFTRY,,RELEARN_MOVE,GROWTH
275,SHIFTRY,,RELEARN_MOVE,RAZOR_LEAF
275,SHIFTRY,,RELEARN_MOVE,HARDEN
275,SHIFTRY,,RELEARN_MOVE,HEADBUTT
275,SHIFTRY,,RELEARN_MOVE,EXPLOSION
275,SHIFTRY,,RELEARN_MOVE,ROLLOUT
275,SHIFTRY,,RELEARN_MOVE,SWAGGER
275,SHIFTRY,,RELEARN_MOVE,SYNTHESIS
275,SHIFTRY,,RELEARN_MOVE,BEAT_UP
275,SHIFTRY,,RELEARN_MOVE,FAKE_OUT
275,SHIFTRY,,RELEARN_MOVE,TORMENT
275,SHIFTRY,,RELEARN_MOVE,ASTONISH
275,SHIFTRY,,RELEARN_MOVE,EXTRASENSORY
275,SHIFTRY,,RELEARN_MOVE,SUCKER_PUNCH
275,SHIFTRY,,1,AIR_CUTTER
275,SHIFTRY,,1,HURRICANE
275,SHIFTRY,,1,PAYBACK
275,SHIFTRY,,1,SUNNY_DAY
276,TAILLOW,,1,PECK
276,TAILLOW,,1,GROWL
276,TAILLOW,,5,FOCUS_ENERGY
276,TAILLOW,,9,QUICK_ATTACK
276,TAILLOW,,13,WING_ATTACK
276,TAILLOW,,17,DOUBLE_TEAM
276,TAILLOW,,21,AERIAL_ACE
276,TAILLOW,,25,QUICK_GUARD
276,TAILLOW,,29,AGILITY
276,TAILLOW,,33,AIR_SLASH
276,TAILLOW,,37,ENDEAVOR
276,TAILLOW,,41,BRAVE_BIRD
276,TAILLOW,,45,REVERSAL
277,SWELLOW,,1,BRAVE_BIRD
277,SWELLOW,,1,AIR_SLASH
277,SWELLOW,,1,PLUCK
277,SWELLOW,,1,PECK
277,SWELLOW,,1,GROWL
277,SWELLOW,,1,FOCUS_ENERGY
277,SWELLOW,,1,QUICK_ATTACK
277,SWELLOW,,13,WING_ATTACK
277,SWELLOW,,17,DOUBLE_TEAM
277,SWELLOW,,21,AERIAL_ACE
277,SWELLOW,,27,QUICK_GUARD
277,SWELLOW,,33,AGILITY
277,SWELLOW,,45,ENDEAVOR
277,SWELLOW,,51,BRAVE_BIRD
277,SWELLOW,,57,REVERSAL
278,WINGULL,,1,GROWL
278,WINGULL,,1,WATER_GUN
278,WINGULL,,5,QUICK_ATTACK
278,WINGULL,,10,SUPERSONIC
278,WINGULL,,15,WING_ATTACK
278,WINGULL,,20,WATER_PULSE
278,WINGULL,,26,AGILITY
278,WINGULL,,30,AIR_SLASH
278,WINGULL,,35,MIST
278,WINGULL,,40,ROOST
278,WINGULL,,45,HURRICANE
279,PELIPPER,,1,PROTECT
279,PELIPPER,,1,SOAK
279,PELIPPER,,1,QUICK_ATTACK
279,PELIPPER,,1,AGILITY
279,PELIPPER,,1,AIR_SLASH
279,PELIPPER,,1,GROWL
279,PELIPPER,,1,WATER_GUN
279,PELIPPER,,1,TAILWIND
279,PELIPPER,,1,SUPERSONIC
279,PELIPPER,,1,WATER_SPORT
279,PELIPPER,,15,WING_ATTACK
279,PELIPPER,,20,WATER_PULSE
279,PELIPPER,,28,STOCKPILE
279,PELIPPER,,28,SPIT_UP
279,PELIPPER,,28,SWALLOW
279,PELIPPER,,34,FLING
279,PELIPPER,,41,MIST
279,PELIPPER,,48,ROOST
279,PELIPPER,,55,HURRICANE
279,PELIPPER,,62,HYDRO_PUMP
280,RALTS,,1,GROWL
280,RALTS,,1,DISARMING_VOICE
280,RALTS,,3,DOUBLE_TEAM
280,RALTS,,6,CONFUSION
280,RALTS,,9,HYPNOSIS
280,RALTS,,12,DRAINING_KISS
280,RALTS,,15,TELEPORT
280,RALTS,,18,PSYBEAM
280,RALTS,,21,LIFE_DEW
280,RALTS,,24,CHARM
280,RALTS,,27,CALM_MIND
280,RALTS,,30,PSYCHIC
280,RALTS,,33,HEAL_PULSE
280,RALTS,,36,DREAM_EATER
280,RALTS,,39,FUTURE_SIGHT
281,KIRLIA,,1,GROWL
281,KIRLIA,,1,DISARMING_VOICE
281,KIRLIA,,1,DOUBLE_TEAM
281,KIRLIA,,1,CONFUSION
281,KIRLIA,,9,HYPNOSIS
281,KIRLIA,,12,DRAINING_KISS
281,KIRLIA,,15,TELEPORT
281,KIRLIA,,18,PSYBEAM
281,KIRLIA,,23,LIFE_DEW
281,KIRLIA,,28,CHARM
281,KIRLIA,,33,CALM_MIND
281,KIRLIA,,38,PSYCHIC
281,KIRLIA,,43,HEAL_PULSE
281,KIRLIA,,48,DREAM_EATER
281,KIRLIA,,53,FUTURE_SIGHT
282,GARDEVOIR,,EVOLVE_MOVE,DAZZLING_GLEAM
282,GARDEVOIR,,1,MISTY_TERRAIN
282,GARDEVOIR,,1,HEALING_WISH
282,GARDEVOIR,,1,CHARM
282,GARDEVOIR,,1,MYSTICAL_FIRE
282,GARDEVOIR,,1,HEAL_PULSE
282,GARDEVOIR,,1,GROWL
282,GARDEVOIR,,1,DISARMING_VOICE
282,GARDEVOIR,,1,DOUBLE_TEAM
282,GARDEVOIR,,1,CONFUSION
282,GARDEVOIR,,9,HYPNOSIS
282,GARDEVOIR,,12,DRAINING_KISS
282,GARDEVOIR,,15,TELEPORT
282,GARDEVOIR,,18,PSYBEAM
282,GARDEVOIR,,23,LIFE_DEW
282,GARDEVOIR,,28,WISH
282,GARDEVOIR,,35,CALM_MIND
282,GARDEVOIR,,42,PSYCHIC
282,GARDEVOIR,,49,MOONBLAST
282,GARDEVOIR,,56,DREAM_EATER
282,GARDEVOIR,,63,FUTURE_SIGHT
283,SURSKIT,,1,WATER_GUN
283,SURSKIT,,6,QUICK_ATTACK
283,SURSKIT,,9,SWEET_SCENT
283,SURSKIT,,14,SOAK
283,SURSKIT,,17,BUBBLE_BEAM
283,SURSKIT,,22,AGILITY
283,SURSKIT,,25,MIST
283,SURSKIT,,25,HAZE
283,SURSKIT,,35,BATON_PASS
283,SURSKIT,,38,STICKY_WEB
284,MASQUERAIN,,RELEARN_MOVE,BATON_PASS
284,MASQUERAIN,,RELEARN_MOVE,STICKY_WEB
284,MASQUERAIN,,1,WHIRLWIND
284,MASQUERAIN,,1,WATER_GUN
284,MASQUERAIN,,1,QUICK_ATTACK
284,MASQUERAIN,,1,SWEET_SCENT
284,MASQUERAIN,,1,SOAK
284,MASQUERAIN,,1,BUBBLE_BEAM
284,MASQUERAIN,,1,AGILITY
284,MASQUERAIN,,1,MIST
284,MASQUERAIN,,1,HAZE
284,MASQUERAIN,,1,OMINOUS_WIND
284,MASQUERAIN,,17,GUST
284,MASQUERAIN,,22,SCARY_FACE
284,MASQUERAIN,,22,AIR_CUTTER
284,MASQUERAIN,,26,STUN_SPORE
284,MASQUERAIN,,32,AIR_SLASH
284,MASQUERAIN,,38,GIGA_DRAIN
284,MASQUERAIN,,44,BUG_BUZZ
284,MASQUERAIN,,52,QUIVER_DANCE
285,SHROOMISH,,1,ABSORB
285,SHROOMISH,,1,TACKLE
285,SHROOMISH,,5,STUN_SPORE
285,SHROOMISH,,8,LEECH_SEED
285,SHROOMISH,,12,MEGA_DRAIN
285,SHROOMISH,,15,HEADBUTT
285,SHROOMISH,,19,POISON_POWDER
285,SHROOMISH,,26,GIGA_DRAIN
285,SHROOMISH,,29,GROWTH
285,SHROOMISH,,33,TOXIC
285,SHROOMISH,,36,SEED_BOMB
285,SHROOMISH,,40,SPORE
286,BRELOOM,,EVOLVE_MOVE,MACH_PUNCH
286,BRELOOM,,RELEARN_MOVE,SPORE
286,BRELOOM,,1,POISON_POWDER
286,BRELOOM,,1,GIGA_DRAIN
286,BRELOOM,,1,GROWTH
286,BRELOOM,,1,TOXIC
286,BRELOOM,,1,ABSORB
286,BRELOOM,,1,TACKLE
286,BRELOOM,,1,STUN_SPORE
286,BRELOOM,,1,LEECH_SEED
286,BRELOOM,,12,MEGA_DRAIN
286,BRELOOM,,15,HEADBUTT
286,BRELOOM,,19,FEINT
286,BRELOOM,,22,COUNTER
286,BRELOOM,,28,FORCE_PALM
286,BRELOOM,,33,WORRY_SEED
286,BRELOOM,,39,BRICK_BREAK
286,BRELOOM,,44,SEED_BOMB
286,BRELOOM,,50,DYNAMIC_PUNCH
286,BRELOOM,,55,FOCUS_PUNCH
287,SLAKOTH,,1,SCRATCH
287,SLAKOTH,,1,YAWN
287,SLAKOTH,,6,ENCORE
287,SLAKOTH,,9,SLACK_OFF
287,SLAKOTH,,14,HEADBUTT
287,SLAKOTH,,17,AMNESIA
287,SLAKOTH,,22,COVET
287,SLAKOTH,,25,THROAT_CHOP
287,SLAKOTH,,30,COUNTER
287,SLAKOTH,,33,FLAIL
287,SLAKOTH,,38,PLAY_ROUGH
288,VIGOROTH,,RELEARN_MOVE,PLAY_ROUGH
288,VIGOROTH,,1,SCRATCH
288,VIGOROTH,,1,YAWN
288,VIGOROTH,,1,FOCUS_ENERGY
288,VIGOROTH,,1,SLACK_OFF
288,VIGOROTH,,1,ENCORE
288,VIGOROTH,,1,HEADBUTT
288,VIGOROTH,,1,AMNESIA
288,VIGOROTH,,1,COVET
288,VIGOROTH,,1,FLAIL
288,VIGOROTH,,1,UPROAR
288,VIGOROTH,,14,FURY_SWIPES
288,VIGOROTH,,17,ENDURE
288,VIGOROTH,,23,SLASH
288,VIGOROTH,,27,THROAT_CHOP
288,VIGOROTH,,33,COUNTER
288,VIGOROTH,,37,FOCUS_PUNCH
288,VIGOROTH,,43,REVERSAL
289,SLAKING,,EVOLVE_MOVE,SWAGGER
289,SLAKING,,RELEARN_MOVE,PLAY_ROUGH
289,SLAKING,,RELEARN_MOVE,FOCUS_PUNCH
289,SLAKING,,1,SUCKER_PUNCH
289,SLAKING,,1,SCRATCH
289,SLAKING,,1,YAWN
289,SLAKING,,1,FOCUS_ENERGY
289,SLAKING,,1,ENCORE
289,SLAKING,,1,SLACK_OFF
289,SLAKING,,1,UPROAR
289,SLAKING,,1,FURY_SWIPES
289,SLAKING,,1,ENDURE
289,SLAKING,,1,HEADBUTT
289,SLAKING,,1,SLASH
289,SLAKING,,1,REVERSAL
289,SLAKING,,17,AMNESIA
289,SLAKING,,23,COVET
289,SLAKING,,27,THROAT_CHOP
289,SLAKING,,33,COUNTER
289,SLAKING,,39,FLAIL
289,SLAKING,,45,FLING
289,SLAKING,,52,MEGA_KICK
289,SLAKING,,63,HAMMER_ARM
290,NINCADA,,1,SCRATCH
290,NINCADA,,1,SAND_ATTACK
290,NINCADA,,5,HARDEN
290,NINCADA,,10,FALSE_SWIPE
290,NINCADA,,15,MUD_SLAP
290,NINCADA,,21,ABSORB
290,NINCADA,,25,METAL_CLAW
290,NINCADA,,30,FURY_SWIPES
290,NINCADA,,35,MIND_READER
290,NINCADA,,40,DIG
291,NINJASK,,EVOLVE_MOVE,DOUBLE_TEAM
291,NINJASK,,EVOLVE_MOVE,SCREECH
291,NINJASK,,EVOLVE_MOVE,FURY_CUTTER
291,NINJASK,,1,BATON_PASS
291,NINJASK,,1,AERIAL_ACE
291,NINJASK,,1,MUD_SLAP
291,NINJASK,,1,METAL_CLAW
291,NINJASK,,1,DIG
291,NINJASK,,1,SAND_ATTACK
291,NINJASK,,1,SCRATCH
291,NINJASK,,1,HARDEN
291,NINJASK,,1,FALSE_SWIPE
291,NINJASK,,15,AGILITY
291,NINJASK,,23,ABSORB
291,NINJASK,,29,BUG_BITE
291,NINJASK,,36,FURY_SWIPES
291,NINJASK,,43,MIND_READER
291,NINJASK,,50,SLASH
291,NINJASK,,57,SWORDS_DANCE
291,NINJASK,,64,X_SCISSOR
292,SHEDINJA,,1,SHADOW_CLAW
292,SHEDINJA,,1,GRUDGE
292,SHEDINJA,,1,MUD_SLAP
292,SHEDINJA,,1,METAL_CLAW
292,SHEDINJA,,1,DIG
292,SHEDINJA,,1,SCRATCH
292,SHEDINJA,,1,SAND_ATTACK
292,SHEDINJA,,1,HARDEN
292,SHEDINJA,,1,FALSE_SWIPE
292,SHEDINJA,,15,CONFUSE_RAY
292,SHEDINJA,,23,ABSORB
292,SHEDINJA,,29,SHADOW_SNEAK
292,SHEDINJA,,36,FURY_SWIPES
292,SHEDINJA,,43,MIND_READER
292,SHEDINJA,,50,SHADOW_BALL
292,SHEDINJA,,57,SPITE
292,SHEDINJA,,64,PHANTOM_FORCE
293,WHISMUR,,1,ASTONISH
293,WHISMUR,,1,POUND
293,WHISMUR,,5,ECHOED_VOICE
293,WHISMUR,,10,HOWL
293,WHISMUR,,15,REST
293,WHISMUR,,15,SLEEP_TALK
293,WHISMUR,,21,STOMP
293,WHISMUR,,25,ROAR
293,WHISMUR,,30,SUPERSONIC
293,WHISMUR,,35,UPROAR
293,WHISMUR,,40,SCREECH
293,WHISMUR,,45,HYPER_VOICE
294,LOUDRED,,EVOLVE_MOVE,BITE
294,LOUDRED,,1,ASTONISH
294,LOUDRED,,1,POUND
294,LOUDRED,,1,ECHOED_VOICE
294,LOUDRED,,1,HOWL
294,LOUDRED,,15,REST
294,LOUDRED,,15,SLEEP_TALK
294,LOUDRED,,23,STOMP
294,LOUDRED,,29,ROAR
294,LOUDRED,,36,SUPERSONIC
294,LOUDRED,,43,UPROAR
294,LOUDRED,,50,SCREECH
294,LOUDRED,,57,HYPER_VOICE
295,EXPLOUD,,EVOLVE_MOVE,CRUNCH
295,EXPLOUD,,1,BITE
295,EXPLOUD,,1,ICE_FANG
295,EXPLOUD,,1,FIRE_FANG
295,EXPLOUD,,1,THUNDER_FANG
295,EXPLOUD,,1,ASTONISH
295,EXPLOUD,,1,POUND
295,EXPLOUD,,1,ECHOED_VOICE
295,EXPLOUD,,1,HOWL
295,EXPLOUD,,15,REST
295,EXPLOUD,,15,SLEEP_TALK
295,EXPLOUD,,23,STOMP
295,EXPLOUD,,29,ROAR
295,EXPLOUD,,36,SUPERSONIC
295,EXPLOUD,,45,UPROAR
295,EXPLOUD,,54,SCREECH
295,EXPLOUD,,63,HYPER_VOICE
295,EXPLOUD,,72,BOOMBURST
295,EXPLOUD,,81,HYPER_BEAM
296,MAKUHITA,,1,TACKLE
296,MAKUHITA,,1,FOCUS_ENERGY
296,MAKUHITA,,4,SAND_ATTACK
296,MAKUHITA,,7,ARM_THRUST
296,MAKUHITA,,10,FAKE_OUT
296,MAKUHITA,,13,FORCE_PALM
296,MAKUHITA,,16,WHIRLWIND
296,MAKUHITA,,19,KNOCK_OFF
296,MAKUHITA,,22,BULK_UP
296,MAKUHITA,,25,BELLY_DRUM
296,MAKUHITA,,28,DETECT
296,MAKUHITA,,31,SEISMIC_TOSS
296,MAKUHITA,,34,FOCUS_PUNCH
296,MAKUHITA,,37,ENDURE
296,MAKUHITA,,40,CLOSE_COMBAT
296,MAKUHITA,,43,REVERSAL
296,MAKUHITA,,46,HEAVY_SLAM
297,HARIYAMA,,1,BRINE
297,HARIYAMA,,1,TACKLE
297,HARIYAMA,,1,FOCUS_ENERGY
297,HARIYAMA,,1,SAND_ATTACK
297,HARIYAMA,,1,ARM_THRUST
297,HARIYAMA,,10,FAKE_OUT
297,HARIYAMA,,13,FORCE_PALM
297,HARIYAMA,,16,WHIRLWIND
297,HARIYAMA,,19,KNOCK_OFF
297,HARIYAMA,,22,BULK_UP
297,HARIYAMA,,26,BELLY_DRUM
297,HARIYAMA,,30,DETECT
297,HARIYAMA,,34,SEISMIC_TOSS
297,HARIYAMA,,38,FOCUS_PUNCH
297,HARIYAMA,,42,ENDURE
297,HARIYAMA,,46,CLOSE_COMBAT
297,HARIYAMA,,50,REVERSAL
297,HARIYAMA,,54,HEAVY_SLAM
297,HARIYAMA,,60,HEADLONG_RUSH
298,AZURILL,,1,SPLASH
298,AZURILL,,1,WATER_GUN
298,AZURILL,,1,TAIL_WHIP
298,AZURILL,,3,HELPING_HAND
298,AZURILL,,6,BUBBLE_BEAM
298,AZURILL,,9,CHARM
298,AZURILL,,12,SLAM
298,AZURILL,,15,BOUNCE
299,NOSEPASS,,1,TACKLE
299,NOSEPASS,,4,HARDEN
299,NOSEPASS,,7,BLOCK
299,NOSEPASS,,10,ROCK_THROW
299,NOSEPASS,,13,THUNDER_WAVE
299,NOSEPASS,,16,REST
299,NOSEPASS,,19,SPARK
299,NOSEPASS,,22,ROCK_SLIDE
299,NOSEPASS,,25,POWER_GEM
299,NOSEPASS,,28,ROCK_BLAST
299,NOSEPASS,,31,DISCHARGE
299,NOSEPASS,,34,SANDSTORM
299,NOSEPASS,,37,EARTH_POWER
299,NOSEPASS,,40,STONE_EDGE
299,NOSEPASS,,43,LOCK_ON
299,NOSEPASS,,43,ZAP_CANNON
300,SKITTY,,1,FAKE_OUT
300,SKITTY,,1,GROWL
300,SKITTY,,1,TAIL_WHIP
300,SKITTY,,4,TACKLE
300,SKITTY,,7,SING
300,SKITTY,,10,ATTRACT
300,SKITTY,,13,DISARMING_VOICE
300,SKITTY,,16,FURY_SWIPES
300,SKITTY,,19,COPYCAT
300,SKITTY,,22,PAYBACK
300,SKITTY,,25,CHARM
300,SKITTY,,31,FACADE
300,SKITTY,,34,COVET
300,SKITTY,,37,HEAL_BELL
300,SKITTY,,40,DOUBLE_EDGE
300,SKITTY,,43,BABY_DOLL_EYES
300,SKITTY,,46,PLAY_ROUGH
301,DELCATTY,,1,TAIL_WHIP
301,DELCATTY,,1,GROWL
301,DELCATTY,,1,FAKE_OUT
301,DELCATTY,,1,TACKLE
301,DELCATTY,,1,SING
301,DELCATTY,,1,ATTRACT
301,DELCATTY,,1,DISARMING_VOICE
301,DELCATTY,,1,FURY_SWIPES
301,DELCATTY,,1,COPYCAT
301,DELCATTY,,1,PAYBACK
301,DELCATTY,,1,CHARM
301,DELCATTY,,1,FACADE
301,DELCATTY,,1,COVET
301,DELCATTY,,1,HEAL_BELL
301,DELCATTY,,1,DOUBLE_EDGE
301,DELCATTY,,1,BABY_DOLL_EYES
301,DELCATTY,,1,PLAY_ROUGH
302,SABLEYE,,1,LEER
302,SABLEYE,,1,SCRATCH
302,SABLEYE,,3,ASTONISH
302,SABLEYE,,9,SHADOW_SNEAK
302,SABLEYE,,12,FAKE_OUT
302,SABLEYE,,15,DISABLE
302,SABLEYE,,18,DETECT
302,SABLEYE,,21,NIGHT_SHADE
302,SABLEYE,,24,FURY_SWIPES
302,SABLEYE,,27,KNOCK_OFF
302,SABLEYE,,30,QUASH
302,SABLEYE,,33,SHADOW_CLAW
302,SABLEYE,,36,MEAN_LOOK
302,SABLEYE,,39,POWER_GEM
302,SABLEYE,,42,ZEN_HEADBUTT
302,SABLEYE,,45,SHADOW_BALL
302,SABLEYE,,48,FOUL_PLAY
303,MAWILE,,1,ASTONISH
303,MAWILE,,1,GROWL
303,MAWILE,,4,FAIRY_WIND
303,MAWILE,,8,BATON_PASS
303,MAWILE,,12,BITE
303,MAWILE,,16,STOCKPILE
303,MAWILE,,16,SPIT_UP
303,MAWILE,,16,SWALLOW
303,MAWILE,,20,SUCKER_PUNCH
303,MAWILE,,24,IRON_DEFENSE
303,MAWILE,,28,CRUNCH
303,MAWILE,,32,SWEET_SCENT
303,MAWILE,,36,IRON_HEAD
303,MAWILE,,40,TAUNT
303,MAWILE,,44,FAKE_TEARS
303,MAWILE,,48,PLAY_ROUGH
304,ARON,,1,TACKLE
304,ARON,,1,HARDEN
304,ARON,,4,METAL_CLAW
304,ARON,,8,ROCK_TOMB
304,ARON,,12,ROAR
304,ARON,,16,HEADBUTT
304,ARON,,20,PROTECT
304,ARON,,24,ROCK_SLIDE
304,ARON,,28,IRON_HEAD
304,ARON,,33,METAL_SOUND
304,ARON,,36,TAKE_DOWN
304,ARON,,40,AUTOTOMIZE
304,ARON,,44,IRON_TAIL
304,ARON,,48,IRON_DEFENSE
304,ARON,,52,HEAVY_SLAM
304,ARON,,56,DOUBLE_EDGE
304,ARON,,60,METAL_BURST
305,LAIRON,,1,TACKLE
305,LAIRON,,1,HARDEN
305,LAIRON,,1,METAL_CLAW
305,LAIRON,,1,ROCK_TOMB
305,LAIRON,,12,ROAR
305,LAIRON,,16,HEADBUTT
305,LAIRON,,20,PROTECT
305,LAIRON,,24,ROCK_SLIDE
305,LAIRON,,28,IRON_HEAD
305,LAIRON,,35,METAL_SOUND
305,LAIRON,,40,TAKE_DOWN
305,LAIRON,,46,AUTOTOMIZE
305,LAIRON,,52,IRON_TAIL
305,LAIRON,,58,IRON_DEFENSE
305,LAIRON,,64,HEAVY_SLAM
305,LAIRON,,70,DOUBLE_EDGE
305,LAIRON,,76,METAL_BURST
306,AGGRON,,1,TACKLE
306,AGGRON,,1,HARDEN
306,AGGRON,,1,METAL_CLAW
306,AGGRON,,1,ROCK_TOMB
306,AGGRON,,12,ROAR
306,AGGRON,,16,HEADBUTT
306,AGGRON,,20,PROTECT
306,AGGRON,,24,ROCK_SLIDE
306,AGGRON,,28,IRON_HEAD
306,AGGRON,,35,METAL_SOUND
306,AGGRON,,40,TAKE_DOWN
306,AGGRON,,48,AUTOTOMIZE
306,AGGRON,,56,IRON_TAIL
306,AGGRON,,64,IRON_DEFENSE
306,AGGRON,,72,HEAVY_SLAM
306,AGGRON,,80,DOUBLE_EDGE
306,AGGRON,,88,METAL_BURST
307,MEDITITE,,1,CONFUSION
307,MEDITITE,,1,WORK_UP
307,MEDITITE,,1,BIDE
307,MEDITITE,,9,DETECT
307,MEDITITE,,12,ENDURE
307,MEDITITE,,15,FEINT
307,MEDITITE,,17,FORCE_PALM
307,MEDITITE,,20,PSYBEAM
307,MEDITITE,,23,CALM_MIND
307,MEDITITE,,25,ZEN_HEADBUTT
307,MEDITITE,,28,HIGH_JUMP_KICK
307,MEDITITE,,31,PSYCH_UP
307,MEDITITE,,33,ACUPRESSURE
307,MEDITITE,,36,POWER_TRICK
307,MEDITITE,,39,REVERSAL
307,MEDITITE,,41,RECOVER
307,MEDITITE,,44,COUNTER
308,MEDICHAM,,1,FIRE_PUNCH
308,MEDICHAM,,1,ICE_PUNCH
308,MEDICHAM,,1,THUNDER_PUNCH
308,MEDICHAM,,1,CONFUSION
308,MEDICHAM,,1,DETECT
308,MEDICHAM,,1,WORK_UP
308,MEDICHAM,,1,BIDE
308,MEDICHAM,,1,REVERSAL
308,MEDICHAM,,12,ENDURE
308,MEDICHAM,,15,FEINT
308,MEDICHAM,,17,FORCE_PALM
308,MEDICHAM,,20,PSYBEAM
308,MEDICHAM,,23,CALM_MIND
308,MEDICHAM,,25,ZEN_HEADBUTT
308,MEDICHAM,,28,HIGH_JUMP_KICK
308,MEDICHAM,,31,PSYCH_UP
308,MEDICHAM,,33,ACUPRESSURE
308,MEDICHAM,,36,POWER_TRICK
308,MEDICHAM,,47,RECOVER
308,MEDICHAM,,53,COUNTER
308,MEDICHAM,,53,AXE_KICK
309,ELECTRIKE,,1,TACKLE
309,ELECTRIKE,,1,THUNDER_WAVE
309,ELECTRIKE,,4,LEER
309,ELECTRIKE,,8,HOWL
309,ELECTRIKE,,12,QUICK_ATTACK
309,ELECTRIKE,,16,SHOCK_WAVE
309,ELECTRIKE,,20,BITE
309,ELECTRIKE,,24,THUNDER_FANG
309,ELECTRIKE,,28,ROAR
309,ELECTRIKE,,32,DISCHARGE
309,ELECTRIKE,,36,CHARGE
309,ELECTRIKE,,40,WILD_CHARGE
309,ELECTRIKE,,44,THUNDER
310,MANECTRIC,,1,FIRE_FANG
310,MANECTRIC,,1,TACKLE
310,MANECTRIC,,1,THUNDER_WAVE
310,MANECTRIC,,1,LEER
310,MANECTRIC,,1,HOWL
310,MANECTRIC,,12,QUICK_ATTACK
310,MANECTRIC,,16,SHOCK_WAVE
310,MANECTRIC,,20,BITE
310,MANECTRIC,,24,THUNDER_FANG
310,MANECTRIC,,30,ROAR
310,MANECTRIC,,36,DISCHARGE
310,MANECTRIC,,42,CHARGE
310,MANECTRIC,,48,WILD_CHARGE
310,MANECTRIC,,54,THUNDER
310,MANECTRIC,,60,ELECTRIC_TERRAIN
311,PLUSLE,,RELEARN_MOVE,NUZZLE
311,PLUSLE,,1,PLAY_NICE
311,PLUSLE,,1,GROWL
311,PLUSLE,,1,THUNDER_WAVE
311,PLUSLE,,1,QUICK_ATTACK
311,PLUSLE,,4,HELPING_HAND
311,PLUSLE,,7,SPARK
311,PLUSLE,,10,ENCORE
311,PLUSLE,,13,SWITCHEROO
311,PLUSLE,,16,SWIFT
311,PLUSLE,,19,ELECTRO_BALL
311,PLUSLE,,22,COPYCAT
311,PLUSLE,,26,CHARGE
311,PLUSLE,,31,DISCHARGE
311,PLUSLE,,34,BATON_PASS
311,PLUSLE,,37,AGILITY
311,PLUSLE,,40,LAST_RESORT
311,PLUSLE,,43,THUNDER
311,PLUSLE,,46,NASTY_PLOT
311,PLUSLE,,49,ENTRAINMENT
312,MINUN,,RELEARN_MOVE,NUZZLE
312,MINUN,,1,PLAY_NICE
312,MINUN,,1,GROWL
312,MINUN,,1,THUNDER_WAVE
312,MINUN,,1,QUICK_ATTACK
312,MINUN,,4,HELPING_HAND
312,MINUN,,7,SPARK
312,MINUN,,10,ENCORE
312,MINUN,,13,SWITCHEROO
312,MINUN,,16,SWIFT
312,MINUN,,19,ELECTRO_BALL
312,MINUN,,22,COPYCAT
312,MINUN,,26,CHARGE
312,MINUN,,31,DISCHARGE
312,MINUN,,34,BATON_PASS
312,MINUN,,37,AGILITY
312,MINUN,,40,LAST_RESORT
312,MINUN,,43,THUNDER
312,MINUN,,46,NASTY_PLOT
312,MINUN,,49,ENTRAINMENT
313,VOLBEAT,,1,FLASH
313,VOLBEAT,,1,TACKLE
313,VOLBEAT,,5,DOUBLE_TEAM
313,VOLBEAT,,8,CONFUSE_RAY
313,VOLBEAT,,12,QUICK_ATTACK
313,VOLBEAT,,15,STRUGGLE_BUG
313,VOLBEAT,,19,MOONLIGHT
313,VOLBEAT,,22,TAIL_GLOW
313,VOLBEAT,,26,PROTECT
313,VOLBEAT,,29,ZEN_HEADBUTT
313,VOLBEAT,,33,HELPING_HAND
313,VOLBEAT,,36,BUG_BUZZ
313,VOLBEAT,,40,PLAY_ROUGH
313,VOLBEAT,,43,DOUBLE_EDGE
313,VOLBEAT,,47,INFESTATION
314,ILLUMISE,,1,TACKLE
314,ILLUMISE,,1,PLAY_NICE
314,ILLUMISE,,5,SWEET_SCENT
314,ILLUMISE,,9,CHARM
314,ILLUMISE,,12,QUICK_ATTACK
314,ILLUMISE,,15,STRUGGLE_BUG
314,ILLUMISE,,19,MOONLIGHT
314,ILLUMISE,,22,WISH
314,ILLUMISE,,26,ENCORE
314,ILLUMISE,,29,FLATTER
314,ILLUMISE,,33,ZEN_HEADBUTT
314,ILLUMISE,,36,HELPING_HAND
314,ILLUMISE,,40,BUG_BUZZ
314,ILLUMISE,,43,PLAY_ROUGH
314,ILLUMISE,,47,INFESTATION
315,ROSELIA,,EVOLVE_MOVE,POISON_STING
315,ROSELIA,,1,ABSORB
315,ROSELIA,,1,GROWTH
315,ROSELIA,,1,STUN_SPORE
315,ROSELIA,,1,WORRY_SEED
315,ROSELIA,,5,MEGA_DRAIN
315,ROSELIA,,10,LEECH_SEED
315,ROSELIA,,15,MAGICAL_LEAF
315,ROSELIA,,20,TOXIC_SPIKES
315,ROSELIA,,25,SWEET_SCENT
315,ROSELIA,,30,GIGA_DRAIN
315,ROSELIA,,35,SYNTHESIS
315,ROSELIA,,40,TOXIC
315,ROSELIA,,45,PETAL_BLIZZARD
315,ROSELIA,,50,AROMATHERAPY
315,ROSELIA,,55,INGRAIN
315,ROSELIA,,60,PETAL_DANCE
316,GULPIN,,1,POUND
316,GULPIN,,5,YAWN
316,GULPIN,,8,POISON_GAS
316,GULPIN,,10,SLUDGE
316,GULPIN,,12,AMNESIA
316,GULPIN,,17,ACID_SPRAY
316,GULPIN,,20,ENCORE
316,GULPIN,,25,TOXIC
316,GULPIN,,28,STOCKPILE
316,GULPIN,,28,SPIT_UP
316,GULPIN,,28,SWALLOW
316,GULPIN,,33,SLUDGE_BOMB
316,GULPIN,,36,GASTRO_ACID
316,GULPIN,,41,BELCH
316,GULPIN,,44,PAIN_SPLIT
316,GULPIN,,49,GUNK_SHOT
317,SWALOT,,EVOLVE_MOVE,BODY_SLAM
317,SWALOT,,1,GUNK_SHOT
317,SWALOT,,1,POUND
317,SWALOT,,1,YAWN
317,SWALOT,,1,POISON_GAS
317,SWALOT,,1,WRING_OUT
317,SWALOT,,1,SLUDGE
317,SWALOT,,1,PAIN_SPLIT
317,SWALOT,,12,AMNESIA
317,SWALOT,,17,ACID_SPRAY
317,SWALOT,,20,ENCORE
317,SWALOT,,25,TOXIC
317,SWALOT,,30,STOCKPILE
317,SWALOT,,30,SPIT_UP
317,SWALOT,,30,SWALLOW
317,SWALOT,,37,SLUDGE_BOMB
317,SWALOT,,42,GASTRO_ACID
317,SWALOT,,49,BELCH
318,CARVANHA,,1,AQUA_JET
318,CARVANHA,,1,LEER
318,CARVANHA,,4,POISON_FANG
318,CARVANHA,,8,FOCUS_ENERGY
318,CARVANHA,,12,SCARY_FACE
318,CARVANHA,,16,BITE
318,CARVANHA,,20,ICE_FANG
318,CARVANHA,,24,SCREECH
318,CARVANHA,,28,SWAGGER
318,CARVANHA,,32,CRUNCH
318,CARVANHA,,36,AGILITY
318,CARVANHA,,40,LIQUIDATION
318,CARVANHA,,44,TAKE_DOWN
319,SHARPEDO,,EVOLVE_MOVE,SLASH
319,SHARPEDO,,1,NIGHT_SLASH
319,SHARPEDO,,1,AQUA_JET
319,SHARPEDO,,1,LEER
319,SHARPEDO,,1,POISON_FANG
319,SHARPEDO,,1,FOCUS_ENERGY
319,SHARPEDO,,12,SCARY_FACE
319,SHARPEDO,,16,BITE
319,SHARPEDO,,20,ICE_FANG
319,SHARPEDO,,24,SCREECH
319,SHARPEDO,,28,SWAGGER
319,SHARPEDO,,34,CRUNCH
319,SHARPEDO,,40,AGILITY
319,SHARPEDO,,46,LIQUIDATION
319,SHARPEDO,,52,TAKE_DOWN
320,WAILMER,,1,SPLASH
320,WAILMER,,1,TACKLE
320,WAILMER,,3,GROWL
320,WAILMER,,6,ASTONISH
320,WAILMER,,12,WATER_GUN
320,WAILMER,,15,MIST
320,WAILMER,,18,WATER_PULSE
320,WAILMER,,21,HEAVY_SLAM
320,WAILMER,,24,BRINE
320,WAILMER,,27,WHIRLPOOL
320,WAILMER,,30,DIVE
320,WAILMER,,33,BOUNCE
320,WAILMER,,36,BODY_SLAM
320,WAILMER,,39,REST
320,WAILMER,,42,AMNESIA
320,WAILMER,,45,HYDRO_PUMP
320,WAILMER,,48,WATER_SPOUT
321,WAILORD,,1,SOAK
321,WAILORD,,1,NOBLE_ROAR
321,WAILORD,,1,SPLASH
321,WAILORD,,1,TACKLE
321,WAILORD,,1,GROWL
321,WAILORD,,1,ASTONISH
321,WAILORD,,1,WATER_GUN
321,WAILORD,,15,MIST
321,WAILORD,,18,WATER_PULSE
321,WAILORD,,21,HEAVY_SLAM
321,WAILORD,,24,BRINE
321,WAILORD,,27,WHIRLPOOL
321,WAILORD,,30,DIVE
321,WAILORD,,33,BOUNCE
321,WAILORD,,36,BODY_SLAM
321,WAILORD,,39,REST
321,WAILORD,,44,AMNESIA
321,WAILORD,,49,HYDRO_PUMP
321,WAILORD,,54,WATER_SPOUT
322,NUMEL,,1,GROWL
322,NUMEL,,1,TACKLE
322,NUMEL,,5,EMBER
322,NUMEL,,8,FOCUS_ENERGY
322,NUMEL,,12,BULLDOZE
322,NUMEL,,15,INCINERATE
322,NUMEL,,19,AMNESIA
322,NUMEL,,22,LAVA_PLUME
322,NUMEL,,26,EARTH_POWER
322,NUMEL,,29,CURSE
322,NUMEL,,31,TAKE_DOWN
322,NUMEL,,40,EARTHQUAKE
322,NUMEL,,43,FLAMETHROWER
322,NUMEL,,47,DOUBLE_EDGE
323,CAMERUPT,,EVOLVE_MOVE,ROCK_SLIDE
323,CAMERUPT,,RELEARN_MOVE,FLAMETHROWER
323,CAMERUPT,,RELEARN_MOVE,DOUBLE_EDGE
323,CAMERUPT,,1,FISSURE
323,CAMERUPT,,1,ERUPTION
323,CAMERUPT,,1,GROWL
323,CAMERUPT,,1,TACKLE
323,CAMERUPT,,1,EMBER
323,CAMERUPT,,1,FOCUS_ENERGY
323,CAMERUPT,,12,BULLDOZE
323,CAMERUPT,,15,INCINERATE
323,CAMERUPT,,19,AMNESIA
323,CAMERUPT,,22,LAVA_PLUME
323,CAMERUPT,,26,EARTH_POWER
323,CAMERUPT,,29,CURSE
323,CAMERUPT,,31,TAKE_DOWN
323,CAMERUPT,,39,YAWN
323,CAMERUPT,,46,EARTHQUAKE
324,TORKOAL,,1,SMOG
324,TORKOAL,,1,EMBER
324,TORKOAL,,4,WITHDRAW
324,TORKOAL,,8,RAPID_SPIN
324,TORKOAL,,12,SMOKESCREEN
324,TORKOAL,,16,CLEAR_SMOG
324,TORKOAL,,20,FLAME_WHEEL
324,TORKOAL,,24,PROTECT
324,TORKOAL,,28,LAVA_PLUME
324,TORKOAL,,32,BODY_SLAM
324,TORKOAL,,36,IRON_DEFENSE
324,TORKOAL,,40,FLAMETHROWER
324,TORKOAL,,44,CURSE
324,TORKOAL,,48,HEAT_WAVE
324,TORKOAL,,52,AMNESIA
324,TORKOAL,,56,INFERNO
324,TORKOAL,,60,SHELL_SMASH
324,TORKOAL,,64,ERUPTION
325,SPOINK,,1,SPLASH
325,SPOINK,,5,CONFUSION
325,SPOINK,,10,GROWL
325,SPOINK,,14,PSYBEAM
325,SPOINK,,18,PSYCH_UP
325,SPOINK,,22,CONFUSE_RAY
325,SPOINK,,29,REST
325,SPOINK,,29,POWER_GEM
325,SPOINK,,33,SNORE
325,SPOINK,,38,PSYSHOCK
325,SPOINK,,40,PAYBACK
325,SPOINK,,44,PSYCHIC
325,SPOINK,,50,BOUNCE
326,GRUMPIG,,EVOLVE_MOVE,TEETER_DANCE
326,GRUMPIG,,1,BELCH
326,GRUMPIG,,1,SPLASH
326,GRUMPIG,,1,CONFUSION
326,GRUMPIG,,1,GROWL
326,GRUMPIG,,1,PSYBEAM
326,GRUMPIG,,18,PSYCH_UP
326,GRUMPIG,,22,CONFUSE_RAY
326,GRUMPIG,,26,ZEN_HEADBUTT
326,GRUMPIG,,29,POWER_GEM
326,GRUMPIG,,35,REST
326,GRUMPIG,,35,SNORE
326,GRUMPIG,,42,PSYSHOCK
326,GRUMPIG,,46,PAYBACK
326,GRUMPIG,,52,PSYCHIC
326,GRUMPIG,,60,BOUNCE
327,SPINDA,,1,TACKLE
327,SPINDA,,5,COPYCAT
327,SPINDA,,10,DIZZY_PUNCH
327,SPINDA,,14,PSYBEAM
327,SPINDA,,19,HYPNOSIS
327,SPINDA,,23,BODY_SLAM
327,SPINDA,,28,SUCKER_PUNCH
327,SPINDA,,32,TEETER_DANCE
327,SPINDA,,37,UPROAR
327,SPINDA,,41,PSYCH_UP
327,SPINDA,,46,DOUBLE_EDGE
327,SPINDA,,50,FLAIL
327,SPINDA,,55,THRASH
328,TRAPINCH,,1,SAND_ATTACK
328,TRAPINCH,,1,ASTONISH
328,TRAPINCH,,1,BIDE
328,TRAPINCH,,1,FEINT_ATTACK
328,TRAPINCH,,8,BITE
328,TRAPINCH,,12,MUD_SLAP
328,TRAPINCH,,16,SAND_TOMB
328,TRAPINCH,,20,BULLDOZE
328,TRAPINCH,,24,DIG
328,TRAPINCH,,28,CRUNCH
328,TRAPINCH,,32,SANDSTORM
328,TRAPINCH,,36,EARTH_POWER
328,TRAPINCH,,40,EARTHQUAKE
328,TRAPINCH,,44,SUPERPOWER
328,TRAPINCH,,48,FISSURE
329,VIBRAVA,,EVOLVE_MOVE,DRAGON_BREATH
329,VIBRAVA,,RELEARN_MOVE,SUPERSONIC
329,VIBRAVA,,RELEARN_MOVE,FISSURE
329,VIBRAVA,,RELEARN_MOVE,CRUNCH
329,VIBRAVA,,RELEARN_MOVE,SUPERPOWER
329,VIBRAVA,,RELEARN_MOVE,ASTONISH
329,VIBRAVA,,RELEARN_MOVE,BULLDOZE
329,VIBRAVA,,1,DIG
329,VIBRAVA,,1,SAND_ATTACK
329,VIBRAVA,,1,BITE
329,VIBRAVA,,1,BIDE
329,VIBRAVA,,1,FEINT_ATTACK
329,VIBRAVA,,12,MUD_SLAP
329,VIBRAVA,,16,SAND_TOMB
329,VIBRAVA,,20,DRAGON_TAIL
329,VIBRAVA,,24,SCREECH
329,VIBRAVA,,28,BUG_BUZZ
329,VIBRAVA,,32,SANDSTORM
329,VIBRAVA,,38,EARTH_POWER
329,VIBRAVA,,44,EARTHQUAKE
329,VIBRAVA,,50,UPROAR
329,VIBRAVA,,56,DRAGON_RUSH
329,VIBRAVA,,62,BOOMBURST
330,FLYGON,,EVOLVE_MOVE,DRAGON_CLAW
330,FLYGON,,RELEARN_MOVE,BITE
330,FLYGON,,RELEARN_MOVE,FISSURE
330,FLYGON,,RELEARN_MOVE,DIG
330,FLYGON,,RELEARN_MOVE,CRUNCH
330,FLYGON,,RELEARN_MOVE,SUPERPOWER
330,FLYGON,,RELEARN_MOVE,ASTONISH
330,FLYGON,,RELEARN_MOVE,DRAGON_DANCE
330,FLYGON,,RELEARN_MOVE,FEINT
330,FLYGON,,1,DRAGON_BREATH
330,FLYGON,,1,BULLDOZE
330,FLYGON,,1,SAND_ATTACK
330,FLYGON,,1,SUPERSONIC
330,FLYGON,,1,BIDE
330,FLYGON,,1,FEINT_ATTACK
330,FLYGON,,12,MUD_SLAP
330,FLYGON,,16,SAND_TOMB
330,FLYGON,,20,DRAGON_TAIL
330,FLYGON,,24,SCREECH
330,FLYGON,,28,BUG_BUZZ
330,FLYGON,,32,SANDSTORM
330,FLYGON,,38,EARTH_POWER
330,FLYGON,,44,EARTHQUAKE
330,FLYGON,,52,UPROAR
330,FLYGON,,60,DRAGON_RUSH
330,FLYGON,,68,BOOMBURST
331,CACNEA,,1,POISON_STING
331,CACNEA,,1,LEER
331,CACNEA,,4,ABSORB
331,CACNEA,,7,GROWTH
331,CACNEA,,10,LEECH_SEED
331,CACNEA,,13,SAND_ATTACK
331,CACNEA,,16,BULLET_SEED
331,CACNEA,,19,POWER_TRIP
331,CACNEA,,22,INGRAIN
331,CACNEA,,26,PAYBACK
331,CACNEA,,30,SPIKES
331,CACNEA,,34,SUCKER_PUNCH
331,CACNEA,,38,PIN_MISSILE
331,CACNEA,,42,ENERGY_BALL
331,CACNEA,,46,COTTON_SPORE
331,CACNEA,,50,SANDSTORM
331,CACNEA,,54,DESTINY_BOND
332,CACTURNE,,EVOLVE_MOVE,SPIKY_SHIELD
332,CACTURNE,,1,DESTINY_BOND
332,CACTURNE,,1,POISON_STING
332,CACTURNE,,1,LEER
332,CACTURNE,,1,ABSORB
332,CACTURNE,,1,GROWTH
332,CACTURNE,,10,LEECH_SEED
332,CACTURNE,,13,SAND_ATTACK
332,CACTURNE,,16,BULLET_SEED
332,CACTURNE,,19,POWER_TRIP
332,CACTURNE,,22,INGRAIN
332,CACTURNE,,26,PAYBACK
332,CACTURNE,,30,SPIKES
332,CACTURNE,,35,SUCKER_PUNCH
332,CACTURNE,,38,PIN_MISSILE
332,CACTURNE,,44,ENERGY_BALL
332,CACTURNE,,49,COTTON_SPORE
332,CACTURNE,,54,SANDSTORM
333,SWABLU,,1,PECK
333,SWABLU,,1,GROWL
333,SWABLU,,4,DISARMING_VOICE
333,SWABLU,,8,MIST
333,SWABLU,,12,FURY_ATTACK
333,SWABLU,,16,ROUND
333,SWABLU,,20,DRAGON_BREATH
333,SWABLU,,24,SAFEGUARD
333,SWABLU,,28,SING
333,SWABLU,,32,COTTON_GUARD
333,SWABLU,,36,TAKE_DOWN
333,SWABLU,,40,MOONBLAST
333,SWABLU,,44,PERISH_SONG
334,ALTARIA,,EVOLVE_MOVE,DRAGON_PULSE
334,ALTARIA,,1,PLUCK
334,ALTARIA,,1,PECK
334,ALTARIA,,1,GROWL
334,ALTARIA,,1,DISARMING_VOICE
334,ALTARIA,,1,MIST
334,ALTARIA,,12,FURY_ATTACK
334,ALTARIA,,16,ROUND
334,ALTARIA,,20,DRAGON_BREATH
334,ALTARIA,,24,SAFEGUARD
334,ALTARIA,,28,SING
334,ALTARIA,,32,COTTON_GUARD
334,ALTARIA,,38,TAKE_DOWN
334,ALTARIA,,44,MOONBLAST
334,ALTARIA,,50,PERISH_SONG
334,ALTARIA,,56,SKY_ATTACK
335,ZANGOOSE,,RELEARN_MOVE,DOUBLE_KICK
335,ZANGOOSE,,RELEARN_MOVE,DISABLE
335,ZANGOOSE,,RELEARN_MOVE,COUNTER
335,ZANGOOSE,,RELEARN_MOVE,FURY_SWIPES
335,ZANGOOSE,,RELEARN_MOVE,CURSE
335,ZANGOOSE,,RELEARN_MOVE,FLAIL
335,ZANGOOSE,,RELEARN_MOVE,BELLY_DRUM
335,ZANGOOSE,,RELEARN_MOVE,FEINT
335,ZANGOOSE,,RELEARN_MOVE,NIGHT_SLASH
335,ZANGOOSE,,RELEARN_MOVE,DOUBLE_HIT
335,ZANGOOSE,,RELEARN_MOVE,QUICK_GUARD
335,ZANGOOSE,,RELEARN_MOVE,FINAL_GAMBIT
335,ZANGOOSE,,1,SCRATCH
335,ZANGOOSE,,1,LEER
335,ZANGOOSE,,5,QUICK_ATTACK
335,ZANGOOSE,,8,FURY_CUTTER
335,ZANGOOSE,,12,METAL_CLAW
335,ZANGOOSE,,15,HONE_CLAWS
335,ZANGOOSE,,19,SLASH
335,ZANGOOSE,,22,POWER_TRIP
335,ZANGOOSE,,26,CRUSH_CLAW
335,ZANGOOSE,,29,FALSE_SWIPE
335,ZANGOOSE,,33,SWITCHEROO
335,ZANGOOSE,,36,DETECT
335,ZANGOOSE,,40,X_SCISSOR
335,ZANGOOSE,,43,TAUNT
335,ZANGOOSE,,47,SWORDS_DANCE
335,ZANGOOSE,,50,CLOSE_COMBAT
336,SEVIPER,,1,WRAP
336,SEVIPER,,1,SWAGGER
336,SEVIPER,,4,BITE
336,SEVIPER,,6,LICK
336,SEVIPER,,9,POISON_TAIL
336,SEVIPER,,11,FEINT
336,SEVIPER,,14,SCREECH
336,SEVIPER,,19,GLARE
336,SEVIPER,,21,POISON_FANG
336,SEVIPER,,24,VENOSHOCK
336,SEVIPER,,29,GASTRO_ACID
336,SEVIPER,,31,POISON_JAB
336,SEVIPER,,34,HAZE
336,SEVIPER,,39,CRUNCH
336,SEVIPER,,41,BELCH
336,SEVIPER,,44,COIL
336,SEVIPER,,46,SLUDGE_BOMB
337,LUNATONE,,1,MOONBLAST
337,LUNATONE,,1,MOONLIGHT
337,LUNATONE,,1,TACKLE
337,LUNATONE,,1,HARDEN
337,LUNATONE,,1,CONFUSION
337,LUNATONE,,1,ROCK_THROW
337,LUNATONE,,5,HYPNOSIS
337,LUNATONE,,10,ROCK_POLISH
337,LUNATONE,,15,ROCK_SLIDE
337,LUNATONE,,20,PSYSHOCK
337,LUNATONE,,25,COSMIC_POWER
337,LUNATONE,,30,PSYCHIC
337,LUNATONE,,35,STONE_EDGE
337,LUNATONE,,40,FUTURE_SIGHT
337,LUNATONE,,45,MAGIC_ROOM
337,LUNATONE,,50,EXPLOSION
338,SOLROCK,,1,FLARE_BLITZ
338,SOLROCK,,1,MORNING_SUN
338,SOLROCK,,1,TACKLE
338,SOLROCK,,1,HARDEN
338,SOLROCK,,1,CONFUSION
338,SOLROCK,,1,ROCK_THROW
338,SOLROCK,,5,HYPNOSIS
338,SOLROCK,,10,ROCK_POLISH
338,SOLROCK,,15,ROCK_SLIDE
338,SOLROCK,,20,ZEN_HEADBUTT
338,SOLROCK,,25,COSMIC_POWER
338,SOLROCK,,30,PSYCHIC
338,SOLROCK,,35,STONE_EDGE
338,SOLROCK,,40,SOLAR_BEAM
338,SOLROCK,,45,WONDER_ROOM
338,SOLROCK,,50,EXPLOSION
339,BARBOACH,,1,MUD_SLAP
339,BARBOACH,,1,WATER_GUN
339,BARBOACH,,6,REST
339,BARBOACH,,6,SNORE
339,BARBOACH,,12,WATER_PULSE
339,BARBOACH,,18,AMNESIA
339,BARBOACH,,24,AQUA_TAIL
339,BARBOACH,,31,MUDDY_WATER
339,BARBOACH,,36,EARTHQUAKE
339,BARBOACH,,42,FUTURE_SIGHT
339,BARBOACH,,48,FISSURE
340,WHISCASH,,EVOLVE_MOVE,THRASH
340,WHISCASH,,1,BELCH
340,WHISCASH,,1,ZEN_HEADBUTT
340,WHISCASH,,1,TICKLE
340,WHISCASH,,1,MUD_SLAP
340,WHISCASH,,1,WATER_GUN
340,WHISCASH,,1,REST
340,WHISCASH,,1,SNORE
340,WHISCASH,,12,WATER_PULSE
340,WHISCASH,,18,AMNESIA
340,WHISCASH,,24,AQUA_TAIL
340,WHISCASH,,33,MUDDY_WATER
340,WHISCASH,,40,EARTHQUAKE
340,WHISCASH,,48,FUTURE_SIGHT
340,WHISCASH,,56,FISSURE
341,CORPHISH,,1,WATER_GUN
341,CORPHISH,,1,HARDEN
341,CORPHISH,,4,LEER
341,CORPHISH,,8,TAUNT
341,CORPHISH,,12,BUBBLE_BEAM
341,CORPHISH,,16,KNOCK_OFF
341,CORPHISH,,20,DOUBLE_HIT
341,CORPHISH,,24,PROTECT
341,CORPHISH,,28,NIGHT_SLASH
341,CORPHISH,,32,RAZOR_SHELL
341,CORPHISH,,36,SWORDS_DANCE
341,CORPHISH,,40,CRUNCH
341,CORPHISH,,44,CRABHAMMER
341,CORPHISH,,48,ENDEAVOR
341,CORPHISH,,52,GUILLOTINE
342,CRAWDAUNT,,EVOLVE_MOVE,SWIFT
342,CRAWDAUNT,,1,WATER_GUN
342,CRAWDAUNT,,1,HARDEN
342,CRAWDAUNT,,1,LEER
342,CRAWDAUNT,,1,TAUNT
342,CRAWDAUNT,,12,BUBBLE_BEAM
342,CRAWDAUNT,,16,KNOCK_OFF
342,CRAWDAUNT,,20,DOUBLE_HIT
342,CRAWDAUNT,,24,PROTECT
342,CRAWDAUNT,,28,NIGHT_SLASH
342,CRAWDAUNT,,34,RAZOR_SHELL
342,CRAWDAUNT,,40,SWORDS_DANCE
342,CRAWDAUNT,,46,CRUNCH
342,CRAWDAUNT,,52,CRABHAMMER
342,CRAWDAUNT,,58,ENDEAVOR
342,CRAWDAUNT,,64,GUILLOTINE
343,BALTOY,,1,HARDEN
343,BALTOY,,1,MUD_SLAP
343,BALTOY,,3,RAPID_SPIN
343,BALTOY,,6,CONFUSION
343,BALTOY,,9,ROCK_TOMB
343,BALTOY,,12,POWER_TRICK
343,BALTOY,,15,PSYBEAM
343,BALTOY,,18,ANCIENT_POWER
343,BALTOY,,21,IMPRISON
343,BALTOY,,24,COSMIC_POWER
343,BALTOY,,27,EXTRASENSORY
343,BALTOY,,30,EARTH_POWER
343,BALTOY,,33,SELF_DESTRUCT
343,BALTOY,,36,GUARD_SPLIT
343,BALTOY,,36,POWER_SPLIT
343,BALTOY,,39,SANDSTORM
343,BALTOY,,42,EXPLOSION
344,CLAYDOL,,EVOLVE_MOVE,HYPER_BEAM
344,CLAYDOL,,1,TELEPORT
344,CLAYDOL,,1,HARDEN
344,CLAYDOL,,1,MUD_SLAP
344,CLAYDOL,,1,RAPID_SPIN
344,CLAYDOL,,1,CONFUSION
344,CLAYDOL,,9,ROCK_TOMB
344,CLAYDOL,,12,POWER_TRICK
344,CLAYDOL,,15,PSYBEAM
344,CLAYDOL,,18,ANCIENT_POWER
344,CLAYDOL,,21,IMPRISON
344,CLAYDOL,,24,COSMIC_POWER
344,CLAYDOL,,27,EXTRASENSORY
344,CLAYDOL,,30,EARTH_POWER
344,CLAYDOL,,33,SELF_DESTRUCT
344,CLAYDOL,,38,GUARD_SPLIT
344,CLAYDOL,,38,POWER_SPLIT
344,CLAYDOL,,43,SANDSTORM
344,CLAYDOL,,48,EXPLOSION
345,LILEEP,,1,WRAP
345,LILEEP,,1,ASTONISH
345,LILEEP,,1,CONSTRICT
345,LILEEP,,4,ACID
345,LILEEP,,8,CONFUSE_RAY
345,LILEEP,,12,INGRAIN
345,LILEEP,,16,ANCIENT_POWER
345,LILEEP,,20,MEGA_DRAIN
345,LILEEP,,24,BRINE
345,LILEEP,,28,AMNESIA
345,LILEEP,,32,GASTRO_ACID
345,LILEEP,,36,GIGA_DRAIN
345,LILEEP,,41,STOCKPILE
345,LILEEP,,41,SPIT_UP
345,LILEEP,,41,SWALLOW
345,LILEEP,,44,ENERGY_BALL
346,CRADILY,,1,LEECH_SEED
346,CRADILY,,1,WRAP
346,CRADILY,,1,ASTONISH
346,CRADILY,,1,CONSTRICT
346,CRADILY,,1,ACID
346,CRADILY,,1,CONFUSE_RAY
346,CRADILY,,12,INGRAIN
346,CRADILY,,16,ANCIENT_POWER
346,CRADILY,,20,MEGA_DRAIN
346,CRADILY,,24,BRINE
346,CRADILY,,28,AMNESIA
346,CRADILY,,32,GASTRO_ACID
346,CRADILY,,36,GIGA_DRAIN
346,CRADILY,,43,STOCKPILE
346,CRADILY,,43,SPIT_UP
346,CRADILY,,43,SWALLOW
346,CRADILY,,48,ENERGY_BALL
347,ANORITH,,1,FURY_CUTTER
347,ANORITH,,1,HARDEN
347,ANORITH,,4,WATER_GUN
347,ANORITH,,8,SMACK_DOWN
347,ANORITH,,12,METAL_CLAW
347,ANORITH,,16,ANCIENT_POWER
347,ANORITH,,20,BUG_BITE
347,ANORITH,,24,BRINE
347,ANORITH,,28,SLASH
347,ANORITH,,32,CRUSH_CLAW
347,ANORITH,,36,ROCK_BLAST
347,ANORITH,,41,PROTECT
347,ANORITH,,44,X_SCISSOR
348,ARMALDO,,1,FURY_CUTTER
348,ARMALDO,,1,HARDEN
348,ARMALDO,,1,WATER_GUN
348,ARMALDO,,1,SMACK_DOWN
348,ARMALDO,,12,METAL_CLAW
348,ARMALDO,,16,ANCIENT_POWER
348,ARMALDO,,20,BUG_BITE
348,ARMALDO,,24,BRINE
348,ARMALDO,,28,SLASH
348,ARMALDO,,32,CRUSH_CLAW
348,ARMALDO,,36,ROCK_BLAST
348,ARMALDO,,43,PROTECT
348,ARMALDO,,48,X_SCISSOR
349,FEEBAS,,1,SPLASH
349,FEEBAS,,15,TACKLE
349,FEEBAS,,25,FLAIL
350,MILOTIC,,EVOLVE_MOVE,WATER_PULSE
350,MILOTIC,,1,FLAIL
350,MILOTIC,,1,SPLASH
350,MILOTIC,,1,TACKLE
350,MILOTIC,,1,WRAP
350,MILOTIC,,1,WATER_GUN
350,MILOTIC,,1,WATER_SPORT
350,MILOTIC,,4,DISARMING_VOICE
350,MILOTIC,,8,TWISTER
350,MILOTIC,,12,AQUA_RING
350,MILOTIC,,16,ATTRACT
350,MILOTIC,,20,LIFE_DEW
350,MILOTIC,,24,DRAGON_TAIL
350,MILOTIC,,28,RECOVER
350,MILOTIC,,32,AQUA_TAIL
350,MILOTIC,,36,SAFEGUARD
350,MILOTIC,,40,SURF
350,MILOTIC,,44,RAIN_DANCE
350,MILOTIC,,48,COIL
350,MILOTIC,,52,HYDRO_PUMP
351,CASTFORM,,1,TACKLE
351,CASTFORM,,10,WATER_GUN
351,CASTFORM,,10,EMBER
351,CASTFORM,,10,POWDER_SNOW
351,CASTFORM,,15,HEADBUTT
351,CASTFORM,,20,RAIN_DANCE
351,CASTFORM,,20,SUNNY_DAY
351,CASTFORM,,20,HAIL
351,CASTFORM,,25,WEATHER_BALL
351,CASTFORM,,35,HYDRO_PUMP
351,CASTFORM,,35,FIRE_BLAST
351,CASTFORM,,35,BLIZZARD
351,CASTFORM,,45,HURRICANE
352,KECLEON,,1,THIEF
352,KECLEON,,1,TAIL_WHIP
352,KECLEON,,1,ASTONISH
352,KECLEON,,1,LICK
352,KECLEON,,1,SCRATCH
352,KECLEON,,4,BIND
352,KECLEON,,7,SHADOW_SNEAK
352,KECLEON,,10,FEINT
352,KECLEON,,13,FURY_SWIPES
352,KECLEON,,16,DISABLE
352,KECLEON,,18,PSYBEAM
352,KECLEON,,21,ANCIENT_POWER
352,KECLEON,,25,SLASH
352,KECLEON,,30,DETECT
352,KECLEON,,33,SHADOW_CLAW
352,KECLEON,,38,SCREECH
352,KECLEON,,42,SUBSTITUTE
352,KECLEON,,46,SUCKER_PUNCH
352,KECLEON,,50,FOUL_PLAY
353,SHUPPET,,1,ASTONISH
353,SHUPPET,,1,PURSUIT
353,SHUPPET,,4,SCREECH
353,SHUPPET,,7,NIGHT_SHADE
353,SHUPPET,,10,SPITE
353,SHUPPET,,16,WILL_O_WISP
353,SHUPPET,,19,SHADOW_SNEAK
353,SHUPPET,,22,HEX
353,SHUPPET,,26,CURSE
353,SHUPPET,,30,SHADOW_BALL
353,SHUPPET,,34,ROLE_PLAY
353,SHUPPET,,38,SUCKER_PUNCH
353,SHUPPET,,42,TRICK
353,SHUPPET,,48,PHANTOM_FORCE
354,BANETTE,,EVOLVE_MOVE,KNOCK_OFF
354,BANETTE,,1,ASTONISH
354,BANETTE,,1,PURSUIT
354,BANETTE,,1,SCREECH
354,BANETTE,,1,NIGHT_SHADE
354,BANETTE,,1,SPITE
354,BANETTE,,16,WILL_O_WISP
354,BANETTE,,19,SHADOW_SNEAK
354,BANETTE,,22,HEX
354,BANETTE,,26,CURSE
354,BANETTE,,30,SHADOW_BALL
354,BANETTE,,34,ROLE_PLAY
354,BANETTE,,40,SUCKER_PUNCH
354,BANETTE,,46,TRICK
354,BANETTE,,53,PHANTOM_FORCE
355,DUSKULL,,1,ASTONISH
355,DUSKULL,,1,LEER
355,DUSKULL,,1,PURSUIT
355,DUSKULL,,4,DISABLE
355,DUSKULL,,8,SHADOW_SNEAK
355,DUSKULL,,12,CONFUSE_RAY
355,DUSKULL,,16,NIGHT_SHADE
355,DUSKULL,,20,PAYBACK
355,DUSKULL,,24,WILL_O_WISP
355,DUSKULL,,28,MEAN_LOOK
355,DUSKULL,,32,HEX
355,DUSKULL,,36,CURSE
355,DUSKULL,,40,SHADOW_BALL
355,DUSKULL,,44,FUTURE_SIGHT
356,DUSCLOPS,,EVOLVE_MOVE,SHADOW_PUNCH
356,DUSCLOPS,,1,FIRE_PUNCH
356,DUSCLOPS,,1,ICE_PUNCH
356,DUSCLOPS,,1,THUNDER_PUNCH
356,DUSCLOPS,,1,GRAVITY
356,DUSCLOPS,,1,BIND
356,DUSCLOPS,,1,ASTONISH
356,DUSCLOPS,,1,LEER
356,DUSCLOPS,,1,PURSUIT
356,DUSCLOPS,,1,DISABLE
356,DUSCLOPS,,1,SHADOW_SNEAK
356,DUSCLOPS,,12,CONFUSE_RAY
356,DUSCLOPS,,16,NIGHT_SHADE
356,DUSCLOPS,,20,PAYBACK
356,DUSCLOPS,,24,WILL_O_WISP
356,DUSCLOPS,,28,MEAN_LOOK
356,DUSCLOPS,,32,HEX
356,DUSCLOPS,,36,CURSE
356,DUSCLOPS,,42,SHADOW_BALL
356,DUSCLOPS,,48,FUTURE_SIGHT
357,TROPIUS,,1,LEAF_STORM
357,TROPIUS,,1,GUST
357,TROPIUS,,1,LEER
357,TROPIUS,,1,GROWTH
357,TROPIUS,,1,RAZOR_LEAF
357,TROPIUS,,6,SWEET_SCENT
357,TROPIUS,,10,STOMP
357,TROPIUS,,16,MAGICAL_LEAF
357,TROPIUS,,21,WHIRLWIND
357,TROPIUS,,30,WIDE_GUARD
357,TROPIUS,,36,AIR_SLASH
357,TROPIUS,,41,BODY_SLAM
357,TROPIUS,,46,OUTRAGE
357,TROPIUS,,50,SYNTHESIS
357,TROPIUS,,56,SOLAR_BEAM
358,CHIMECHO,,1,HEALING_WISH
358,CHIMECHO,,1,LAST_RESORT
358,CHIMECHO,,1,ENTRAINMENT
358,CHIMECHO,,1,WRAP
358,CHIMECHO,,1,PSYWAVE
358,CHIMECHO,,1,GROWL
358,CHIMECHO,,1,ASTONISH
358,CHIMECHO,,1,CONFUSION
358,CHIMECHO,,1,SYNCHRONOISE
358,CHIMECHO,,13,YAWN
358,CHIMECHO,,16,STORED_POWER
358,CHIMECHO,,19,TAKE_DOWN
358,CHIMECHO,,22,EXTRASENSORY
358,CHIMECHO,,27,HEAL_BELL
358,CHIMECHO,,32,UPROAR
358,CHIMECHO,,37,SAFEGUARD
358,CHIMECHO,,42,DOUBLE_EDGE
358,CHIMECHO,,47,HEAL_PULSE
359,ABSOL,,1,QUICK_ATTACK
359,ABSOL,,1,LEER
359,ABSOL,,5,DOUBLE_TEAM
359,ABSOL,,10,KNOCK_OFF
359,ABSOL,,15,DETECT
359,ABSOL,,20,TAUNT
359,ABSOL,,25,SLASH
359,ABSOL,,30,NIGHT_SLASH
359,ABSOL,,35,FOCUS_ENERGY
359,ABSOL,,40,SUCKER_PUNCH
359,ABSOL,,45,SWORDS_DANCE
359,ABSOL,,50,FUTURE_SIGHT
359,ABSOL,,55,PERISH_SONG
360,WYNAUT,,1,COUNTER
360,WYNAUT,,1,MIRROR_COAT
360,WYNAUT,,1,SAFEGUARD
360,WYNAUT,,1,DESTINY_BOND
360,WYNAUT,,1,SPLASH
360,WYNAUT,,1,CHARM
360,WYNAUT,,1,ENCORE
360,WYNAUT,,1,AMNESIA
361,SNORUNT,,1,POWDER_SNOW
361,SNORUNT,,1,ASTONISH
361,SNORUNT,,1,HEADBUTT
361,SNORUNT,,5,LEER
361,SNORUNT,,10,DOUBLE_TEAM
361,SNORUNT,,15,ICE_SHARD
361,SNORUNT,,20,PROTECT
361,SNORUNT,,25,ICY_WIND
361,SNORUNT,,30,FROST_BREATH
361,SNORUNT,,35,BITE
361,SNORUNT,,40,ICE_FANG
361,SNORUNT,,45,SNOWSCAPE
361,SNORUNT,,50,WEATHER_BALL
361,SNORUNT,,55,CRUNCH
361,SNORUNT,,60,BLIZZARD
362,GLALIE,,EVOLVE_MOVE,FREEZE_DRY
362,GLALIE,,1,SHEER_COLD
362,GLALIE,,1,POWDER_SNOW
362,GLALIE,,1,HEADBUTT
362,GLALIE,,1,ASTONISH
362,GLALIE,,1,LEER
362,GLALIE,,1,DOUBLE_TEAM
362,GLALIE,,1,ICE_BALL
362,GLALIE,,15,ICE_SHARD
362,GLALIE,,20,PROTECT
362,GLALIE,,25,ICY_WIND
362,GLALIE,,30,FROST_BREATH
362,GLALIE,,35,BITE
362,GLALIE,,40,ICE_FANG
362,GLALIE,,47,SNOWSCAPE
362,GLALIE,,54,WEATHER_BALL
362,GLALIE,,61,CRUNCH
362,GLALIE,,68,BLIZZARD
363,SPHEAL,,1,ROLLOUT
363,SPHEAL,,1,DEFENSE_CURL
363,SPHEAL,,4,GROWL
363,SPHEAL,,8,WATER_GUN
363,SPHEAL,,12,POWDER_SNOW
363,SPHEAL,,16,REST
363,SPHEAL,,20,SNORE
363,SPHEAL,,24,BRINE
363,SPHEAL,,28,AURORA_BEAM
363,SPHEAL,,33,ENCORE
363,SPHEAL,,36,BODY_SLAM
363,SPHEAL,,40,SURF
363,SPHEAL,,44,BLIZZARD
363,SPHEAL,,48,HAIL
363,SPHEAL,,52,SHEER_COLD
364,SEALEO,,EVOLVE_MOVE,SWAGGER
364,SEALEO,,1,ROLLOUT
364,SEALEO,,1,DEFENSE_CURL
364,SEALEO,,1,GROWL
364,SEALEO,,1,WATER_GUN
364,SEALEO,,12,POWDER_SNOW
364,SEALEO,,16,REST
364,SEALEO,,20,SNORE
364,SEALEO,,24,BRINE
364,SEALEO,,28,AURORA_BEAM
364,SEALEO,,35,ENCORE
364,SEALEO,,40,BODY_SLAM
364,SEALEO,,46,SURF
364,SEALEO,,52,BLIZZARD
364,SEALEO,,58,HAIL
364,SEALEO,,64,SHEER_COLD
365,WALREIN,,1,SWAGGER
365,WALREIN,,1,CRUNCH
365,WALREIN,,1,ICE_FANG
365,WALREIN,,1,ROLLOUT
365,WALREIN,,1,DEFENSE_CURL
365,WALREIN,,1,GROWL
365,WALREIN,,1,WATER_GUN
365,WALREIN,,12,POWDER_SNOW
365,WALREIN,,16,REST
365,WALREIN,,20,SNORE
365,WALREIN,,24,BRINE
365,WALREIN,,28,AURORA_BEAM
365,WALREIN,,35,ENCORE
365,WALREIN,,40,BODY_SLAM
365,WALREIN,,48,SURF
365,WALREIN,,56,BLIZZARD
365,WALREIN,,64,HAIL
365,WALREIN,,72,SHEER_COLD
366,CLAMPERL,,1,CLAMP
366,CLAMPERL,,1,WATER_GUN
366,CLAMPERL,,1,WHIRLPOOL
366,CLAMPERL,,1,IRON_DEFENSE
366,CLAMPERL,,50,SHELL_SMASH
367,HUNTAIL,,1,CLAMP
367,HUNTAIL,,1,WATER_GUN
367,HUNTAIL,,1,IRON_DEFENSE
367,HUNTAIL,,1,SHELL_SMASH
367,HUNTAIL,,1,WHIRLPOOL
367,HUNTAIL,,1,BITE
367,HUNTAIL,,5,SCREECH
367,HUNTAIL,,9,SCARY_FACE
367,HUNTAIL,,11,RAIN_DANCE
367,HUNTAIL,,14,WATER_PULSE
367,HUNTAIL,,16,ICE_FANG
367,HUNTAIL,,19,BRINE
367,HUNTAIL,,23,SUCKER_PUNCH
367,HUNTAIL,,26,DIVE
367,HUNTAIL,,29,BATON_PASS
367,HUNTAIL,,34,CRUNCH
367,HUNTAIL,,39,AQUA_TAIL
367,HUNTAIL,,45,COIL
367,HUNTAIL,,50,HYDRO_PUMP
368,GOREBYSS,,1,CLAMP
368,GOREBYSS,,1,WATER_GUN
368,GOREBYSS,,1,IRON_DEFENSE
368,GOREBYSS,,1,SHELL_SMASH
368,GOREBYSS,,1,WHIRLPOOL
368,GOREBYSS,,1,CONFUSION
368,GOREBYSS,,5,RAIN_DANCE
368,GOREBYSS,,9,AGILITY
368,GOREBYSS,,11,DRAINING_KISS
368,GOREBYSS,,14,WATER_PULSE
368,GOREBYSS,,16,AMNESIA
368,GOREBYSS,,19,AQUA_RING
368,GOREBYSS,,23,SAFEGUARD
368,GOREBYSS,,26,DIVE
368,GOREBYSS,,29,BATON_PASS
368,GOREBYSS,,34,PSYCHIC
368,GOREBYSS,,39,AQUA_TAIL
368,GOREBYSS,,45,COIL
368,GOREBYSS,,50,HYDRO_PUMP
369,RELICANTH,,1,TACKLE
369,RELICANTH,,1,HARDEN
369,RELICANTH,,5,WATER_GUN
369,RELICANTH,,10,ANCIENT_POWER
369,RELICANTH,,15,YAWN
369,RELICANTH,,20,DIVE
369,RELICANTH,,25,TAKE_DOWN
369,RELICANTH,,30,AQUA_TAIL
369,RELICANTH,,35,REST
369,RELICANTH,,40,FLAIL
369,RELICANTH,,45,HYDRO_PUMP
369,RELICANTH,,50,DOUBLE_EDGE
369,RELICANTH,,55,HEAD_SMASH
370,LUVDISC,,1,TACKLE
370,LUVDISC,,1,CHARM
370,LUVDISC,,4,WATER_GUN
370,LUVDISC,,7,AGILITY
370,LUVDISC,,13,WISH
370,LUVDISC,,17,WATER_PULSE
370,LUVDISC,,20,ATTRACT
370,LUVDISC,,22,DRAINING_KISS
370,LUVDISC,,26,FLAIL
370,LUVDISC,,31,SWEET_KISS
370,LUVDISC,,34,TAKE_DOWN
370,LUVDISC,,37,BABY_DOLL_EYES
370,LUVDISC,,40,AQUA_RING
370,LUVDISC,,42,SOAK
370,LUVDISC,,46,HYDRO_PUMP
370,LUVDISC,,49,SAFEGUARD
371,BAGON,,1,EMBER
371,BAGON,,1,LEER
371,BAGON,,5,BITE
371,BAGON,,10,DRAGON_BREATH
371,BAGON,,15,HEADBUTT
371,BAGON,,20,SCARY_FACE
371,BAGON,,25,CRUNCH
371,BAGON,,31,DRAGON_CLAW
371,BAGON,,35,ZEN_HEADBUTT
371,BAGON,,40,FOCUS_ENERGY
371,BAGON,,45,FLAMETHROWER
371,BAGON,,50,OUTRAGE
371,BAGON,,55,DOUBLE_EDGE
372,SHELGON,,EVOLVE_MOVE,PROTECT
372,SHELGON,,1,EMBER
372,SHELGON,,1,LEER
372,SHELGON,,1,BITE
372,SHELGON,,1,DRAGON_BREATH
372,SHELGON,,15,HEADBUTT
372,SHELGON,,20,SCARY_FACE
372,SHELGON,,25,CRUNCH
372,SHELGON,,33,DRAGON_CLAW
372,SHELGON,,39,ZEN_HEADBUTT
372,SHELGON,,46,FOCUS_ENERGY
372,SHELGON,,53,FLAMETHROWER
372,SHELGON,,60,OUTRAGE
372,SHELGON,,67,DOUBLE_EDGE
373,SALAMENCE,,EVOLVE_MOVE,FLY
373,SALAMENCE,,RELEARN_MOVE,OUTRAGE
373,SALAMENCE,,1,PROTECT
373,SALAMENCE,,1,DRAGON_TAIL
373,SALAMENCE,,1,DUAL_WINGBEAT
373,SALAMENCE,,1,ROOST
373,SALAMENCE,,1,EMBER
373,SALAMENCE,,1,LEER
373,SALAMENCE,,1,BITE
373,SALAMENCE,,1,DRAGON_BREATH
373,SALAMENCE,,15,HEADBUTT
373,SALAMENCE,,20,SCARY_FACE
373,SALAMENCE,,25,CRUNCH
373,SALAMENCE,,33,DRAGON_CLAW
373,SALAMENCE,,39,ZEN_HEADBUTT
373,SALAMENCE,,46,FOCUS_ENERGY
373,SALAMENCE,,55,FLAMETHROWER
373,SALAMENCE,,73,DOUBLE_EDGE
374,BELDUM,,1,TACKLE
375,METANG,,EVOLVE_MOVE,CONFUSION
375,METANG,,EVOLVE_MOVE,METAL_CLAW
375,METANG,,1,TACKLE
375,METANG,,1,BULLET_PUNCH
375,METANG,,1,HONE_CLAWS
375,METANG,,6,ZEN_HEADBUTT
375,METANG,,12,MAGNET_RISE
375,METANG,,18,FLASH_CANNON
375,METANG,,26,TAKE_DOWN
375,METANG,,34,PSYCHIC
375,METANG,,42,SCARY_FACE
375,METANG,,50,METEOR_MASH
375,METANG,,58,IRON_DEFENSE
375,METANG,,66,AGILITY
375,METANG,,74,HYPER_BEAM
376,METAGROSS,,EVOLVE_MOVE,HAMMER_ARM
376,METAGROSS,,RELEARN_MOVE,EXPLOSION
376,METAGROSS,,RELEARN_MOVE,HONE_CLAWS
376,METAGROSS,,1,CONFUSION
376,METAGROSS,,1,METAL_CLAW
376,METAGROSS,,1,BULLET_PUNCH
376,METAGROSS,,1,TACKLE
376,METAGROSS,,6,ZEN_HEADBUTT
376,METAGROSS,,12,MAGNET_RISE
376,METAGROSS,,16,FLASH_CANNON
376,METAGROSS,,26,TAKE_DOWN
376,METAGROSS,,34,PSYCHIC
376,METAGROSS,,42,SCARY_FACE
376,METAGROSS,,52,METEOR_MASH
376,METAGROSS,,62,IRON_DEFENSE
376,METAGROSS,,72,AGILITY
376,METAGROSS,,82,HYPER_BEAM
377,REGIROCK,,1,CHARGE_BEAM
377,REGIROCK,,1,ROCK_THROW
377,REGIROCK,,6,BULLDOZE
377,REGIROCK,,12,ANCIENT_POWER
377,REGIROCK,,18,STOMP
377,REGIROCK,,24,ROCK_SLIDE
377,REGIROCK,,30,CURSE
377,REGIROCK,,36,IRON_DEFENSE
377,REGIROCK,,42,HAMMER_ARM
377,REGIROCK,,48,STONE_EDGE
377,REGIROCK,,54,SUPERPOWER
377,REGIROCK,,60,LOCK_ON
377,REGIROCK,,66,ZAP_CANNON
377,REGIROCK,,72,HYPER_BEAM
377,REGIROCK,,78,EXPLOSION
378,REGICE,,1,CHARGE_BEAM
378,REGICE,,1,ICY_WIND
378,REGICE,,6,BULLDOZE
378,REGICE,,12,ANCIENT_POWER
378,REGICE,,18,STOMP
378,REGICE,,24,ICE_BEAM
378,REGICE,,30,CURSE
378,REGICE,,36,AMNESIA
378,REGICE,,42,HAMMER_ARM
378,REGICE,,48,BLIZZARD
378,REGICE,,54,SUPERPOWER
378,REGICE,,60,LOCK_ON
378,REGICE,,66,ZAP_CANNON
378,REGICE,,72,HYPER_BEAM
378,REGICE,,78,EXPLOSION
379,REGISTEEL,,1,CHARGE_BEAM
379,REGISTEEL,,1,METAL_CLAW
379,REGISTEEL,,6,BULLDOZE
379,REGISTEEL,,12,ANCIENT_POWER
379,REGISTEEL,,18,STOMP
379,REGISTEEL,,24,IRON_HEAD
379,REGISTEEL,,24,FLASH_CANNON
379,REGISTEEL,,30,CURSE
379,REGISTEEL,,36,AMNESIA
379,REGISTEEL,,36,IRON_DEFENSE
379,REGISTEEL,,42,HAMMER_ARM
379,REGISTEEL,,48,HEAVY_SLAM
379,REGISTEEL,,54,SUPERPOWER
379,REGISTEEL,,60,LOCK_ON
379,REGISTEEL,,66,ZAP_CANNON
379,REGISTEEL,,72,HYPER_BEAM
379,REGISTEEL,,78,EXPLOSION
380,LATIAS,,1,STORED_POWER
380,LATIAS,,1,CHARM
380,LATIAS,,1,PSYWAVE
380,LATIAS,,5,HELPING_HAND
380,LATIAS,,10,RECOVER
380,LATIAS,,15,CONFUSION
380,LATIAS,,20,TAILWIND
380,LATIAS,,25,DRAGON_BREATH
380,LATIAS,,30,WISH
380,LATIAS,,35,MIST_BALL
380,LATIAS,,40,ZEN_HEADBUTT
380,LATIAS,,45,DRAGON_PULSE
380,LATIAS,,50,HEAL_PULSE
380,LATIAS,,55,REFLECT_TYPE
380,LATIAS,,60,PSYCHIC
380,LATIAS,,65,GUARD_SPLIT
380,LATIAS,,70,HEALING_WISH
381,LATIOS,,1,STORED_POWER
381,LATIOS,,1,DRAGON_DANCE
381,LATIOS,,1,HEAL_BLOCK
381,LATIOS,,1,PSYWAVE
381,LATIOS,,5,HELPING_HAND
381,LATIOS,,10,RECOVER
381,LATIOS,,15,CONFUSION
381,LATIOS,,20,TAILWIND
381,LATIOS,,25,DRAGON_BREATH
381,LATIOS,,30,ALLY_SWITCH
381,LATIOS,,35,LUSTER_PURGE
381,LATIOS,,40,ZEN_HEADBUTT
381,LATIOS,,45,DRAGON_PULSE
381,LATIOS,,50,HEAL_PULSE
381,LATIOS,,55,SIMPLE_BEAM
381,LATIOS,,60,PSYCHIC
381,LATIOS,,65,POWER_SPLIT
381,LATIOS,,70,MEMENTO
382,KYOGRE,,1,ORIGIN_PULSE
382,KYOGRE,,1,WATER_PULSE
382,KYOGRE,,1,ANCIENT_POWER
382,KYOGRE,,1,BODY_SLAM
382,KYOGRE,,1,SCARY_FACE
382,KYOGRE,,9,AQUA_TAIL
382,KYOGRE,,18,CALM_MIND
382,KYOGRE,,27,MUDDY_WATER
382,KYOGRE,,36,ICE_BEAM
382,KYOGRE,,45,SHEER_COLD
382,KYOGRE,,54,AQUA_RING
382,KYOGRE,,72,HYDRO_PUMP
382,KYOGRE,,81,DOUBLE_EDGE
382,KYOGRE,,90,WATER_SPOUT
383,GROUDON,,1,PRECIPICE_BLADES
383,GROUDON,,1,MUD_SHOT
383,GROUDON,,1,ANCIENT_POWER
383,GROUDON,,1,LAVA_PLUME
383,GROUDON,,1,SCARY_FACE
383,GROUDON,,9,EARTH_POWER
383,GROUDON,,18,BULK_UP
383,GROUDON,,27,EARTHQUAKE
383,GROUDON,,36,HAMMER_ARM
383,GROUDON,,45,FISSURE
383,GROUDON,,54,REST
383,GROUDON,,72,FIRE_BLAST
383,GROUDON,,81,SOLAR_BEAM
383,GROUDON,,90,ERUPTION
384,RAYQUAZA,,1,DRAGON_ASCENT
384,RAYQUAZA,,1,TWISTER
384,RAYQUAZA,,1,ANCIENT_POWER
384,RAYQUAZA,,1,AIR_SLASH
384,RAYQUAZA,,1,SCARY_FACE
384,RAYQUAZA,,9,CRUNCH
384,RAYQUAZA,,18,DRAGON_DANCE
384,RAYQUAZA,,27,EXTREME_SPEED
384,RAYQUAZA,,36,DRAGON_PULSE
384,RAYQUAZA,,45,HYPER_VOICE
384,RAYQUAZA,,54,REST
384,RAYQUAZA,,63,FLY
384,RAYQUAZA,,72,HURRICANE
384,RAYQUAZA,,81,OUTRAGE
384,RAYQUAZA,,90,HYPER_BEAM
385,JIRACHI,,1,CONFUSION
385,JIRACHI,,1,WISH
385,JIRACHI,,7,SWIFT
385,JIRACHI,,21,LIFE_DEW
385,JIRACHI,,28,ZEN_HEADBUTT
385,JIRACHI,,35,GRAVITY
385,JIRACHI,,42,PSYCHIC
385,JIRACHI,,49,METEOR_MASH
385,JIRACHI,,56,HEALING_WISH
385,JIRACHI,,63,REST
385,JIRACHI,,70,FUTURE_SIGHT
385,JIRACHI,,77,DOUBLE_EDGE
385,JIRACHI,,84,COSMIC_POWER
385,JIRACHI,,91,LAST_RESORT
385,JIRACHI,,98,DOOM_DESIRE
386,DEOXYS,,1,WRAP
386,DEOXYS,,1,LEER
386,DEOXYS,,1,CONFUSION
386,DEOXYS,,7,NIGHT_SHADE
386,DEOXYS,,31,PSYCHIC
386,DEOXYS,,49,ZEN_HEADBUTT
386,DEOXYS,,67,PSYCHO_BOOST
386,DEOXYS,normal,13,TELEPORT
386,DEOXYS,normal,19,KNOCK_OFF
386,DEOXYS,normal,25,PSYSHOCK
386,DEOXYS,normal,37,GRAVITY
386,DEOXYS,normal,43,SKILL_SWAP
386,DEOXYS,normal,55,COSMIC_POWER
386,DEOXYS,normal,61,RECOVER
386,DEOXYS,normal,73,HYPER_BEAM
386,DEOXYS,attack,13,TELEPORT
386,DEOXYS,attack,19,TAUNT
386,DEOXYS,attack,25,PURSUIT
386,DEOXYS,attack,37,SUPERPOWER
386,DEOXYS,attack,43,PSYCHO_SHIFT
386,DEOXYS,attack,55,COSMIC_POWER
386,DEOXYS,attack,61,ZAP_CANNON
386,DEOXYS,attack,73,HYPER_BEAM
386,DEOXYS,defense,13,TELEPORT
386,DEOXYS,defense,19,KNOCK_OFF
386,DEOXYS,defense,25,SPIKES
386,DEOXYS,defense,37,SNATCH
386,DEOXYS,defense,43,PSYCHO_SHIFT
386,DEOXYS,defense,55,AMNESIA
386,DEOXYS,defense,55,IRON_DEFENSE
386,DEOXYS,defense,61,RECOVER
386,DEOXYS,defense,73,COUNTER
386,DEOXYS,defense,73,MIRROR_COAT
386,DEOXYS,speed,13,DOUBLE_TEAM
386,DEOXYS,speed,19,KNOCK_OFF
386,DEOXYS,speed,25,PURSUIT
386,DEOXYS,speed,37,SWIFT
386,DEOXYS,speed,43,PSYCHO_SHIFT
386,DEOXYS,speed,55,AGILITY
386,DEOXYS,speed,61,RECOVER
386,DEOXYS,speed,73,EXTREME_SPEED
387,TURTWIG,,1,TACKLE
387,TURTWIG,,5,WITHDRAW
387,TURTWIG,,5,LEAFAGE
387,TURTWIG,,9,GROWTH
387,TURTWIG,,13,RAZOR_LEAF
387,TURTWIG,,17,CURSE
387,TURTWIG,,21,BITE
387,TURTWIG,,25,MEGA_DRAIN
387,TURTWIG,,29,LEECH_SEED
387,TURTWIG,,33,SYNTHESIS
387,TURTWIG,,37,CRUNCH
387,TURTWIG,,41,GIGA_DRAIN
387,TURTWIG,,45,LEAF_STORM
388,GROTLE,,1,TACKLE
388,GROTLE,,1,ABSORB
388,GROTLE,,1,WITHDRAW
388,GROTLE,,1,LEAFAGE
388,GROTLE,,1,GROWTH
388,GROTLE,,13,RAZOR_LEAF
388,GROTLE,,17,CURSE
388,GROTLE,,22,BITE
388,GROTLE,,27,MEGA_DRAIN
388,GROTLE,,32,LEECH_SEED
388,GROTLE,,37,SYNTHESIS
388,GROTLE,,42,CRUNCH
388,GROTLE,,47,GIGA_DRAIN
388,GROTLE,,52,LEAF_STORM
389,TORTERRA,,EVOLVE_MOVE,EARTHQUAKE
389,TORTERRA,,1,TACKLE
389,TORTERRA,,1,ABSORB
389,TORTERRA,,1,LEAFAGE
389,TORTERRA,,1,GROWTH
389,TORTERRA,,1,RAZOR_LEAF
389,TORTERRA,,1,WITHDRAW
389,TORTERRA,,1,WOOD_HAMMER
389,TORTERRA,,17,CURSE
389,TORTERRA,,22,BITE
389,TORTERRA,,27,MEGA_DRAIN
389,TORTERRA,,33,LEECH_SEED
389,TORTERRA,,39,SYNTHESIS
389,TORTERRA,,45,CRUNCH
389,TORTERRA,,51,GIGA_DRAIN
389,TORTERRA,,57,LEAF_STORM
389,TORTERRA,,63,HEADLONG_RUSH
390,CHIMCHAR,,1,SCRATCH
390,CHIMCHAR,,1,LEER
390,CHIMCHAR,,5,EMBER
390,CHIMCHAR,,9,TAUNT
390,CHIMCHAR,,15,FURY_SWIPES
390,CHIMCHAR,,17,FLAME_WHEEL
390,CHIMCHAR,,23,NASTY_PLOT
390,CHIMCHAR,,25,TORMENT
390,CHIMCHAR,,31,FACADE
390,CHIMCHAR,,33,FIRE_SPIN
390,CHIMCHAR,,39,ACROBATICS
390,CHIMCHAR,,41,SLACK_OFF
390,CHIMCHAR,,47,FLAMETHROWER
391,MONFERNO,,EVOLVE_MOVE,MACH_PUNCH
391,MONFERNO,,RELEARN_MOVE,NASTY_PLOT
391,MONFERNO,,RELEARN_MOVE,FACADE
391,MONFERNO,,RELEARN_MOVE,FLAMETHROWER
391,MONFERNO,,1,SCRATCH
391,MONFERNO,,1,LEER
391,MONFERNO,,1,EMBER
391,MONFERNO,,9,TAUNT
391,MONFERNO,,16,FURY_SWIPES
391,MONFERNO,,19,FLAME_WHEEL
391,MONFERNO,,26,FEINT
391,MONFERNO,,29,TORMENT
391,MONFERNO,,36,CLOSE_COMBAT
391,MONFERNO,,39,FIRE_SPIN
391,MONFERNO,,46,ACROBATICS
391,MONFERNO,,49,SLACK_OFF
391,MONFERNO,,56,FLARE_BLITZ
392,INFERNAPE,,EVOLVE_MOVE,CLOSE_COMBAT
392,INFERNAPE,,RELEARN_MOVE,TAUNT
392,INFERNAPE,,RELEARN_MOVE,NASTY_PLOT
392,INFERNAPE,,RELEARN_MOVE,FACADE
392,INFERNAPE,,RELEARN_MOVE,SLACK_OFF
392,INFERNAPE,,RELEARN_MOVE,FLAMETHROWER
392,INFERNAPE,,1,SCRATCH
392,INFERNAPE,,1,LEER
392,INFERNAPE,,1,EMBER
392,INFERNAPE,,1,MACH_PUNCH
392,INFERNAPE,,16,FURY_SWIPES
392,INFERNAPE,,19,FLAME_WHEEL
392,INFERNAPE,,26,FEINT
392,INFERNAPE,,29,TORMENT
392,INFERNAPE,,42,FIRE_SPIN
392,INFERNAPE,,47,FLARE_BLITZ
392,INFERNAPE,,52,ACROBATICS
392,INFERNAPE,,58,CALM_MIND
392,INFERNAPE,,65,RAGING_FURY
393,PIPLUP,,1,POUND
393,PIPLUP,,4,GROWL
393,PIPLUP,,5,WATER_GUN
393,PIPLUP,,11,CHARM
393,PIPLUP,,15,PECK
393,PIPLUP,,18,BUBBLE_BEAM
393,PIPLUP,,22,SWAGGER
393,PIPLUP,,25,FURY_ATTACK
393,PIPLUP,,29,BRINE
393,PIPLUP,,32,WHIRLPOOL
393,PIPLUP,,36,MIST
393,PIPLUP,,39,DRILL_PECK
393,PIPLUP,,43,HYDRO_PUMP
394,PRINPLUP,,EVOLVE_MOVE,METAL_CLAW
394,PRINPLUP,,1,TACKLE
394,PRINPLUP,,1,GROWL
394,PRINPLUP,,1,WATER_GUN
394,PRINPLUP,,1,CHARM
394,PRINPLUP,,15,PECK
394,PRINPLUP,,19,BUBBLE_BEAM
394,PRINPLUP,,24,SWAGGER
394,PRINPLUP,,28,FURY_ATTACK
394,PRINPLUP,,33,BRINE
394,PRINPLUP,,37,WHIRLPOOL
394,PRINPLUP,,42,MIST
394,PRINPLUP,,46,DRILL_PECK
394,PRINPLUP,,50,HYDRO_PUMP
395,EMPOLEON,,EVOLVE_MOVE,AQUA_JET
395,EMPOLEON,,1,TACKLE
395,EMPOLEON,,1,GROWL
395,EMPOLEON,,1,WATER_GUN
395,EMPOLEON,,1,CHARM
395,EMPOLEON,,1,METAL_CLAW
395,EMPOLEON,,11,SWORDS_DANCE
395,EMPOLEON,,15,PECK
395,EMPOLEON,,19,BUBBLE_BEAM
395,EMPOLEON,,24,SWAGGER
395,EMPOLEON,,28,FURY_ATTACK
395,EMPOLEON,,33,BRINE
395,EMPOLEON,,39,WHIRLPOOL
395,EMPOLEON,,46,MIST
395,EMPOLEON,,52,DRILL_PECK
395,EMPOLEON,,59,HYDRO_PUMP
395,EMPOLEON,,66,WAVE_CRASH
396,STARLY,,1,TACKLE
396,STARLY,,1,GROWL
396,STARLY,,5,QUICK_ATTACK
396,STARLY,,9,WING_ATTACK
396,STARLY,,13,DOUBLE_TEAM
396,STARLY,,17,ENDEAVOR
396,STARLY,,21,WHIRLWIND
396,STARLY,,25,AERIAL_ACE
396,STARLY,,29,TAKE_DOWN
396,STARLY,,33,AGILITY
396,STARLY,,37,BRAVE_BIRD
396,STARLY,,41,FINAL_GAMBIT
397,STARAVIA,,1,TACKLE
397,STARAVIA,,1,GROWL
397,STARAVIA,,1,QUICK_ATTACK
397,STARAVIA,,9,WING_ATTACK
397,STARAVIA,,13,DOUBLE_TEAM
397,STARAVIA,,18,ENDEAVOR
397,STARAVIA,,23,WHIRLWIND
397,STARAVIA,,28,AERIAL_ACE
397,STARAVIA,,33,TAKE_DOWN
397,STARAVIA,,38,AGILITY
397,STARAVIA,,43,BRAVE_BIRD
397,STARAVIA,,48,FINAL_GAMBIT
398,STARAPTOR,,EVOLVE_MOVE,CLOSE_COMBAT
398,STARAPTOR,,1,WING_ATTACK
398,STARAPTOR,,1,TACKLE
398,STARAPTOR,,1,GROWL
398,STARAPTOR,,1,QUICK_ATTACK
398,STARAPTOR,,13,DOUBLE_TEAM
398,STARAPTOR,,18,ENDEAVOR
398,STARAPTOR,,23,WHIRLWIND
398,STARAPTOR,,28,AERIAL_ACE
398,STARAPTOR,,33,TAKE_DOWN
398,STARAPTOR,,41,AGILITY
398,STARAPTOR,,49,BRAVE_BIRD
398,STARAPTOR,,57,FINAL_GAMBIT
399,BIDOOF,,1,TACKLE
399,BIDOOF,,1,GROWL
399,BIDOOF,,5,DEFENSE_CURL
399,BIDOOF,,9,ROLLOUT
399,BIDOOF,,13,HEADBUTT
399,BIDOOF,,17,HYPER_FANG
399,BIDOOF,,21,YAWN
399,BIDOOF,,25,CRUNCH
399,BIDOOF,,29,TAKE_DOWN
399,BIDOOF,,33,SUPER_FANG
399,BIDOOF,,37,SWORDS_DANCE
399,BIDOOF,,41,AMNESIA
399,BIDOOF,,45,SUPERPOWER
399,BIDOOF,,49,CURSE
400,BIBAREL,,EVOLVE_MOVE,WATER_GUN
400,BIBAREL,,1,TACKLE
400,BIBAREL,,1,GROWL
400,BIBAREL,,1,AQUA_JET
400,BIBAREL,,1,ROTOTILLER
400,BIBAREL,,5,DEFENSE_CURL
400,BIBAREL,,9,ROLLOUT
400,BIBAREL,,13,HEADBUTT
400,BIBAREL,,18,HYPER_FANG
400,BIBAREL,,23,YAWN
400,BIBAREL,,28,CRUNCH
400,BIBAREL,,33,TAKE_DOWN
400,BIBAREL,,38,SUPER_FANG
400,BIBAREL,,43,SWORDS_DANCE
400,BIBAREL,,48,AMNESIA
400,BIBAREL,,53,SUPERPOWER
400,BIBAREL,,58,CURSE
401,KRICKETOT,,1,TACKLE
401,KRICKETOT,,1,GROWL
401,KRICKETOT,,1,BIDE
401,KRICKETOT,,6,STRUGGLE_BUG
401,KRICKETOT,,16,BUG_BITE
402,KRICKETUNE,,EVOLVE_MOVE,FURY_CUTTER
402,KRICKETUNE,,1,TACKLE
402,KRICKETUNE,,1,GROWL
402,KRICKETUNE,,1,BIDE
402,KRICKETUNE,,1,STRUGGLE_BUG
402,KRICKETUNE,,1,BUG_BITE
402,KRICKETUNE,,14,ABSORB
402,KRICKETUNE,,18,SING
402,KRICKETUNE,,22,FOCUS_ENERGY
402,KRICKETUNE,,26,SLASH
402,KRICKETUNE,,30,X_SCISSOR
402,KRICKETUNE,,34,SCREECH
402,KRICKETUNE,,36,FELL_STINGER
402,KRICKETUNE,,38,TAUNT
402,KRICKETUNE,,42,NIGHT_SLASH
402,KRICKETUNE,,44,STICKY_WEB
402,KRICKETUNE,,46,BUG_BUZZ
402,KRICKETUNE,,50,PERISH_SONG
403,SHINX,,1,TACKLE
403,SHINX,,1,LEER
403,SHINX,,4,THUNDER_SHOCK
403,SHINX,,8,CHARGE
403,SHINX,,12,BITE
403,SHINX,,16,SPARK
403,SHINX,,20,ROAR
403,SHINX,,24,VOLT_SWITCH
403,SHINX,,28,SCARY_FACE
403,SHINX,,32,THUNDER_WAVE
403,SHINX,,36,CRUNCH
403,SHINX,,40,DISCHARGE
403,SHINX,,44,SWAGGER
403,SHINX,,48,WILD_CHARGE
404,LUXIO,,1,TACKLE
404,LUXIO,,1,LEER
404,LUXIO,,1,THUNDER_SHOCK
404,LUXIO,,1,CHARGE
404,LUXIO,,12,BITE
404,LUXIO,,18,SPARK
404,LUXIO,,24,ROAR
404,LUXIO,,31,VOLT_SWITCH
404,LUXIO,,36,SCARY_FACE
404,LUXIO,,42,THUNDER_WAVE
404,LUXIO,,48,CRUNCH
404,LUXIO,,54,DISCHARGE
404,LUXIO,,60,SWAGGER
404,LUXIO,,68,WILD_CHARGE
405,LUXRAY,,1,TACKLE
405,LUXRAY,,1,LEER
405,LUXRAY,,1,THUNDER_SHOCK
405,LUXRAY,,1,CHARGE
405,LUXRAY,,1,ELECTRIC_TERRAIN
405,LUXRAY,,12,BITE
405,LUXRAY,,18,SPARK
405,LUXRAY,,24,ROAR
405,LUXRAY,,33,VOLT_SWITCH
405,LUXRAY,,40,SCARY_FACE
405,LUXRAY,,48,THUNDER_WAVE
405,LUXRAY,,56,CRUNCH
405,LUXRAY,,64,DISCHARGE
405,LUXRAY,,72,SWAGGER
405,LUXRAY,,80,WILD_CHARGE
406,BUDEW,,1,ABSORB
406,BUDEW,,1,GROWTH
406,BUDEW,,1,STUN_SPORE
406,BUDEW,,1,WORRY_SEED
407,ROSERADE,,1,POISON_STING
407,ROSERADE,,1,ABSORB
407,ROSERADE,,1,MEGA_DRAIN
407,ROSERADE,,1,LEECH_SEED
407,ROSERADE,,1,GROWTH
407,ROSERADE,,1,STUN_SPORE
407,ROSERADE,,1,PETAL_DANCE
407,ROSERADE,,1,TOXIC
407,ROSERADE,,1,GIGA_DRAIN
407,ROSERADE,,1,SWEET_SCENT
407,ROSERADE,,1,SYNTHESIS
407,ROSERADE,,1,INGRAIN
407,ROSERADE,,1,AROMATHERAPY
407,ROSERADE,,1,MAGICAL_LEAF
407,ROSERADE,,1,WORRY_SEED
407,ROSERADE,,1,TOXIC_SPIKES
407,ROSERADE,,1,PETAL_BLIZZARD
407,ROSERADE,,1,GRASSY_TERRAIN
407,ROSERADE,,1,VENOM_DRENCH
408,CRANIDOS,,1,HEADBUTT
408,CRANIDOS,,1,LEER
408,CRANIDOS,,6,FOCUS_ENERGY
408,CRANIDOS,,10,PURSUIT
408,CRANIDOS,,15,TAKE_DOWN
408,CRANIDOS,,19,SCARY_FACE
408,CRANIDOS,,24,ASSURANCE
408,CRANIDOS,,28,CHIP_AWAY
408,CRANIDOS,,33,ANCIENT_POWER
408,CRANIDOS,,37,ZEN_HEADBUTT
408,CRANIDOS,,42,SCREECH
408,CRANIDOS,,46,HEAD_SMASH
409,RAMPARDOS,,EVOLVE_MOVE,ENDEAVOR
409,RAMPARDOS,,1,HEADBUTT
409,RAMPARDOS,,1,LEER
409,RAMPARDOS,,1,FOCUS_ENERGY
409,RAMPARDOS,,1,PURSUIT
409,RAMPARDOS,,15,TAKE_DOWN
409,RAMPARDOS,,19,SCARY_FACE
409,RAMPARDOS,,24,ASSURANCE
409,RAMPARDOS,,28,CHIP_AWAY
409,RAMPARDOS,,36,ANCIENT_POWER
409,RAMPARDOS,,43,ZEN_HEADBUTT
409,RAMPARDOS,,51,SCREECH
409,RAMPARDOS,,58,HEAD_SMASH
410,SHIELDON,,1,TACKLE
410,SHIELDON,,1,PROTECT
410,SHIELDON,,6,TAUNT
410,SHIELDON,,10,METAL_SOUND
410,SHIELDON,,15,TAKE_DOWN
410,SHIELDON,,19,IRON_DEFENSE
410,SHIELDON,,24,SWAGGER
410,SHIELDON,,28,ANCIENT_POWER
410,SHIELDON,,33,ENDURE
410,SHIELDON,,37,METAL_BURST
410,SHIELDON,,42,IRON_HEAD
410,SHIELDON,,46,HEAVY_SLAM
411,BASTIODON,,EVOLVE_MOVE,BLOCK
411,BASTIODON,,RELEARN_MOVE,WIDE_GUARD
411,BASTIODON,,1,TACKLE
411,BASTIODON,,1,PROTECT
411,BASTIODON,,1,TAUNT
411,BASTIODON,,1,METAL_SOUND
411,BASTIODON,,15,TAKE_DOWN
411,BASTIODON,,19,IRON_DEFENSE
411,BASTIODON,,24,SWAGGER
411,BASTIODON,,28,ANCIENT_POWER
411,BASTIODON,,36,ENDURE
411,BASTIODON,,43,METAL_BURST
411,BASTIODON,,51,IRON_HEAD
411,BASTIODON,,58,HEAVY_SLAM
412,BURMY,,1,PROTECT
412,BURMY,,1,STRUGGLE_BUG
412,BURMY,,10,TACKLE
412,BURMY,,15,BUG_BITE
412,BURMY,,20,STRING_SHOT
413,WORMADAM,,EVOLVE_MOVE,QUIVER_DANCE
413,WORMADAM,,1,TACKLE
413,WORMADAM,,1,PROTECT
413,WORMADAM,,1,SUCKER_PUNCH
413,WORMADAM,,1,BUG_BITE
413,WORMADAM,,1,STRUGGLE_BUG
413,WORMADAM,,10,TACKLE
413,WORMADAM,,20,STRING_SHOT
413,WORMADAM,,23,CONFUSION
413,WORMADAM,,32,PSYBEAM
413,WORMADAM,,35,INFESTATION
413,WORMADAM,,38,FLAIL
413,WORMADAM,,41,ATTRACT
413,WORMADAM,,44,PSYCHIC
413,WORMADAM,,50,BUG_BUZZ
413,WORMADAM,plant,26,RAZOR_LEAF
413,WORMADAM,plant,29,GROWTH
413,WORMADAM,plant,47,LEAF_STORM
413,WORMADAM,sandy,26,ROCK_BLAST
413,WORMADAM,sandy,29,HARDEN
413,WORMADAM,sandy,47,FISSURE
413,WORMADAM,trash,1,METAL_BURST
413,WORMADAM,trash,26,METAL_BURST
413,WORMADAM,trash,29,METAL_SOUND
413,WORMADAM,trash,47,IRON_HEAD
414,MOTHIM,,EVOLVE_MOVE,QUIVER_DANCE
414,MOTHIM,,1,STRUGGLE_BUG
414,MOTHIM,,1,TACKLE
414,MOTHIM,,1,PROTECT
414,MOTHIM,,1,BUG_BITE
414,MOTHIM,,10,PROTECT
414,MOTHIM,,15,BUG_BITE
414,MOTHIM,,20,STRING_SHOT
414,MOTHIM,,23,CONFUSION
414,MOTHIM,,26,GUST
414,MOTHIM,,29,POISON_POWDER
414,MOTHIM,,32,PSYBEAM
414,MOTHIM,,35,ROOST
414,MOTHIM,,38,STRUGGLE_BUG
414,MOTHIM,,41,AIR_SLASH
414,MOTHIM,,44,PSYCHIC
414,MOTHIM,,47,LUNGE
414,MOTHIM,,50,BUG_BUZZ
415,COMBEE,,1,GUST
415,COMBEE,,1,SWEET_SCENT
415,COMBEE,,1,BUG_BITE
415,COMBEE,,1,STRUGGLE_BUG
416,VESPIQUEN,,EVOLVE_MOVE,SLASH
416,VESPIQUEN,,1,GUST
416,VESPIQUEN,,1,POISON_STING
416,VESPIQUEN,,1,CONFUSE_RAY
416,VESPIQUEN,,1,SWEET_SCENT
416,VESPIQUEN,,1,BUG_BITE
416,VESPIQUEN,,1,STRUGGLE_BUG
416,VESPIQUEN,,4,FURY_CUTTER
416,VESPIQUEN,,8,AROMATIC_MIST
416,VESPIQUEN,,12,FELL_STINGER
416,VESPIQUEN,,16,FURY_SWIPES
416,VESPIQUEN,,20,SWAGGER
416,VESPIQUEN,,24,ROOST
416,VESPIQUEN,,28,AIR_SLASH
416,VESPIQUEN,,32,POWER_GEM
416,VESPIQUEN,,36,TOXIC
416,VESPIQUEN,,40,ATTACK_ORDER
416,VESPIQUEN,,40,DEFEND_ORDER
416,VESPIQUEN,,40,HEAL_ORDER
416,VESPIQUEN,,44,DESTINY_BOND
417,PACHIRISU,,1,GROWL
417,PACHIRISU,,1,THUNDER_SHOCK
417,PACHIRISU,,1,BIDE
417,PACHIRISU,,5,QUICK_ATTACK
417,PACHIRISU,,9,CHARM
417,PACHIRISU,,13,SPARK
417,PACHIRISU,,17,ENDURE
417,PACHIRISU,,19,NUZZLE
417,PACHIRISU,,21,SWIFT
417,PACHIRISU,,25,ELECTRO_BALL
417,PACHIRISU,,29,SWEET_KISS
417,PACHIRISU,,33,THUNDER_WAVE
417,PACHIRISU,,37,SUPER_FANG
417,PACHIRISU,,41,DISCHARGE
417,PACHIRISU,,45,LAST_RESORT
417,PACHIRISU,,49,THUNDER
418,BUIZEL,,1,TACKLE
418,BUIZEL,,4,GROWL
418,BUIZEL,,7,SOAK
418,BUIZEL,,11,QUICK_ATTACK
418,BUIZEL,,15,WATER_GUN
418,BUIZEL,,18,BITE
418,BUIZEL,,21,SWIFT
418,BUIZEL,,24,AQUA_JET
418,BUIZEL,,27,DOUBLE_HIT
418,BUIZEL,,31,WHIRLPOOL
418,BUIZEL,,35,LIQUIDATION
418,BUIZEL,,38,AQUA_TAIL
418,BUIZEL,,41,AGILITY
418,BUIZEL,,45,HYDRO_PUMP
418,BUIZEL,,49,WAVE_CRASH
419,FLOATZEL,,1,TACKLE
419,FLOATZEL,,1,GROWL
419,FLOATZEL,,1,QUICK_ATTACK
419,FLOATZEL,,1,CRUNCH
419,FLOATZEL,,1,ICE_FANG
419,FLOATZEL,,1,SOAK
419,FLOATZEL,,15,WATER_GUN
419,FLOATZEL,,18,BITE
419,FLOATZEL,,21,SWIFT
419,FLOATZEL,,24,AQUA_JET
419,FLOATZEL,,29,DOUBLE_HIT
419,FLOATZEL,,35,WHIRLPOOL
419,FLOATZEL,,41,LIQUIDATION
419,FLOATZEL,,46,AQUA_TAIL
419,FLOATZEL,,51,AGILITY
419,FLOATZEL,,57,HYDRO_PUMP
419,FLOATZEL,,62,WAVE_CRASH
420,CHERUBI,,1,TACKLE
420,CHERUBI,,1,MORNING_SUN
420,CHERUBI,,5,LEAFAGE
420,CHERUBI,,10,GROWTH
420,CHERUBI,,15,HELPING_HAND
420,CHERUBI,,20,MAGICAL_LEAF
420,CHERUBI,,26,LEECH_SEED
420,CHERUBI,,30,TAKE_DOWN
420,CHERUBI,,35,PETAL_BLIZZARD
420,CHERUBI,,40,WORRY_SEED
420,CHERUBI,,45,SOLAR_BEAM
421,CHERRIM,,EVOLVE_MOVE,SUNNY_DAY
421,CHERRIM,,1,TACKLE
421,CHERRIM,,1,GROWTH
421,CHERRIM,,1,MORNING_SUN
421,CHERRIM,,1,FLOWER_SHIELD
421,CHERRIM,,1,LEAFAGE
421,CHERRIM,,15,HELPING_HAND
421,CHERRIM,,20,MAGICAL_LEAF
421,CHERRIM,,28,LEECH_SEED
421,CHERRIM,,34,TAKE_DOWN
421,CHERRIM,,41,PETAL_BLIZZARD
421,CHERRIM,,48,WORRY_SEED
421,CHERRIM,,55,SOLAR_BEAM
421,CHERRIM,,62,PETAL_DANCE
422,SHELLOS,,1,WATER_GUN
422,SHELLOS,,1,MUD_SLAP
422,SHELLOS,,5,HARDEN
422,SHELLOS,,10,RECOVER
422,SHELLOS,,15,WATER_PULSE
422,SHELLOS,,20,ANCIENT_POWER
422,SHELLOS,,25,BODY_SLAM
422,SHELLOS,,31,MUDDY_WATER
422,SHELLOS,,35,EARTH_POWER
422,SHELLOS,,40,RAIN_DANCE
422,SHELLOS,,45,MEMENTO
423,GASTRODON,,1,WATER_GUN
423,GASTRODON,,1,RECOVER
423,GASTRODON,,1,HARDEN
423,GASTRODON,,1,MUD_SLAP
423,GASTRODON,,1,MUD_SPORT
423,GASTRODON,,15,WATER_PULSE
423,GASTRODON,,20,ANCIENT_POWER
423,GASTRODON,,25,BODY_SLAM
423,GASTRODON,,33,MUDDY_WATER
423,GASTRODON,,39,EARTH_POWER
423,GASTRODON,,46,RAIN_DANCE
423,GASTRODON,,53,MEMENTO
424,AMBIPOM,,1,SCRATCH
424,AMBIPOM,,1,SAND_ATTACK
424,AMBIPOM,,1,TAIL_WHIP
424,AMBIPOM,,1,ASTONISH
424,AMBIPOM,,11,BATON_PASS
424,AMBIPOM,,15,TICKLE
424,AMBIPOM,,18,FURY_SWIPES
424,AMBIPOM,,22,SWIFT
424,AMBIPOM,,25,SCREECH
424,AMBIPOM,,29,AGILITY
424,AMBIPOM,,32,DOUBLE_HIT
424,AMBIPOM,,36,FLING
424,AMBIPOM,,39,NASTY_PLOT
424,AMBIPOM,,43,LAST_RESORT
425,DRIFLOON,,1,MINIMIZE
425,DRIFLOON,,1,ASTONISH
425,DRIFLOON,,1,CONSTRICT
425,DRIFLOON,,4,GUST
425,DRIFLOON,,8,FOCUS_ENERGY
425,DRIFLOON,,12,PAYBACK
425,DRIFLOON,,16,HEX
425,DRIFLOON,,20,SHADOW_BALL
425,DRIFLOON,,24,STOCKPILE
425,DRIFLOON,,24,SPIT_UP
425,DRIFLOON,,24,SWALLOW
425,DRIFLOON,,29,SELF_DESTRUCT
425,DRIFLOON,,32,DESTINY_BOND
425,DRIFLOON,,36,BATON_PASS
425,DRIFLOON,,40,TAILWIND
425,DRIFLOON,,44,EXPLOSION
426,DRIFBLIM,,EVOLVE_MOVE,PHANTOM_FORCE
426,DRIFBLIM,,1,GUST
426,DRIFBLIM,,1,MINIMIZE
426,DRIFBLIM,,1,FOCUS_ENERGY
426,DRIFBLIM,,1,ASTONISH
426,DRIFBLIM,,1,CONSTRICT
426,DRIFBLIM,,1,STRENGTH_SAP
426,DRIFBLIM,,12,PAYBACK
426,DRIFBLIM,,16,HEX
426,DRIFBLIM,,20,SHADOW_BALL
426,DRIFBLIM,,24,STOCKPILE
426,DRIFBLIM,,24,SPIT_UP
426,DRIFBLIM,,24,SWALLOW
426,DRIFBLIM,,31,SELF_DESTRUCT
426,DRIFBLIM,,36,DESTINY_BOND
426,DRIFBLIM,,42,BATON_PASS
426,DRIFBLIM,,48,TAILWIND
426,DRIFBLIM,,54,EXPLOSION
427,BUNEARY,,1,FRUSTRATION
427,BUNEARY,,1,POUND
427,BUNEARY,,1,SPLASH
427,BUNEARY,,4,DEFENSE_CURL
427,BUNEARY,,8,BABY_DOLL_EYES
427,BUNEARY,,12,AFTER_YOU
427,BUNEARY,,16,QUICK_ATTACK
427,BUNEARY,,20,DOUBLE_KICK
427,BUNEARY,,24,CHARM
427,BUNEARY,,28,BATON_PASS
427,BUNEARY,,32,HEADBUTT
427,BUNEARY,,36,AGILITY
427,BUNEARY,,40,ENTRAINMENT
427,BUNEARY,,44,FLATTER
427,BUNEARY,,48,BOUNCE
427,BUNEARY,,52,HEALING_WISH
428,LOPUNNY,,EVOLVE_MOVE,RETURN
428,LOPUNNY,,1,FRUSTRATION
428,LOPUNNY,,1,POUND
428,LOPUNNY,,1,DEFENSE_CURL
428,LOPUNNY,,1,SPLASH
428,LOPUNNY,,1,MIRROR_COAT
428,LOPUNNY,,1,MAGIC_COAT
428,LOPUNNY,,1,BABY_DOLL_EYES
428,LOPUNNY,,1,ROTOTILLER
428,LOPUNNY,,12,AFTER_YOU
428,LOPUNNY,,16,QUICK_ATTACK
428,LOPUNNY,,20,DOUBLE_KICK
428,LOPUNNY,,24,CHARM
428,LOPUNNY,,28,BATON_PASS
428,LOPUNNY,,32,HEADBUTT
428,LOPUNNY,,36,AGILITY
428,LOPUNNY,,40,ENTRAINMENT
428,LOPUNNY,,44,FLATTER
428,LOPUNNY,,48,BOUNCE
428,LOPUNNY,,52,HEALING_WISH
428,LOPUNNY,,56,HIGH_JUMP_KICK
429,MISMAGIUS,,RELEARN_MOVE,CONFUSION
429,MISMAGIUS,,RELEARN_MOVE,CONFUSE_RAY
429,MISMAGIUS,,RELEARN_MOVE,MEAN_LOOK
429,MISMAGIUS,,RELEARN_MOVE,HEX
429,MISMAGIUS,,RELEARN_MOVE,PSYBEAM
429,MISMAGIUS,,RELEARN_MOVE,PAIN_SPLIT
429,MISMAGIUS,,RELEARN_MOVE,PAYBACK
429,MISMAGIUS,,RELEARN_MOVE,SHADOW_BALL
429,MISMAGIUS,,RELEARN_MOVE,PERISH_SONG
429,MISMAGIUS,,1,GROWL
429,MISMAGIUS,,1,SPITE
429,MISMAGIUS,,1,PSYWAVE
429,MISMAGIUS,,1,LUCKY_CHANT
429,MISMAGIUS,,1,ASTONISH
429,MISMAGIUS,,1,MAGICAL_LEAF
429,MISMAGIUS,,1,POWER_GEM
429,MISMAGIUS,,1,PHANTOM_FORCE
429,MISMAGIUS,,1,MYSTICAL_FIRE
430,HONCHKROW,,1,PECK
430,HONCHKROW,,1,ASTONISH
430,HONCHKROW,,1,GUST
430,HONCHKROW,,1,HAZE
430,HONCHKROW,,1,WING_ATTACK
430,HONCHKROW,,1,NIGHT_SHADE
430,HONCHKROW,,1,ASSURANCE
430,HONCHKROW,,1,TAUNT
430,HONCHKROW,,1,MEAN_LOOK
430,HONCHKROW,,1,SUCKER_PUNCH
430,HONCHKROW,,1,NIGHT_SLASH
430,HONCHKROW,,1,TORMENT
430,HONCHKROW,,1,QUASH
430,HONCHKROW,,1,PURSUIT
430,HONCHKROW,,25,SWAGGER
430,HONCHKROW,,35,NASTY_PLOT
430,HONCHKROW,,45,FOUL_PLAY
430,HONCHKROW,,55,DARK_PULSE
430,HONCHKROW,,65,COMEUPPANCE
431,GLAMEOW,,1,FAKE_OUT
431,GLAMEOW,,5,SCRATCH
431,GLAMEOW,,8,GROWL
431,GLAMEOW,,13,HYPNOSIS
431,GLAMEOW,,17,AERIAL_ACE
431,GLAMEOW,,20,FURY_SWIPES
431,GLAMEOW,,25,CHARM
431,GLAMEOW,,29,TAUNT
431,GLAMEOW,,32,RETALIATE
431,GLAMEOW,,37,SLASH
431,GLAMEOW,,41,SUCKER_PUNCH
431,GLAMEOW,,44,ATTRACT
431,GLAMEOW,,48,HONE_CLAWS
431,GLAMEOW,,50,PLAY_ROUGH
432,PURUGLY,,EVOLVE_MOVE,SWAGGER
432,PURUGLY,,1,SCRATCH
432,PURUGLY,,1,PLAY_ROUGH
432,PURUGLY,,1,SUCKER_PUNCH
432,PURUGLY,,1,GROWL
432,PURUGLY,,1,FAKE_OUT
432,PURUGLY,,13,HYPNOSIS
432,PURUGLY,,17,AERIAL_ACE
432,PURUGLY,,20,FURY_SWIPES
432,PURUGLY,,25,CHARM
432,PURUGLY,,29,TAUNT
432,PURUGLY,,32,RETALIATE
432,PURUGLY,,37,SLASH
432,PURUGLY,,45,BODY_SLAM
432,PURUGLY,,52,ATTRACT
432,PURUGLY,,60,HONE_CLAWS
433,CHINGLING,,1,WRAP
433,CHINGLING,,1,PSYWAVE
433,CHINGLING,,4,GROWL
433,CHINGLING,,7,ASTONISH
433,CHINGLING,,10,CONFUSION
433,CHINGLING,,13,YAWN
433,CHINGLING,,16,LAST_RESORT
433,CHINGLING,,19,ENTRAINMENT
433,CHINGLING,,32,UPROAR
434,STUNKY,,1,SCRATCH
434,STUNKY,,1,POISON_GAS
434,STUNKY,,3,FEINT
434,STUNKY,,6,SMOKESCREEN
434,STUNKY,,9,ACID_SPRAY
434,STUNKY,,12,FURY_SWIPES
434,STUNKY,,15,FOCUS_ENERGY
434,STUNKY,,18,BITE
434,STUNKY,,21,VENOSHOCK
434,STUNKY,,24,SCREECH
434,STUNKY,,27,TOXIC
434,STUNKY,,30,SUCKER_PUNCH
434,STUNKY,,33,MEMENTO
434,STUNKY,,36,NIGHT_SLASH
434,STUNKY,,39,BELCH
434,STUNKY,,42,EXPLOSION
435,SKUNTANK,,EVOLVE_MOVE,FLAMETHROWER
435,SKUNTANK,,1,SCRATCH
435,SKUNTANK,,1,SMOKESCREEN
435,SKUNTANK,,1,POISON_GAS
435,SKUNTANK,,1,FEINT
435,SKUNTANK,,1,ACID_SPRAY
435,SKUNTANK,,12,FURY_SWIPES
435,SKUNTANK,,15,FOCUS_ENERGY
435,SKUNTANK,,18,BITE
435,SKUNTANK,,21,VENOSHOCK
435,SKUNTANK,,24,SCREECH
435,SKUNTANK,,27,TOXIC
435,SKUNTANK,,30,SUCKER_PUNCH
435,SKUNTANK,,33,MEMENTO
435,SKUNTANK,,38,NIGHT_SLASH
435,SKUNTANK,,43,BELCH
435,SKUNTANK,,48,EXPLOSION
436,BRONZOR,,1,TACKLE
436,BRONZOR,,1,CONFUSION
436,BRONZOR,,4,CONFUSE_RAY
436,BRONZOR,,8,PAYBACK
436,BRONZOR,,12,IMPRISON
436,BRONZOR,,16,GYRO_BALL
436,BRONZOR,,20,HYPNOSIS
436,BRONZOR,,24,SAFEGUARD
436,BRONZOR,,28,EXTRASENSORY
436,BRONZOR,,32,HEAVY_SLAM
436,BRONZOR,,36,IRON_DEFENSE
436,BRONZOR,,40,METAL_SOUND
436,BRONZOR,,44,FUTURE_SIGHT
436,BRONZOR,,45,HEAL_BLOCK
437,BRONZONG,,EVOLVE_MOVE,BLOCK
437,BRONZONG,,1,TACKLE
437,BRONZONG,,1,CONFUSION
437,BRONZONG,,1,CONFUSE_RAY
437,BRONZONG,,1,SUNNY_DAY
437,BRONZONG,,1,WEATHER_BALL
437,BRONZONG,,1,PAYBACK
437,BRONZONG,,12,IMPRISON
437,BRONZONG,,16,GYRO_BALL
437,BRONZONG,,20,HYPNOSIS
437,BRONZONG,,24,SAFEGUARD
437,BRONZONG,,28,EXTRASENSORY
437,BRONZONG,,32,HEAVY_SLAM
437,BRONZONG,,38,IRON_DEFENSE
437,BRONZONG,,44,METAL_SOUND
437,BRONZONG,,50,FUTURE_SIGHT
437,BRONZONG,,52,HEAL_BLOCK
437,BRONZONG,,56,RAIN_DANCE
438,BONSLY,,1,FAKE_TEARS
438,BONSLY,,1,COPYCAT
438,BONSLY,,1,TACKLE
438,BONSLY,,4,FLAIL
438,BONSLY,,8,ROCK_THROW
438,BONSLY,,12,BLOCK
438,BONSLY,,16,MIMIC
438,BONSLY,,20,ROCK_TOMB
438,BONSLY,,24,TEARFUL_LOOK
438,BONSLY,,28,SUCKER_PUNCH
438,BONSLY,,32,ROCK_SLIDE
438,BONSLY,,36,LOW_KICK
438,BONSLY,,40,COUNTER
438,BONSLY,,44,DOUBLE_EDGE
439,MIME_JR,,1,POUND
439,MIME_JR,,1,COPYCAT
439,MIME_JR,,1,BARRIER
439,MIME_JR,,1,TICKLE
439,MIME_JR,,4,BATON_PASS
439,MIME_JR,,8,ENCORE
439,MIME_JR,,12,CONFUSION
439,MIME_JR,,16,MIMIC
439,MIME_JR,,20,PROTECT
439,MIME_JR,,24,RECYCLE
439,MIME_JR,,28,PSYBEAM
439,MIME_JR,,32,ROLE_PLAY
439,MIME_JR,,36,LIGHT_SCREEN
439,MIME_JR,,36,REFLECT
439,MIME_JR,,36,SAFEGUARD
439,MIME_JR,,40,SUCKER_PUNCH
439,MIME_JR,,44,DAZZLING_GLEAM
439,MIME_JR,,48,PSYCHIC
439,MIME_JR,,52,TEETER_DANCE
440,HAPPINY,,1,POUND
440,HAPPINY,,1,COPYCAT
440,HAPPINY,,4,DEFENSE_CURL
440,HAPPINY,,8,SWEET_KISS
440,HAPPINY,,12,DISARMING_VOICE
440,HAPPINY,,16,COVET
440,HAPPINY,,20,CHARM
441,CHATOT,,1,PECK
441,CHATOT,,1,TAUNT
441,CHATOT,,1,HYPER_VOICE
441,CHATOT,,1,CHATTER
441,CHATOT,,1,CONFIDE
441,CHATOT,,5,GROWL
441,CHATOT,,9,MIRROR_MOVE
441,CHATOT,,13,SING
441,CHATOT,,17,FURY_ATTACK
441,CHATOT,,29,ROUND
441,CHATOT,,33,MIMIC
441,CHATOT,,37,ECHOED_VOICE
441,CHATOT,,41,ROOST
441,CHATOT,,45,UPROAR
441,CHATOT,,49,SYNCHRONOISE
441,CHATOT,,50,FEATHER_DANCE
442,SPIRITOMB,,1,NIGHT_SHADE
442,SPIRITOMB,,1,CONFUSE_RAY
442,SPIRITOMB,,1,PURSUIT
442,SPIRITOMB,,5,SHADOW_SNEAK
442,SPIRITOMB,,10,SPITE
442,SPIRITOMB,,15,PAYBACK
442,SPIRITOMB,,20,NASTY_PLOT
442,SPIRITOMB,,25,HEX
442,SPIRITOMB,,30,MEMENTO
442,SPIRITOMB,,35,SUCKER_PUNCH
442,SPIRITOMB,,40,CURSE
442,SPIRITOMB,,45,SHADOW_BALL
442,SPIRITOMB,,50,DARK_PULSE
442,SPIRITOMB,,55,HYPNOSIS
442,SPIRITOMB,,60,DREAM_EATER
443,GIBLE,,1,TACKLE
443,GIBLE,,1,SAND_TOMB
443,GIBLE,,6,SAND_ATTACK
443,GIBLE,,12,DRAGON_BREATH
443,GIBLE,,18,BULLDOZE
443,GIBLE,,25,BITE
443,GIBLE,,30,SLASH
443,GIBLE,,36,DRAGON_CLAW
443,GIBLE,,42,DIG
443,GIBLE,,48,SANDSTORM
443,GIBLE,,54,TAKE_DOWN
443,GIBLE,,60,DRAGON_RUSH
444,GABITE,,1,SAND_ATTACK
444,GABITE,,1,TACKLE
444,GABITE,,1,DRAGON_BREATH
444,GABITE,,1,SAND_TOMB
444,GABITE,,1,DUAL_CHOP
444,GABITE,,18,BULLDOZE
444,GABITE,,27,BITE
444,GABITE,,34,SLASH
444,GABITE,,42,DRAGON_CLAW
444,GABITE,,50,DIG
444,GABITE,,58,SANDSTORM
444,GABITE,,66,TAKE_DOWN
444,GABITE,,74,DRAGON_RUSH
445,GARCHOMP,,EVOLVE_MOVE,CRUNCH
445,GARCHOMP,,1,SAND_ATTACK
445,GARCHOMP,,1,TACKLE
445,GARCHOMP,,1,DRAGON_BREATH
445,GARCHOMP,,1,SAND_TOMB
445,GARCHOMP,,1,DUAL_CHOP
445,GARCHOMP,,18,BULLDOZE
445,GARCHOMP,,27,BITE
445,GARCHOMP,,34,SLASH
445,GARCHOMP,,42,DRAGON_CLAW
445,GARCHOMP,,52,DIG
445,GARCHOMP,,62,SANDSTORM
445,GARCHOMP,,72,TAKE_DOWN
445,GARCHOMP,,82,DRAGON_RUSH
446,MUNCHLAX,,1,TACKLE
446,MUNCHLAX,,1,LICK
446,MUNCHLAX,,1,ODOR_SLEUTH
446,MUNCHLAX,,4,DEFENSE_CURL
446,MUNCHLAX,,8,RECYCLE
446,MUNCHLAX,,12,COVET
446,MUNCHLAX,,16,BITE
446,MUNCHLAX,,20,STOCKPILE
446,MUNCHLAX,,20,SWALLOW
446,MUNCHLAX,,24,SCREECH
446,MUNCHLAX,,28,BODY_SLAM
446,MUNCHLAX,,32,FLING
446,MUNCHLAX,,36,AMNESIA
446,MUNCHLAX,,40,METRONOME
446,MUNCHLAX,,44,FLAIL
446,MUNCHLAX,,48,BELLY_DRUM
446,MUNCHLAX,,52,LAST_RESORT
447,RIOLU,,1,QUICK_ATTACK
447,RIOLU,,1,ENDURE
447,RIOLU,,4,FEINT
447,RIOLU,,8,METAL_CLAW
447,RIOLU,,12,COUNTER
447,RIOLU,,16,WORK_UP
447,RIOLU,,20,ROCK_SMASH
447,RIOLU,,24,VACUUM_WAVE
447,RIOLU,,28,SCREECH
447,RIOLU,,32,QUICK_GUARD
447,RIOLU,,36,FORCE_PALM
447,RIOLU,,40,SWORDS_DANCE
447,RIOLU,,44,HELPING_HAND
447,RIOLU,,48,COPYCAT
447,RIOLU,,52,FINAL_GAMBIT
447,RIOLU,,56,REVERSAL
448,LUCARIO,,EVOLVE_MOVE,AURA_SPHERE
448,LUCARIO,,1,QUICK_ATTACK
448,LUCARIO,,1,ENDURE
448,LUCARIO,,1,SCREECH
448,LUCARIO,,1,REVERSAL
448,LUCARIO,,1,DETECT
448,LUCARIO,,1,METAL_CLAW
448,LUCARIO,,1,ROCK_SMASH
448,LUCARIO,,1,HELPING_HAND
448,LUCARIO,,1,FEINT
448,LUCARIO,,1,COPYCAT
448,LUCARIO,,1,VACUUM_WAVE
448,LUCARIO,,1,FINAL_GAMBIT
448,LUCARIO,,1,LIFE_DEW
448,LUCARIO,,12,COUNTER
448,LUCARIO,,16,WORK_UP
448,LUCARIO,,20,FORCE_PALM
448,LUCARIO,,24,CALM_MIND
448,LUCARIO,,28,METAL_SOUND
448,LUCARIO,,32,QUICK_GUARD
448,LUCARIO,,36,BONE_RUSH
448,LUCARIO,,40,SWORDS_DANCE
448,LUCARIO,,44,HEAL_PULSE
448,LUCARIO,,48,METEOR_MASH
448,LUCARIO,,52,DRAGON_PULSE
448,LUCARIO,,56,EXTREME_SPEED
448,LUCARIO,,60,CLOSE_COMBAT
449,HIPPOPOTAS,,1,SAND_ATTACK
449,HIPPOPOTAS,,1,TACKLE
449,HIPPOPOTAS,,4,BITE
449,HIPPOPOTAS,,8,YAWN
449,HIPPOPOTAS,,12,SAND_TOMB
449,HIPPOPOTAS,,16,DIG
449,HIPPOPOTAS,,20,CRUNCH
449,HIPPOPOTAS,,24,SANDSTORM
449,HIPPOPOTAS,,28,TAKE_DOWN
449,HIPPOPOTAS,,32,ROAR
449,HIPPOPOTAS,,36,REST
449,HIPPOPOTAS,,40,EARTHQUAKE
449,HIPPOPOTAS,,44,DOUBLE_EDGE
449,HIPPOPOTAS,,48,FISSURE
449,HIPPOPOTAS,,52,SLACK_OFF
450,HIPPOWDON,,1,SAND_ATTACK
450,HIPPOWDON,,1,TACKLE
450,HIPPOWDON,,1,BITE
450,HIPPOWDON,,1,YAWN
450,HIPPOWDON,,1,THUNDER_FANG
450,HIPPOWDON,,1,ICE_FANG
450,HIPPOWDON,,1,FIRE_FANG
450,HIPPOWDON,,12,SAND_TOMB
450,HIPPOWDON,,16,DIG
450,HIPPOWDON,,20,CRUNCH
450,HIPPOWDON,,24,SANDSTORM
450,HIPPOWDON,,28,TAKE_DOWN
450,HIPPOWDON,,32,ROAR
450,HIPPOWDON,,38,REST
450,HIPPOWDON,,44,EARTHQUAKE
450,HIPPOWDON,,50,DOUBLE_EDGE
450,HIPPOWDON,,56,FISSURE
450,HIPPOWDON,,62,SLACK_OFF
451,SKORUPI,,1,POISON_STING
451,SKORUPI,,1,LEER
451,SKORUPI,,3,HONE_CLAWS
451,SKORUPI,,6,FELL_STINGER
451,SKORUPI,,9,POISON_FANG
451,SKORUPI,,12,BITE
451,SKORUPI,,15,TOXIC_SPIKES
451,SKORUPI,,18,BUG_BITE
451,SKORUPI,,21,VENOSHOCK
451,SKORUPI,,24,KNOCK_OFF
451,SKORUPI,,27,SCARY_FACE
451,SKORUPI,,30,PIN_MISSILE
451,SKORUPI,,33,TOXIC
451,SKORUPI,,36,NIGHT_SLASH
451,SKORUPI,,39,CROSS_POISON
451,SKORUPI,,42,X_SCISSOR
451,SKORUPI,,45,ACUPRESSURE
451,SKORUPI,,48,CRUNCH
452,DRAPION,,1,POISON_STING
452,DRAPION,,1,LEER
452,DRAPION,,1,THUNDER_FANG
452,DRAPION,,1,ICE_FANG
452,DRAPION,,1,FIRE_FANG
452,DRAPION,,1,HONE_CLAWS
452,DRAPION,,1,FELL_STINGER
452,DRAPION,,9,POISON_FANG
452,DRAPION,,12,BITE
452,DRAPION,,15,TOXIC_SPIKES
452,DRAPION,,18,BUG_BITE
452,DRAPION,,21,VENOSHOCK
452,DRAPION,,24,KNOCK_OFF
452,DRAPION,,27,SCARY_FACE
452,DRAPION,,30,PIN_MISSILE
452,DRAPION,,33,TOXIC
452,DRAPION,,36,NIGHT_SLASH
452,DRAPION,,39,CROSS_POISON
452,DRAPION,,44,X_SCISSOR
452,DRAPION,,49,ACUPRESSURE
452,DRAPION,,54,CRUNCH
453,CROAGUNK,,1,POISON_STING
453,CROAGUNK,,1,MUD_SLAP
453,CROAGUNK,,4,ASTONISH
453,CROAGUNK,,8,TAUNT
453,CROAGUNK,,12,FLATTER
453,CROAGUNK,,16,LOW_KICK
453,CROAGUNK,,20,VENOSHOCK
453,CROAGUNK,,24,SUCKER_PUNCH
453,CROAGUNK,,28,SWAGGER
453,CROAGUNK,,32,POISON_JAB
453,CROAGUNK,,36,TOXIC
453,CROAGUNK,,40,NASTY_PLOT
453,CROAGUNK,,44,SLUDGE_BOMB
453,CROAGUNK,,48,BELCH
454,TOXICROAK,,1,POISON_STING
454,TOXICROAK,,1,MUD_SLAP
454,TOXICROAK,,1,TAUNT
454,TOXICROAK,,1,ASTONISH
454,TOXICROAK,,12,FLATTER
454,TOXICROAK,,16,LOW_KICK
454,TOXICROAK,,20,VENOSHOCK
454,TOXICROAK,,24,SUCKER_PUNCH
454,TOXICROAK,,28,SWAGGER
454,TOXICROAK,,32,POISON_JAB
454,TOXICROAK,,36,TOXIC
454,TOXICROAK,,42,NASTY_PLOT
454,TOXICROAK,,48,SLUDGE_BOMB
454,TOXICROAK,,54,BELCH
455,CARNIVINE,,1,BIND
455,CARNIVINE,,1,GROWTH
455,CARNIVINE,,1,LEAFAGE
455,CARNIVINE,,7,BITE
455,CARNIVINE,,11,VINE_WHIP
455,CARNIVINE,,17,SWEET_SCENT
455,CARNIVINE,,21,INGRAIN
455,CARNIVINE,,27,GRASS_KNOT
455,CARNIVINE,,31,LEAF_TORNADO
455,CARNIVINE,,37,STOCKPILE
455,CARNIVINE,,37,SPIT_UP
455,CARNIVINE,,37,SWALLOW
455,CARNIVINE,,41,CRUNCH
455,CARNIVINE,,47,SEED_BOMB
455,CARNIVINE,,50,POWER_WHIP
456,FINNEON,,1,POUND
456,FINNEON,,6,WATER_GUN
456,FINNEON,,13,RAIN_DANCE
456,FINNEON,,17,GUST
456,FINNEON,,22,WATER_PULSE
456,FINNEON,,26,ATTRACT
456,FINNEON,,29,SAFEGUARD
456,FINNEON,,33,AQUA_RING
456,FINNEON,,38,WHIRLPOOL
456,FINNEON,,42,U_TURN
456,FINNEON,,45,BOUNCE
456,FINNEON,,49,TAILWIND
456,FINNEON,,54,SOAK
457,LUMINEON,,1,POUND
457,LUMINEON,,1,GUST
457,LUMINEON,,1,WATER_GUN
457,LUMINEON,,1,SOAK
457,LUMINEON,,13,RAIN_DANCE
457,LUMINEON,,22,WATER_PULSE
457,LUMINEON,,26,ATTRACT
457,LUMINEON,,29,SAFEGUARD
457,LUMINEON,,35,AQUA_RING
457,LUMINEON,,42,WHIRLPOOL
457,LUMINEON,,48,U_TURN
457,LUMINEON,,53,BOUNCE
457,LUMINEON,,59,TAILWIND
458,MANTYKE,,1,TACKLE
458,MANTYKE,,1,WATER_GUN
458,MANTYKE,,4,SUPERSONIC
458,MANTYKE,,8,WING_ATTACK
458,MANTYKE,,12,WATER_PULSE
458,MANTYKE,,16,WIDE_GUARD
458,MANTYKE,,20,AGILITY
458,MANTYKE,,24,BUBBLE_BEAM
458,MANTYKE,,28,HEADBUTT
458,MANTYKE,,32,AIR_SLASH
458,MANTYKE,,36,AQUA_RING
458,MANTYKE,,40,BOUNCE
458,MANTYKE,,44,TAKE_DOWN
458,MANTYKE,,48,HYDRO_PUMP
459,SNOVER,,1,LEER
459,SNOVER,,1,POWDER_SNOW
459,SNOVER,,5,LEAFAGE
459,SNOVER,,10,MIST
459,SNOVER,,15,ICE_SHARD
459,SNOVER,,20,RAZOR_LEAF
459,SNOVER,,25,ICY_WIND
459,SNOVER,,30,SWAGGER
459,SNOVER,,35,INGRAIN
459,SNOVER,,41,WOOD_HAMMER
459,SNOVER,,45,BLIZZARD
459,SNOVER,,50,SHEER_COLD
460,ABOMASNOW,,EVOLVE_MOVE,ICE_PUNCH
460,ABOMASNOW,,1,LEER
460,ABOMASNOW,,1,MIST
460,ABOMASNOW,,1,POWDER_SNOW
460,ABOMASNOW,,1,LEAFAGE
460,ABOMASNOW,,1,AURORA_VEIL
460,ABOMASNOW,,15,ICE_SHARD
460,ABOMASNOW,,20,RAZOR_LEAF
460,ABOMASNOW,,25,ICY_WIND
460,ABOMASNOW,,30,SWAGGER
460,ABOMASNOW,,35,INGRAIN
460,ABOMASNOW,,43,WOOD_HAMMER
460,ABOMASNOW,,49,BLIZZARD
460,ABOMASNOW,,56,SHEER_COLD
461,WEAVILE,,1,SCRATCH
461,WEAVILE,,1,LEER
461,WEAVILE,,1,AGILITY
461,WEAVILE,,1,QUICK_ATTACK
461,WEAVILE,,1,SLASH
461,WEAVILE,,1,BEAT_UP
461,WEAVILE,,1,TAUNT
461,WEAVILE,,1,ASSURANCE
461,WEAVILE,,1,ICE_SHARD
461,WEAVILE,,1,EMBARGO
461,WEAVILE,,18,METAL_CLAW
461,WEAVILE,,24,ICY_WIND
461,WEAVILE,,30,FURY_SWIPES
461,WEAVILE,,36,HONE_CLAWS
461,WEAVILE,,42,FLING
461,WEAVILE,,48,NASTY_PLOT
461,WEAVILE,,54,SCREECH
461,WEAVILE,,60,NIGHT_SLASH
461,WEAVILE,,66,DARK_PULSE
462,MAGNEZONE,,1,TACKLE
462,MAGNEZONE,,1,SUPERSONIC
462,MAGNEZONE,,1,THUNDER_SHOCK
462,MAGNEZONE,,1,THUNDER_WAVE
462,MAGNEZONE,,1,BARRIER
462,MAGNEZONE,,1,TRI_ATTACK
462,MAGNEZONE,,1,MIRROR_COAT
462,MAGNEZONE,,1,MAGNETIC_FLUX
462,MAGNEZONE,,1,ELECTRIC_TERRAIN
462,MAGNEZONE,,12,ELECTRO_BALL
462,MAGNEZONE,,16,GYRO_BALL
462,MAGNEZONE,,20,SPARK
462,MAGNEZONE,,24,SCREECH
462,MAGNEZONE,,28,MAGNET_RISE
462,MAGNEZONE,,34,FLASH_CANNON
462,MAGNEZONE,,40,DISCHARGE
462,MAGNEZONE,,46,METAL_SOUND
462,MAGNEZONE,,52,LIGHT_SCREEN
462,MAGNEZONE,,58,LOCK_ON
462,MAGNEZONE,,64,ZAP_CANNON
463,LICKILICKY,,1,SUPERSONIC
463,LICKILICKY,,1,DEFENSE_CURL
463,LICKILICKY,,1,LICK
463,LICKILICKY,,1,TACKLE
463,LICKILICKY,,1,ROLLOUT
463,LICKILICKY,,1,WRING_OUT
463,LICKILICKY,,6,REST
463,LICKILICKY,,18,WRAP
463,LICKILICKY,,24,DISABLE
463,LICKILICKY,,30,STOMP
463,LICKILICKY,,36,KNOCK_OFF
463,LICKILICKY,,42,SCREECH
463,LICKILICKY,,48,SLAM
463,LICKILICKY,,54,POWER_WHIP
463,LICKILICKY,,60,BELLY_DRUM
464,RHYPERIOR,,1,TACKLE
464,RHYPERIOR,,1,TAIL_WHIP
464,RHYPERIOR,,1,HAMMER_ARM
464,RHYPERIOR,,1,SMACK_DOWN
464,RHYPERIOR,,1,BULLDOZE
464,RHYPERIOR,,15,HORN_ATTACK
464,RHYPERIOR,,20,SCARY_FACE
464,RHYPERIOR,,25,STOMP
464,RHYPERIOR,,30,ROCK_BLAST
464,RHYPERIOR,,35,DRILL_RUN
464,RHYPERIOR,,40,TAKE_DOWN
464,RHYPERIOR,,47,EARTHQUAKE
464,RHYPERIOR,,54,STONE_EDGE
464,RHYPERIOR,,61,MEGAHORN
464,RHYPERIOR,,68,HORN_DRILL
464,RHYPERIOR,,75,ROCK_WRECKER
465,TANGROWTH,,1,BIND
465,TANGROWTH,,1,ABSORB
465,TANGROWTH,,1,GROWTH
465,TANGROWTH,,1,STUN_SPORE
465,TANGROWTH,,1,BLOCK
465,TANGROWTH,,1,CONSTRICT
465,TANGROWTH,,12,MEGA_DRAIN
465,TANGROWTH,,16,VINE_WHIP
465,TANGROWTH,,20,POISON_POWDER
465,TANGROWTH,,24,DOUBLE_HIT
465,TANGROWTH,,28,KNOCK_OFF
465,TANGROWTH,,32,GIGA_DRAIN
465,TANGROWTH,,34,ANCIENT_POWER
465,TANGROWTH,,36,SLEEP_POWDER
465,TANGROWTH,,40,SLAM
465,TANGROWTH,,44,TICKLE
465,TANGROWTH,,48,POWER_WHIP
465,TANGROWTH,,52,INGRAIN
465,TANGROWTH,,56,GRASSY_TERRAIN
466,ELECTIVIRE,,1,LEER
466,ELECTIVIRE,,1,THUNDER_SHOCK
466,ELECTIVIRE,,1,QUICK_ATTACK
466,ELECTIVIRE,,1,CHARGE
466,ELECTIVIRE,,1,ION_DELUGE
466,ELECTIVIRE,,12,SWIFT
466,ELECTIVIRE,,16,SHOCK_WAVE
466,ELECTIVIRE,,20,THUNDER_WAVE
466,ELECTIVIRE,,24,SCREECH
466,ELECTIVIRE,,28,THUNDER_PUNCH
466,ELECTIVIRE,,34,DISCHARGE
466,ELECTIVIRE,,40,LOW_KICK
466,ELECTIVIRE,,46,THUNDERBOLT
466,ELECTIVIRE,,52,LIGHT_SCREEN
466,ELECTIVIRE,,58,THUNDER
466,ELECTIVIRE,,64,GIGA_IMPACT
467,MAGMORTAR,,1,LEER
467,MAGMORTAR,,1,EMBER
467,MAGMORTAR,,1,SMOKESCREEN
467,MAGMORTAR,,1,SMOG
467,MAGMORTAR,,12,CLEAR_SMOG
467,MAGMORTAR,,16,FLAME_WHEEL
467,MAGMORTAR,,20,CONFUSE_RAY
467,MAGMORTAR,,24,SCARY_FACE
467,MAGMORTAR,,28,FIRE_PUNCH
467,MAGMORTAR,,34,LAVA_PLUME
467,MAGMORTAR,,40,LOW_KICK
467,MAGMORTAR,,46,FLAMETHROWER
467,MAGMORTAR,,52,SUNNY_DAY
467,MAGMORTAR,,58,FIRE_BLAST
467,MAGMORTAR,,64,HYPER_BEAM
468,TOGEKISS,,EVOLVE_MOVE,AIR_SLASH
468,TOGEKISS,,1,POUND
468,TOGEKISS,,1,DOUBLE_EDGE
468,TOGEKISS,,1,GROWL
468,TOGEKISS,,1,METRONOME
468,TOGEKISS,,1,SKY_ATTACK
468,TOGEKISS,,1,TRI_ATTACK
468,TOGEKISS,,1,SWEET_KISS
468,TOGEKISS,,1,CHARM
468,TOGEKISS,,1,SAFEGUARD
468,TOGEKISS,,1,BATON_PASS
468,TOGEKISS,,1,EXTREME_SPEED
468,TOGEKISS,,1,ANCIENT_POWER
468,TOGEKISS,,1,FOLLOW_ME
468,TOGEKISS,,1,WISH
468,TOGEKISS,,1,YAWN
468,TOGEKISS,,1,LAST_RESORT
468,TOGEKISS,,1,AURA_SPHERE
468,TOGEKISS,,1,AFTER_YOU
468,TOGEKISS,,1,FAIRY_WIND
468,TOGEKISS,,1,LIFE_DEW
469,YANMEGA,,RELEARN_MOVE,HYPNOSIS
469,YANMEGA,,1,TACKLE
469,YANMEGA,,1,DOUBLE_TEAM
469,YANMEGA,,1,AIR_CUTTER
469,YANMEGA,,1,NIGHT_SLASH
469,YANMEGA,,1,WING_ATTACK
469,YANMEGA,,1,AIR_SLASH
469,YANMEGA,,1,BUG_BUZZ
469,YANMEGA,,14,QUICK_ATTACK
469,YANMEGA,,17,DETECT
469,YANMEGA,,22,SUPERSONIC
469,YANMEGA,,27,UPROAR
469,YANMEGA,,30,BUG_BITE
469,YANMEGA,,33,ANCIENT_POWER
469,YANMEGA,,38,FEINT
469,YANMEGA,,43,SLASH
469,YANMEGA,,46,SCREECH
469,YANMEGA,,49,U_TURN
470,LEAFEON,,EVOLVE_MOVE,SAPPY_SEED
470,LEAFEON,,RELEARN_MOVE,VEEVEE_VOLLEY
470,LEAFEON,,1,TACKLE
470,LEAFEON,,1,TAKE_DOWN
470,LEAFEON,,1,DOUBLE_EDGE
470,LEAFEON,,1,TAIL_WHIP
470,LEAFEON,,1,BITE
470,LEAFEON,,1,GROWL
470,LEAFEON,,1,SWIFT
470,LEAFEON,,1,CHARM
470,LEAFEON,,1,BATON_PASS
470,LEAFEON,,1,HELPING_HAND
470,LEAFEON,,1,COVET
470,LEAFEON,,1,COPYCAT
470,LEAFEON,,5,SAND_ATTACK
470,LEAFEON,,10,RAZOR_LEAF
470,LEAFEON,,15,QUICK_ATTACK
470,LEAFEON,,20,BABY_DOLL_EYES
470,LEAFEON,,25,LEECH_SEED
470,LEAFEON,,30,MAGICAL_LEAF
470,LEAFEON,,35,SYNTHESIS
470,LEAFEON,,40,SUNNY_DAY
470,LEAFEON,,45,GIGA_DRAIN
470,LEAFEON,,50,SWORDS_DANCE
470,LEAFEON,,55,LEAF_BLADE
470,LEAFEON,,60,LAST_RESORT
471,GLACEON,,EVOLVE_MOVE,FREEZY_FROST
471,GLACEON,,RELEARN_MOVE,VEEVEE_VOLLEY
471,GLACEON,,1,TACKLE
471,GLACEON,,1,TAKE_DOWN
471,GLACEON,,1,DOUBLE_EDGE
471,GLACEON,,1,TAIL_WHIP
471,GLACEON,,1,GROWL
471,GLACEON,,1,SWIFT
471,GLACEON,,1,CHARM
471,GLACEON,,1,BATON_PASS
471,GLACEON,,1,HELPING_HAND
471,GLACEON,,1,COVET
471,GLACEON,,1,COPYCAT
471,GLACEON,,5,SAND_ATTACK
471,GLACEON,,10,ICY_WIND
471,GLACEON,,15,QUICK_ATTACK
471,GLACEON,,20,BABY_DOLL_EYES
471,GLACEON,,25,ICE_SHARD
471,GLACEON,,30,BITE
471,GLACEON,,35,ICE_FANG
471,GLACEON,,40,SNOWSCAPE
471,GLACEON,,45,FREEZE_DRY
471,GLACEON,,50,MIRROR_COAT
471,GLACEON,,55,BLIZZARD
471,GLACEON,,60,LAST_RESORT
472,GLISCOR,,1,POISON_STING
472,GLISCOR,,1,SAND_ATTACK
472,GLISCOR,,1,HARDEN
472,GLISCOR,,1,POISON_TAIL
472,GLISCOR,,1,SLASH
472,GLISCOR,,1,POISON_JAB
472,GLISCOR,,1,THUNDER_FANG
472,GLISCOR,,1,ICE_FANG
472,GLISCOR,,1,FIRE_FANG
472,GLISCOR,,13,QUICK_ATTACK
472,GLISCOR,,16,FURY_CUTTER
472,GLISCOR,,19,KNOCK_OFF
472,GLISCOR,,22,ACROBATICS
472,GLISCOR,,27,NIGHT_SLASH
472,GLISCOR,,30,U_TURN
472,GLISCOR,,35,SCREECH
472,GLISCOR,,40,X_SCISSOR
472,GLISCOR,,45,CRABHAMMER
472,GLISCOR,,50,SWORDS_DANCE
473,MAMOSWINE,,EVOLVE_MOVE,DOUBLE_HIT
473,MAMOSWINE,,1,TACKLE
473,MAMOSWINE,,1,FLAIL
473,MAMOSWINE,,1,POWDER_SNOW
473,MAMOSWINE,,1,MUD_SLAP
473,MAMOSWINE,,1,ODOR_SLEUTH
473,MAMOSWINE,,1,ANCIENT_POWER
473,MAMOSWINE,,1,ICE_FANG
473,MAMOSWINE,,15,ICE_SHARD
473,MAMOSWINE,,20,MIST
473,MAMOSWINE,,25,ENDURE
473,MAMOSWINE,,30,ICY_WIND
473,MAMOSWINE,,37,AMNESIA
473,MAMOSWINE,,44,TAKE_DOWN
473,MAMOSWINE,,51,EARTHQUAKE
473,MAMOSWINE,,58,BLIZZARD
473,MAMOSWINE,,65,THRASH
474,PORYGON_Z,,1,TACKLE
474,PORYGON_Z,,1,DEFENSE_CURL
474,PORYGON_Z,,1,CONVERSION
474,PORYGON_Z,,1,RECYCLE
474,PORYGON_Z,,1,MAGNET_RISE
474,PORYGON_Z,,1,NASTY_PLOT
474,PORYGON_Z,,1,TRICK_ROOM
474,PORYGON_Z,,15,THUNDER_SHOCK
474,PORYGON_Z,,20,PSYBEAM
474,PORYGON_Z,,25,CONVERSION_2
474,PORYGON_Z,,30,AGILITY
474,PORYGON_Z,,35,RECOVER
474,PORYGON_Z,,40,DISCHARGE
474,PORYGON_Z,,45,TRI_ATTACK
474,PORYGON_Z,,50,MAGIC_COAT
474,PORYGON_Z,,55,LOCK_ON
474,PORYGON_Z,,60,ZAP_CANNON
474,PORYGON_Z,,65,HYPER_BEAM
475,GALLADE,,EVOLVE_MOVE,SLASH
475,GALLADE,,1,LEER
475,GALLADE,,1,GROWL
475,GALLADE,,1,PSYBEAM
475,GALLADE,,1,CONFUSION
475,GALLADE,,1,PSYCHIC
475,GALLADE,,1,HYPNOSIS
475,GALLADE,,1,DOUBLE_TEAM
475,GALLADE,,1,DREAM_EATER
475,GALLADE,,1,CHARM
475,GALLADE,,1,FURY_CUTTER
475,GALLADE,,1,FUTURE_SIGHT
475,GALLADE,,1,IMPRISON
475,GALLADE,,1,CALM_MIND
475,GALLADE,,1,LEAF_BLADE
475,GALLADE,,1,NIGHT_SLASH
475,GALLADE,,1,SACRED_SWORD
475,GALLADE,,1,DISARMING_VOICE
475,GALLADE,,1,DRAINING_KISS
475,GALLADE,,1,LIFE_DEW
475,GALLADE,,1,AQUA_CUTTER
475,GALLADE,,9,HELPING_HAND
475,GALLADE,,12,FEINT
475,GALLADE,,15,TELEPORT
475,GALLADE,,18,AERIAL_ACE
475,GALLADE,,23,FALSE_SWIPE
475,GALLADE,,28,PROTECT
475,GALLADE,,35,SWORDS_DANCE
475,GALLADE,,42,PSYCHO_CUT
475,GALLADE,,49,HEAL_PULSE
475,GALLADE,,56,WIDE_GUARD
475,GALLADE,,56,QUICK_GUARD
475,GALLADE,,63,CLOSE_COMBAT
476,PROBOPASS,,EVOLVE_MOVE,TRI_ATTACK
476,PROBOPASS,,1,TACKLE
476,PROBOPASS,,1,HARDEN
476,PROBOPASS,,1,IRON_DEFENSE
476,PROBOPASS,,1,BLOCK
476,PROBOPASS,,1,ROCK_THROW
476,PROBOPASS,,1,GRAVITY
476,PROBOPASS,,1,MAGNET_RISE
476,PROBOPASS,,1,WIDE_GUARD
476,PROBOPASS,,1,MAGNETIC_FLUX
476,PROBOPASS,,13,THUNDER_WAVE
476,PROBOPASS,,16,REST
476,PROBOPASS,,19,SPARK
476,PROBOPASS,,22,ROCK_SLIDE
476,PROBOPASS,,25,POWER_GEM
476,PROBOPASS,,28,ROCK_BLAST
476,PROBOPASS,,31,DISCHARGE
476,PROBOPASS,,34,SANDSTORM
476,PROBOPASS,,37,EARTH_POWER
476,PROBOPASS,,40,STONE_EDGE
476,PROBOPASS,,43,ZAP_CANNON
476,PROBOPASS,,43,LOCK_ON
477,DUSKNOIR,,1,FIRE_PUNCH
477,DUSKNOIR,,1,ICE_PUNCH
477,DUSKNOIR,,1,THUNDER_PUNCH
477,DUSKNOIR,,1,BIND
477,DUSKNOIR,,1,LEER
477,DUSKNOIR,,1,DISABLE
477,DUSKNOIR,,1,ASTONISH
477,DUSKNOIR,,1,PURSUIT
477,DUSKNOIR,,1,SHADOW_PUNCH
477,DUSKNOIR,,1,GRAVITY
477,DUSKNOIR,,1,SHADOW_SNEAK
477,DUSKNOIR,,12,CONFUSE_RAY
477,DUSKNOIR,,16,NIGHT_SHADE
477,DUSKNOIR,,20,PAYBACK
477,DUSKNOIR,,24,WILL_O_WISP
477,DUSKNOIR,,28,MEAN_LOOK
477,DUSKNOIR,,32,HEX
477,DUSKNOIR,,36,CURSE
477,DUSKNOIR,,42,SHADOW_BALL
477,DUSKNOIR,,48,FUTURE_SIGHT
477,DUSKNOIR,,54,DESTINY_BOND
478,FROSLASS,,EVOLVE_MOVE,HEX
478,FROSLASS,,1,HEADBUTT
478,FROSLASS,,1,LEER
478,FROSLASS,,1,BITE
478,FROSLASS,,1,DOUBLE_TEAM
478,FROSLASS,,1,POWDER_SNOW
478,FROSLASS,,1,PROTECT
478,FROSLASS,,1,DESTINY_BOND
478,FROSLASS,,1,WEATHER_BALL
478,FROSLASS,,1,CRUNCH
478,FROSLASS,,1,ASTONISH
478,FROSLASS,,1,ICE_FANG
478,FROSLASS,,1,OMINOUS_WIND
478,FROSLASS,,15,ICE_SHARD
478,FROSLASS,,20,DRAINING_KISS
478,FROSLASS,,25,ICY_WIND
478,FROSLASS,,30,FROST_BREATH
478,FROSLASS,,35,CONFUSE_RAY
478,FROSLASS,,40,SNOWSCAPE
478,FROSLASS,,47,WILL_O_WISP
478,FROSLASS,,54,AURORA_VEIL
478,FROSLASS,,61,SHADOW_BALL
478,FROSLASS,,68,BLIZZARD
479,ROTOM,,1,DOUBLE_TEAM
479,ROTOM,,1,ASTONISH
479,ROTOM,,5,THUNDER_SHOCK
479,ROTOM,,10,CONFUSE_RAY
479,ROTOM,,15,CHARGE
479,ROTOM,,20,ELECTRO_BALL
479,ROTOM,,25,THUNDER_WAVE
479,ROTOM,,30,SHOCK_WAVE
479,ROTOM,,35,HEX
479,ROTOM,,40,SUBSTITUTE
479,ROTOM,,45,TRICK
479,ROTOM,,50,DISCHARGE
479,ROTOM,,55,UPROAR
479,ROTOM,heat,1,OVERHEAT
479,ROTOM,wash,1,HYDRO_PUMP
479,ROTOM,frost,1,BLIZZARD
479,ROTOM,fan,1,AIR_SLASH
479,ROTOM,mow,1,LEAF_STORM
480,UXIE,,RELEARN_MOVE,TRI_ATTACK
480,UXIE,,RELEARN_MOVE,SNORE
480,UXIE,,RELEARN_MOVE,SAFEGUARD
480,UXIE,,RELEARN_MOVE,IRON_TAIL
480,UXIE,,RELEARN_MOVE,PSYCHO_CUT
480,UXIE,,RELEARN_MOVE,WONDER_ROOM
480,UXIE,,RELEARN_MOVE,MAGIC_ROOM
480,UXIE,,RELEARN_MOVE,ROUND
480,UXIE,,RELEARN_MOVE,ALLY_SWITCH
480,UXIE,,RELEARN_MOVE,EXPANDING_FORCE
480,UXIE,,1,CONFUSION
480,UXIE,,1,REST
480,UXIE,,7,SWIFT
480,UXIE,,14,ENDURE
480,UXIE,,21,PSYBEAM
480,UXIE,,28,IMPRISON
480,UXIE,,35,EXTRASENSORY
480,UXIE,,42,AMNESIA
480,UXIE,,49,PSYCHIC
480,UXIE,,56,YAWN
480,UXIE,,63,FUTURE_SIGHT
480,UXIE,,70,FLAIL
480,UXIE,,77,MEMENTO
480,UXIE,,84,MYSTICAL_POWER
481,MESPRIT,,RELEARN_MOVE,TRI_ATTACK
481,MESPRIT,,RELEARN_MOVE,SNORE
481,MESPRIT,,RELEARN_MOVE,SAFEGUARD
481,MESPRIT,,RELEARN_MOVE,IRON_TAIL
481,MESPRIT,,RELEARN_MOVE,PSYCHO_CUT
481,MESPRIT,,RELEARN_MOVE,WONDER_ROOM
481,MESPRIT,,RELEARN_MOVE,MAGIC_ROOM
481,MESPRIT,,RELEARN_MOVE,ROUND
481,MESPRIT,,RELEARN_MOVE,ALLY_SWITCH
481,MESPRIT,,RELEARN_MOVE,EXPANDING_FORCE
481,MESPRIT,,1,CONFUSION
481,MESPRIT,,1,REST
481,MESPRIT,,7,SWIFT
481,MESPRIT,,14,PROTECT
481,MESPRIT,,21,PSYBEAM
481,MESPRIT,,28,IMPRISON
481,MESPRIT,,35,EXTRASENSORY
481,MESPRIT,,42,CHARM
481,MESPRIT,,49,PSYCHIC
481,MESPRIT,,56,FLATTER
481,MESPRIT,,63,FUTURE_SIGHT
481,MESPRIT,,70,COPYCAT
481,MESPRIT,,77,HEALING_WISH
481,MESPRIT,,84,MYSTICAL_POWER
482,AZELF,,RELEARN_MOVE,SELF_DESTRUCT
482,AZELF,,RELEARN_MOVE,TRI_ATTACK
482,AZELF,,RELEARN_MOVE,SNORE
482,AZELF,,RELEARN_MOVE,SAFEGUARD
482,AZELF,,RELEARN_MOVE,IRON_TAIL
482,AZELF,,RELEARN_MOVE,PAYBACK
482,AZELF,,RELEARN_MOVE,ASSURANCE
482,AZELF,,RELEARN_MOVE,PSYCHO_CUT
482,AZELF,,RELEARN_MOVE,WONDER_ROOM
482,AZELF,,RELEARN_MOVE,MAGIC_ROOM
482,AZELF,,RELEARN_MOVE,ROUND
482,AZELF,,RELEARN_MOVE,ALLY_SWITCH
482,AZELF,,RELEARN_MOVE,EXPANDING_FORCE
482,AZELF,,1,CONFUSION
482,AZELF,,1,REST
482,AZELF,,7,SWIFT
482,AZELF,,14,DETECT
482,AZELF,,21,PSYBEAM
482,AZELF,,28,IMPRISON
482,AZELF,,35,EXTRASENSORY
482,AZELF,,42,NASTY_PLOT
482,AZELF,,49,PSYCHIC
482,AZELF,,56,UPROAR
482,AZELF,,63,FUTURE_SIGHT
482,AZELF,,70,LAST_RESORT
482,AZELF,,77,EXPLOSION
482,AZELF,,84,MYSTICAL_POWER
483,DIALGA,,1,SCARY_FACE
483,DIALGA,,1,METAL_CLAW
483,DIALGA,,8,DRAGON_BREATH
483,DIALGA,,16,ANCIENT_POWER
483,DIALGA,,24,SLASH
483,DIALGA,,32,FLASH_CANNON
483,DIALGA,,40,DRAGON_CLAW
483,DIALGA,,48,AURA_SPHERE
483,DIALGA,,56,POWER_GEM
483,DIALGA,,64,METAL_BURST
483,DIALGA,,72,EARTH_POWER
483,DIALGA,,80,IRON_TAIL
483,DIALGA,,88,ROAR_OF_TIME
484,PALKIA,,1,SCARY_FACE
484,PALKIA,,1,WATER_PULSE
484,PALKIA,,8,DRAGON_BREATH
484,PALKIA,,16,ANCIENT_POWER
484,PALKIA,,24,SLASH
484,PALKIA,,32,AQUA_RING
484,PALKIA,,48,AURA_SPHERE
484,PALKIA,,56,POWER_GEM
484,PALKIA,,64,AQUA_TAIL
484,PALKIA,,72,EARTH_POWER
484,PALKIA,,80,SPACIAL_REND
484,PALKIA,,88,HYDRO_PUMP
485,HEATRAN,,1,LEER
485,HEATRAN,,1,FIRE_SPIN
485,HEATRAN,,6,METAL_CLAW
485,HEATRAN,,12,ANCIENT_POWER
485,HEATRAN,,18,FIRE_FANG
485,HEATRAN,,24,SCARY_FACE
485,HEATRAN,,30,IRON_HEAD
485,HEATRAN,,36,CRUNCH
485,HEATRAN,,42,LAVA_PLUME
485,HEATRAN,,48,METAL_SOUND
485,HEATRAN,,54,EARTH_POWER
485,HEATRAN,,60,HEAT_WAVE
485,HEATRAN,,66,STONE_EDGE
485,HEATRAN,,72,MAGMA_STORM
486,REGIGIGAS,,1,POUND
486,REGIGIGAS,,1,CONFUSE_RAY
486,REGIGIGAS,,1,DIZZY_PUNCH
486,REGIGIGAS,,1,FORESIGHT
486,REGIGIGAS,,6,PAYBACK
486,REGIGIGAS,,12,REVENGE
486,REGIGIGAS,,18,STOMP
486,REGIGIGAS,,24,PROTECT
486,REGIGIGAS,,30,KNOCK_OFF
486,REGIGIGAS,,36,MEGA_PUNCH
486,REGIGIGAS,,42,BODY_PRESS
486,REGIGIGAS,,48,WIDE_GUARD
486,REGIGIGAS,,54,ZEN_HEADBUTT
486,REGIGIGAS,,60,HEAVY_SLAM
486,REGIGIGAS,,66,HAMMER_ARM
486,REGIGIGAS,,72,GIGA_IMPACT
486,REGIGIGAS,,78,CRUSH_GRIP
487,GIRATINA,,1,SHADOW_SNEAK
487,GIRATINA,,1,DEFOG
487,GIRATINA,,1,DRAGON_BREATH
487,GIRATINA,,7,OMINOUS_WIND
487,GIRATINA,,14,ANCIENT_POWER
487,GIRATINA,,21,HEX
487,GIRATINA,,28,SLASH
487,GIRATINA,,35,SCARY_FACE
487,GIRATINA,,42,SHADOW_CLAW
487,GIRATINA,,49,PAIN_SPLIT
487,GIRATINA,,56,AURA_SPHERE
487,GIRATINA,,63,DRAGON_CLAW
487,GIRATINA,,70,EARTH_POWER
487,GIRATINA,,77,SHADOW_FORCE
487,GIRATINA,,84,DESTINY_BOND
488,CRESSELIA,,1,CONFUSION
488,CRESSELIA,,1,DOUBLE_TEAM
488,CRESSELIA,,6,MIST
488,CRESSELIA,,12,AURORA_BEAM
488,CRESSELIA,,18,PSYBEAM
488,CRESSELIA,,24,ALLY_SWITCH
488,CRESSELIA,,30,SLASH
488,CRESSELIA,,36,PSYCHO_CUT
488,CRESSELIA,,42,MOONLIGHT
488,CRESSELIA,,48,SAFEGUARD
488,CRESSELIA,,54,PSYCHIC
488,CRESSELIA,,60,MOONBLAST
488,CRESSELIA,,66,FUTURE_SIGHT
488,CRESSELIA,,72,LUNAR_DANCE
488,CRESSELIA,,72,LUNAR_BLESSING
489,PHIONE,,1,WATER_GUN
489,PHIONE,,9,CHARM
489,PHIONE,,16,SUPERSONIC
489,PHIONE,,24,BUBBLE_BEAM
489,PHIONE,,31,ACID_ARMOR
489,PHIONE,,39,WHIRLPOOL
489,PHIONE,,46,WATER_PULSE
489,PHIONE,,54,AQUA_RING
489,PHIONE,,61,DIVE
489,PHIONE,,69,RAIN_DANCE
489,PHIONE,,75,TAKE_HEART
490,MANAPHY,,1,HEART_SWAP
490,MANAPHY,,1,TAIL_GLOW
490,MANAPHY,,1,WATER_GUN
490,MANAPHY,,9,CHARM
490,MANAPHY,,16,SUPERSONIC
490,MANAPHY,,24,BUBBLE_BEAM
490,MANAPHY,,31,ACID_ARMOR
490,MANAPHY,,39,WHIRLPOOL
490,MANAPHY,,46,WATER_PULSE
490,MANAPHY,,54,AQUA_RING
490,MANAPHY,,61,DIVE
490,MANAPHY,,69,RAIN_DANCE
490,MANAPHY,,76,TAKE_HEART
491,DARKRAI,,1,DISABLE
491,DARKRAI,,1,OMINOUS_WIND
491,DARKRAI,,1,PURSUIT
491,DARKRAI,,11,QUICK_ATTACK
491,DARKRAI,,20,HYPNOSIS
491,DARKRAI,,29,SUCKER_PUNCH
491,DARKRAI,,38,NIGHT_SHADE
491,DARKRAI,,47,DOUBLE_TEAM
491,DARKRAI,,57,HAZE
491,DARKRAI,,66,DARK_VOID
491,DARKRAI,,75,NASTY_PLOT
491,DARKRAI,,84,DREAM_EATER
491,DARKRAI,,93,DARK_PULSE
492,SHAYMIN,,1,GROWTH
492,SHAYMIN,,1,LEAFAGE
492,SHAYMIN,,10,MAGICAL_LEAF
492,SHAYMIN,,19,LEECH_SEED
492,SHAYMIN,,37,SWEET_SCENT
492,SHAYMIN,,46,NATURAL_GIFT
492,SHAYMIN,,55,WORRY_SEED
492,SHAYMIN,,73,ENERGY_BALL
492,SHAYMIN,,82,SWEET_KISS
492,SHAYMIN,,100,SEED_FLARE
492,SHAYMIN,land,28,SYNTHESIS
492,SHAYMIN,land,64,AROMATHERAPY
492,SHAYMIN,land,91,HEALING_WISH
492,SHAYMIN,sky,28,QUICK_ATTACK
492,SHAYMIN,sky,64,AIR_SLASH
492,SHAYMIN,sky,91,LEAF_STORM
493,ARCEUS,,1,SEISMIC_TOSS
493,ARCEUS,,1,COSMIC_POWER
493,ARCEUS,,1,PUNISHMENT
493,ARCEUS,,10,GRAVITY
493,ARCEUS,,20,EARTH_POWER
493,ARCEUS,,30,HYPER_VOICE
493,ARCEUS,,40,EXTREME_SPEED
493,ARCEUS,,50,HEALING_WISH
493,ARCEUS,,60,FUTURE_SIGHT
493,ARCEUS,,70,RECOVER
493,ARCEUS,,80,HYPER_BEAM
493,ARCEUS,,90,PERISH_SONG
493,ARCEUS,,100,JUDGMENT
494,VICTINI,,1,CONFUSION
494,VICTINI,,1,QUICK_ATTACK
494,VICTINI,,1,FOCUS_ENERGY
494,VICTINI,,1,FLAME_CHARGE
494,VICTINI,,1,V_CREATE
494,VICTINI,,7,WORK_UP
494,VICTINI,,14,INCINERATE
494,VICTINI,,21,STORED_POWER
494,VICTINI,,28,HEADBUTT
494,VICTINI,,35,ENDURE
494,VICTINI,,42,ZEN_HEADBUTT
494,VICTINI,,49,INFERNO
494,VICTINI,,56,REVERSAL
494,VICTINI,,63,SEARING_SHOT
494,VICTINI,,70,DOUBLE_EDGE
494,VICTINI,,77,FLARE_BLITZ
494,VICTINI,,84,OVERHEAT
494,VICTINI,,91,FINAL_GAMBIT
495,SNIVY,,1,TACKLE
495,SNIVY,,4,LEER
495,SNIVY,,5,VINE_WHIP
495,SNIVY,,10,WRAP
495,SNIVY,,13,GROWTH
495,SNIVY,,16,MAGICAL_LEAF
495,SNIVY,,19,LEECH_SEED
495,SNIVY,,22,MEGA_DRAIN
495,SNIVY,,25,SLAM
495,SNIVY,,28,LEAF_BLADE
495,SNIVY,,31,COIL
495,SNIVY,,34,GIGA_DRAIN
495,SNIVY,,37,GASTRO_ACID
495,SNIVY,,40,LEAF_STORM
496,SERVINE,,1,VINE_WHIP
496,SERVINE,,1,TACKLE
496,SERVINE,,1,WRAP
496,SERVINE,,1,LEER
496,SERVINE,,13,GROWTH
496,SERVINE,,16,MAGICAL_LEAF
496,SERVINE,,20,LEECH_SEED
496,SERVINE,,24,MEGA_DRAIN
496,SERVINE,,28,SLAM
496,SERVINE,,32,LEAF_BLADE
496,SERVINE,,36,COIL
496,SERVINE,,40,GIGA_DRAIN
496,SERVINE,,44,GASTRO_ACID
496,SERVINE,,48,LEAF_STORM
497,SERPERIOR,,1,VINE_WHIP
497,SERPERIOR,,1,TACKLE
497,SERPERIOR,,1,WRAP
497,SERPERIOR,,1,LEER
497,SERPERIOR,,13,GROWTH
497,SERPERIOR,,16,MAGICAL_LEAF
497,SERPERIOR,,20,LEECH_SEED
497,SERPERIOR,,24,MEGA_DRAIN
497,SERPERIOR,,28,SLAM
497,SERPERIOR,,32,LEAF_BLADE
497,SERPERIOR,,38,COIL
497,SERPERIOR,,44,GIGA_DRAIN
497,SERPERIOR,,50,GASTRO_ACID
497,SERPERIOR,,56,LEAF_STORM
498,TEPIG,,1,TACKLE
498,TEPIG,,3,TAIL_WHIP
498,TEPIG,,5,EMBER
498,TEPIG,,9,ENDURE
498,TEPIG,,13,DEFENSE_CURL
498,TEPIG,,15,FLAME_CHARGE
498,TEPIG,,19,SMOG
498,TEPIG,,21,ROLLOUT
498,TEPIG,,25,TAKE_DOWN
498,TEPIG,,27,HEAT_CRASH
498,TEPIG,,31,ASSURANCE
498,TEPIG,,33,FLAMETHROWER
498,TEPIG,,37,HEAD_SMASH
498,TEPIG,,39,ROAR
498,TEPIG,,43,FLARE_BLITZ
499,PIGNITE,,EVOLVE_MOVE,ARM_THRUST
499,PIGNITE,,1,TACKLE
499,PIGNITE,,1,TAIL_WHIP
499,PIGNITE,,1,EMBER
499,PIGNITE,,1,ENDURE
499,PIGNITE,,13,DEFENSE_CURL
499,PIGNITE,,15,FLAME_CHARGE
499,PIGNITE,,20,SMOG
499,PIGNITE,,23,ROLLOUT
499,PIGNITE,,28,TAKE_DOWN
499,PIGNITE,,31,HEAT_CRASH
499,PIGNITE,,36,ASSURANCE
499,PIGNITE,,39,FLAMETHROWER
499,PIGNITE,,44,HEAD_SMASH
499,PIGNITE,,47,ROAR
499,PIGNITE,,52,FLARE_BLITZ
500,EMBOAR,,RELEARN_MOVE,ENDURE
500,EMBOAR,,RELEARN_MOVE,HAMMER_ARM
500,EMBOAR,,1,TACKLE
500,EMBOAR,,1,TAIL_WHIP
500,EMBOAR,,1,EMBER
500,EMBOAR,,1,ARM_THRUST
500,EMBOAR,,13,DEFENSE_CURL
500,EMBOAR,,15,FLAME_CHARGE
500,EMBOAR,,20,SMOG
500,EMBOAR,,23,ROLLOUT
500,EMBOAR,,28,TAKE_DOWN
500,EMBOAR,,31,HEAT_CRASH
500,EMBOAR,,38,ASSURANCE
500,EMBOAR,,43,FLAMETHROWER
500,EMBOAR,,50,HEAD_SMASH
500,EMBOAR,,55,ROAR
500,EMBOAR,,62,FLARE_BLITZ
501,OSHAWOTT,,1,TACKLE
501,OSHAWOTT,,5,TAIL_WHIP
501,OSHAWOTT,,5,WATER_GUN
501,OSHAWOTT,,11,SOAK
501,OSHAWOTT,,13,FOCUS_ENERGY
501,OSHAWOTT,,17,RAZOR_SHELL
501,OSHAWOTT,,19,FURY_CUTTER
501,OSHAWOTT,,23,WATER_PULSE
501,OSHAWOTT,,25,AERIAL_ACE
501,OSHAWOTT,,29,AQUA_JET
501,OSHAWOTT,,31,ENCORE
501,OSHAWOTT,,35,AQUA_TAIL
501,OSHAWOTT,,37,RETALIATE
501,OSHAWOTT,,41,SWORDS_DANCE
501,OSHAWOTT,,43,HYDRO_PUMP
502,DEWOTT,,1,TACKLE
502,DEWOTT,,1,TAIL_WHIP
502,DEWOTT,,1,WATER_GUN
502,DEWOTT,,1,SOAK
502,DEWOTT,,13,FOCUS_ENERGY
502,DEWOTT,,18,RAZOR_SHELL
502,DEWOTT,,21,FURY_CUTTER
502,DEWOTT,,26,WATER_PULSE
502,DEWOTT,,29,AERIAL_ACE
502,DEWOTT,,34,AQUA_JET
502,DEWOTT,,37,ENCORE
502,DEWOTT,,42,AQUA_TAIL
502,DEWOTT,,45,RETALIATE
502,DEWOTT,,50,SWORDS_DANCE
502,DEWOTT,,53,HYDRO_PUMP
503,SAMUROTT,,EVOLVE_MOVE,SLASH
503,SAMUROTT,,1,TACKLE
503,SAMUROTT,,1,TAIL_WHIP
503,SAMUROTT,,1,WATER_GUN
503,SAMUROTT,,1,MEGAHORN
503,SAMUROTT,,1,SOAK
503,SAMUROTT,,13,FOCUS_ENERGY
503,SAMUROTT,,18,RAZOR_SHELL
503,SAMUROTT,,21,FURY_CUTTER
503,SAMUROTT,,25,WATER_PULSE
503,SAMUROTT,,29,AERIAL_ACE
503,SAMUROTT,,34,AQUA_JET
503,SAMUROTT,,39,ENCORE
503,SAMUROTT,,46,AQUA_TAIL
503,SAMUROTT,,51,RETALIATE
503,SAMUROTT,,58,SWORDS_DANCE
503,SAMUROTT,,63,HYDRO_PUMP
504,PATRAT,,1,TACKLE
504,PATRAT,,3,LEER
504,PATRAT,,6,BITE
504,PATRAT,,8,BIDE
504,PATRAT,,11,DETECT
504,PATRAT,,13,SAND_ATTACK
504,PATRAT,,16,CRUNCH
504,PATRAT,,18,HYPNOSIS
504,PATRAT,,21,SUPER_FANG
504,PATRAT,,23,AFTER_YOU
504,PATRAT,,26,FOCUS_ENERGY
504,PATRAT,,28,WORK_UP
504,PATRAT,,31,HYPER_FANG
504,PATRAT,,33,NASTY_PLOT
504,PATRAT,,36,MEAN_LOOK
504,PATRAT,,38,BATON_PASS
504,PATRAT,,41,SLAM
505,WATCHOG,,EVOLVE_MOVE,CONFUSE_RAY
505,WATCHOG,,RELEARN_MOVE,WORK_UP
505,WATCHOG,,1,TACKLE
505,WATCHOG,,1,LEER
505,WATCHOG,,1,BITE
505,WATCHOG,,1,LOW_KICK
505,WATCHOG,,1,ROTOTILLER
505,WATCHOG,,8,BIDE
505,WATCHOG,,11,DETECT
505,WATCHOG,,13,SAND_ATTACK
505,WATCHOG,,16,CRUNCH
505,WATCHOG,,18,HYPNOSIS
505,WATCHOG,,22,SUPER_FANG
505,WATCHOG,,25,AFTER_YOU
505,WATCHOG,,29,FOCUS_ENERGY
505,WATCHOG,,32,PSYCH_UP
505,WATCHOG,,36,HYPER_FANG
505,WATCHOG,,39,NASTY_PLOT
505,WATCHOG,,43,MEAN_LOOK
505,WATCHOG,,46,BATON_PASS
505,WATCHOG,,50,SLAM
506,LILLIPUP,,1,TACKLE
506,LILLIPUP,,1,LEER
506,LILLIPUP,,4,WORK_UP
506,LILLIPUP,,8,BITE
506,LILLIPUP,,12,RETALIATE
506,LILLIPUP,,17,BABY_DOLL_EYES
506,LILLIPUP,,20,PLAY_ROUGH
506,LILLIPUP,,24,CRUNCH
506,LILLIPUP,,28,TAKE_DOWN
506,LILLIPUP,,32,HELPING_HAND
506,LILLIPUP,,36,REVERSAL
506,LILLIPUP,,40,ROAR
506,LILLIPUP,,44,LAST_RESORT
506,LILLIPUP,,48,GIGA_IMPACT
507,HERDIER,,1,TACKLE
507,HERDIER,,1,LEER
507,HERDIER,,1,BITE
507,HERDIER,,1,WORK_UP
507,HERDIER,,12,RETALIATE
507,HERDIER,,19,BABY_DOLL_EYES
507,HERDIER,,24,PLAY_ROUGH
507,HERDIER,,30,CRUNCH
507,HERDIER,,36,TAKE_DOWN
507,HERDIER,,42,HELPING_HAND
507,HERDIER,,48,REVERSAL
507,HERDIER,,54,ROAR
507,HERDIER,,60,LAST_RESORT
507,HERDIER,,66,GIGA_IMPACT
508,STOUTLAND,,1,TACKLE
508,STOUTLAND,,1,LEER
508,STOUTLAND,,1,BITE
508,STOUTLAND,,1,THUNDER_FANG
508,STOUTLAND,,1,ICE_FANG
508,STOUTLAND,,1,FIRE_FANG
508,STOUTLAND,,1,WORK_UP
508,STOUTLAND,,12,RETALIATE
508,STOUTLAND,,19,BABY_DOLL_EYES
508,STOUTLAND,,24,PLAY_ROUGH
508,STOUTLAND,,30,CRUNCH
508,STOUTLAND,,38,TAKE_DOWN
508,STOUTLAND,,46,HELPING_HAND
508,STOUTLAND,,54,REVERSAL
508,STOUTLAND,,62,ROAR
508,STOUTLAND,,70,LAST_RESORT
508,STOUTLAND,,78,GIGA_IMPACT
509,PURRLOIN,,1,SCRATCH
509,PURRLOIN,,1,GROWL
509,PURRLOIN,,4,SAND_ATTACK
509,PURRLOIN,,5,FAKE_OUT
509,PURRLOIN,,12,FURY_SWIPES
509,PURRLOIN,,16,TORMENT
509,PURRLOIN,,21,ASSURANCE
509,PURRLOIN,,24,HONE_CLAWS
509,PURRLOIN,,28,SUCKER_PUNCH
509,PURRLOIN,,32,NASTY_PLOT
509,PURRLOIN,,36,NIGHT_SLASH
509,PURRLOIN,,40,PLAY_ROUGH
510,LIEPARD,,1,ASSIST
510,LIEPARD,,1,SCRATCH
510,LIEPARD,,1,SAND_ATTACK
510,LIEPARD,,1,GROWL
510,LIEPARD,,1,FAKE_OUT
510,LIEPARD,,12,FURY_SWIPES
510,LIEPARD,,16,TORMENT
510,LIEPARD,,23,ASSURANCE
510,LIEPARD,,28,HONE_CLAWS
510,LIEPARD,,34,SUCKER_PUNCH
510,LIEPARD,,40,NASTY_PLOT
510,LIEPARD,,46,NIGHT_SLASH
510,LIEPARD,,52,PLAY_ROUGH
511,PANSAGE,,1,SCRATCH
511,PANSAGE,,1,PLAY_NICE
511,PANSAGE,,4,LEER
511,PANSAGE,,7,LICK
511,PANSAGE,,10,VINE_WHIP
511,PANSAGE,,13,FURY_SWIPES
511,PANSAGE,,16,LEECH_SEED
511,PANSAGE,,19,BITE
511,PANSAGE,,22,SEED_BOMB
511,PANSAGE,,25,TORMENT
511,PANSAGE,,28,FLING
511,PANSAGE,,31,ACROBATICS
511,PANSAGE,,34,GRASS_KNOT
511,PANSAGE,,37,RECYCLE
511,PANSAGE,,40,NATURAL_GIFT
511,PANSAGE,,43,CRUNCH
512,SIMISAGE,,RELEARN_MOVE,SCRATCH
512,SIMISAGE,,RELEARN_MOVE,PLAY_NICE
512,SIMISAGE,,RELEARN_MOVE,VINE_WHIP
512,SIMISAGE,,RELEARN_MOVE,LEECH_SEED
512,SIMISAGE,,RELEARN_MOVE,BITE
512,SIMISAGE,,RELEARN_MOVE,TORMENT
512,SIMISAGE,,RELEARN_MOVE,FLING
512,SIMISAGE,,RELEARN_MOVE,ACROBATICS
512,SIMISAGE,,RELEARN_MOVE,GRASS_KNOT
512,SIMISAGE,,RELEARN_MOVE,RECYCLE
512,SIMISAGE,,RELEARN_MOVE,NATURAL_GIFT
512,SIMISAGE,,RELEARN_MOVE,CRUNCH
512,SIMISAGE,,1,LEER
512,SIMISAGE,,1,LICK
512,SIMISAGE,,1,FURY_SWIPES
512,SIMISAGE,,1,SEED_BOMB
513,PANSEAR,,1,SCRATCH
513,PANSEAR,,1,PLAY_NICE
513,PANSEAR,,4,LEER
513,PANSEAR,,7,LICK
513,PANSEAR,,10,INCINERATE
513,PANSEAR,,13,FURY_SWIPES
513,PANSEAR,,16,YAWN
513,PANSEAR,,19,BITE
513,PANSEAR,,22,FLAME_BURST
513,PANSEAR,,25,AMNESIA
513,PANSEAR,,28,FLING
513,PANSEAR,,31,ACROBATICS
513,PANSEAR,,34,FIRE_BLAST
513,PANSEAR,,37,RECYCLE
513,PANSEAR,,40,NATURAL_GIFT
513,PANSEAR,,43,CRUNCH
514,SIMISEAR,,RELEARN_MOVE,SCRATCH
514,SIMISEAR,,RELEARN_MOVE,PLAY_NICE
514,SIMISEAR,,RELEARN_MOVE,INCINERATE
514,SIMISEAR,,RELEARN_MOVE,YAWN
514,SIMISEAR,,RELEARN_MOVE,BITE
514,SIMISEAR,,RELEARN_MOVE,AMNESIA
514,SIMISEAR,,RELEARN_MOVE,FLING
514,SIMISEAR,,RELEARN_MOVE,ACROBATICS
514,SIMISEAR,,RELEARN_MOVE,FIRE_BLAST
514,SIMISEAR,,RELEARN_MOVE,RECYCLE
514,SIMISEAR,,RELEARN_MOVE,NATURAL_GIFT
514,SIMISEAR,,RELEARN_MOVE,CRUNCH
514,SIMISEAR,,1,LEER
514,SIMISEAR,,1,LICK
514,SIMISEAR,,1,FURY_SWIPES
514,SIMISEAR,,1,FLAME_BURST
515,PANPOUR,,1,SCRATCH
515,PANPOUR,,1,PLAY_NICE
515,PANPOUR,,4,LEER
515,PANPOUR,,7,LICK
515,PANPOUR,,10,WATER_GUN
515,PANPOUR,,13,FURY_SWIPES
515,PANPOUR,,16,WATER_SPORT
515,PANPOUR,,19,BITE
515,PANPOUR,,22,SCALD
515,PANPOUR,,25,TAUNT
515,PANPOUR,,28,FLING
515,PANPOUR,,31,ACROBATICS
515,PANPOUR,,34,BRINE
515,PANPOUR,,37,RECYCLE
515,PANPOUR,,40,NATURAL_GIFT
515,PANPOUR,,43,CRUNCH
516,SIMIPOUR,,RELEARN_MOVE,SCRATCH
516,SIMIPOUR,,RELEARN_MOVE,PLAY_NICE
516,SIMIPOUR,,RELEARN_MOVE,WATER_GUN
516,SIMIPOUR,,RELEARN_MOVE,WATER_SPORT
516,SIMIPOUR,,RELEARN_MOVE,BITE
516,SIMIPOUR,,RELEARN_MOVE,TAUNT
516,SIMIPOUR,,RELEARN_MOVE,FLING
516,SIMIPOUR,,RELEARN_MOVE,ACROBATICS
516,SIMIPOUR,,RELEARN_MOVE,BRINE
516,SIMIPOUR,,RELEARN_MOVE,RECYCLE
516,SIMIPOUR,,RELEARN_MOVE,NATURAL_GIFT
516,SIMIPOUR,,RELEARN_MOVE,CRUNCH
516,SIMIPOUR,,1,LEER
516,SIMIPOUR,,1,LICK
516,SIMIPOUR,,1,FURY_SWIPES
516,SIMIPOUR,,1,SCALD
517,MUNNA,,1,DEFENSE_CURL
517,MUNNA,,1,STORED_POWER
517,MUNNA,,1,PSYWAVE
517,MUNNA,,4,HYPNOSIS
517,MUNNA,,8,PSYBEAM
517,MUNNA,,12,IMPRISON
517,MUNNA,,16,MOONLIGHT
517,MUNNA,,20,MAGIC_COAT
517,MUNNA,,24,ZEN_HEADBUTT
517,MUNNA,,28,CALM_MIND
517,MUNNA,,32,YAWN
517,MUNNA,,36,PSYCHIC
517,MUNNA,,40,MOONBLAST
517,MUNNA,,44,DREAM_EATER
517,MUNNA,,48,FUTURE_SIGHT
517,MUNNA,,52,WONDER_ROOM
518,MUSHARNA,,1,PSYWAVE
518,MUSHARNA,,1,PSYBEAM
518,MUSHARNA,,1,PSYCHIC
518,MUSHARNA,,1,HYPNOSIS
518,MUSHARNA,,1,DEFENSE_CURL
518,MUSHARNA,,1,LUCKY_CHANT
518,MUSHARNA,,1,DREAM_EATER
518,MUSHARNA,,1,MOONLIGHT
518,MUSHARNA,,1,FUTURE_SIGHT
518,MUSHARNA,,1,MAGIC_COAT
518,MUSHARNA,,1,YAWN
518,MUSHARNA,,1,IMPRISON
518,MUSHARNA,,1,CALM_MIND
518,MUSHARNA,,1,ZEN_HEADBUTT
518,MUSHARNA,,1,WONDER_ROOM
518,MUSHARNA,,1,STORED_POWER
518,MUSHARNA,,1,MOONBLAST
518,MUSHARNA,,1,PSYCHIC_TERRAIN
519,PIDOVE,,1,GUST
519,PIDOVE,,1,GROWL
519,PIDOVE,,4,LEER
519,PIDOVE,,8,QUICK_ATTACK
519,PIDOVE,,12,TAUNT
519,PIDOVE,,16,AIR_CUTTER
519,PIDOVE,,20,SWAGGER
519,PIDOVE,,24,FEATHER_DANCE
519,PIDOVE,,28,DETECT
519,PIDOVE,,32,AIR_SLASH
519,PIDOVE,,36,ROOST
519,PIDOVE,,40,TAILWIND
519,PIDOVE,,44,SKY_ATTACK
520,TRANQUILL,,1,GUST
520,TRANQUILL,,1,LEER
520,TRANQUILL,,1,GROWL
520,TRANQUILL,,1,QUICK_ATTACK
520,TRANQUILL,,12,TAUNT
520,TRANQUILL,,16,AIR_CUTTER
520,TRANQUILL,,20,SWAGGER
520,TRANQUILL,,26,FEATHER_DANCE
520,TRANQUILL,,34,DETECT
520,TRANQUILL,,38,AIR_SLASH
520,TRANQUILL,,44,ROOST
520,TRANQUILL,,50,TAILWIND
520,TRANQUILL,,56,SKY_ATTACK
521,UNFEZANT,,1,GUST
521,UNFEZANT,,1,LEER
521,UNFEZANT,,1,GROWL
521,UNFEZANT,,1,QUICK_ATTACK
521,UNFEZANT,,12,TAUNT
521,UNFEZANT,,16,AIR_CUTTER
521,UNFEZANT,,20,SWAGGER
521,UNFEZANT,,26,FEATHER_DANCE
521,UNFEZANT,,36,DETECT
521,UNFEZANT,,42,AIR_SLASH
521,UNFEZANT,,50,ROOST
521,UNFEZANT,,58,TAILWIND
521,UNFEZANT,,66,SKY_ATTACK
522,BLITZLE,,1,QUICK_ATTACK
522,BLITZLE,,4,TAIL_WHIP
522,BLITZLE,,8,CHARGE
522,BLITZLE,,11,SHOCK_WAVE
522,BLITZLE,,15,THUNDER_WAVE
522,BLITZLE,,18,FLAME_CHARGE
522,BLITZLE,,22,SPARK
522,BLITZLE,,25,STOMP
522,BLITZLE,,29,DISCHARGE
522,BLITZLE,,33,AGILITY
522,BLITZLE,,35,WILD_CHARGE
522,BLITZLE,,40,THRASH
523,ZEBSTRIKA,,1,TAIL_WHIP
523,ZEBSTRIKA,,1,THUNDER_WAVE
523,ZEBSTRIKA,,1,QUICK_ATTACK
523,ZEBSTRIKA,,1,CHARGE
523,ZEBSTRIKA,,1,ION_DELUGE
523,ZEBSTRIKA,,11,SHOCK_WAVE
523,ZEBSTRIKA,,18,FLAME_CHARGE
523,ZEBSTRIKA,,25,SPARK
523,ZEBSTRIKA,,31,STOMP
523,ZEBSTRIKA,,36,DISCHARGE
523,ZEBSTRIKA,,42,AGILITY
523,ZEBSTRIKA,,47,WILD_CHARGE
523,ZEBSTRIKA,,53,THRASH
524,ROGGENROLA,,1,SAND_ATTACK
524,ROGGENROLA,,1,TACKLE
524,ROGGENROLA,,4,HARDEN
524,ROGGENROLA,,8,STEALTH_ROCK
524,ROGGENROLA,,12,MUD_SLAP
524,ROGGENROLA,,16,SMACK_DOWN
524,ROGGENROLA,,20,IRON_DEFENSE
524,ROGGENROLA,,24,HEADBUTT
524,ROGGENROLA,,28,ROCK_SLIDE
524,ROGGENROLA,,32,ROCK_BLAST
524,ROGGENROLA,,36,SANDSTORM
524,ROGGENROLA,,40,STONE_EDGE
524,ROGGENROLA,,44,EXPLOSION
525,BOLDORE,,EVOLVE_MOVE,POWER_GEM
525,BOLDORE,,1,SAND_ATTACK
525,BOLDORE,,1,TACKLE
525,BOLDORE,,1,HARDEN
525,BOLDORE,,1,STEALTH_ROCK
525,BOLDORE,,12,MUD_SLAP
525,BOLDORE,,16,SMACK_DOWN
525,BOLDORE,,20,IRON_DEFENSE
525,BOLDORE,,24,HEADBUTT
525,BOLDORE,,30,ROCK_SLIDE
525,BOLDORE,,36,ROCK_BLAST
525,BOLDORE,,42,SANDSTORM
525,BOLDORE,,48,STONE_EDGE
525,BOLDORE,,54,EXPLOSION
526,GIGALITH,,1,SAND_ATTACK
526,GIGALITH,,1,TACKLE
526,GIGALITH,,1,HARDEN
526,GIGALITH,,1,POWER_GEM
526,GIGALITH,,1,STEALTH_ROCK
526,GIGALITH,,12,MUD_SLAP
526,GIGALITH,,16,SMACK_DOWN
526,GIGALITH,,20,IRON_DEFENSE
526,GIGALITH,,24,HEADBUTT
526,GIGALITH,,30,ROCK_SLIDE
526,GIGALITH,,36,ROCK_BLAST
526,GIGALITH,,42,SANDSTORM
526,GIGALITH,,48,STONE_EDGE
526,GIGALITH,,54,EXPLOSION
527,WOOBAT,,1,GUST
527,WOOBAT,,1,ATTRACT
527,WOOBAT,,5,CONFUSION
527,WOOBAT,,10,ENDEAVOR
527,WOOBAT,,15,AIR_CUTTER
527,WOOBAT,,20,IMPRISON
527,WOOBAT,,25,ASSURANCE
527,WOOBAT,,30,AMNESIA
527,WOOBAT,,35,AIR_SLASH
527,WOOBAT,,40,PSYCHIC
527,WOOBAT,,45,CALM_MIND
527,WOOBAT,,50,FUTURE_SIGHT
527,WOOBAT,,55,SIMPLE_BEAM
528,SWOOBAT,,1,GUST
528,SWOOBAT,,1,CONFUSION
528,SWOOBAT,,1,ATTRACT
528,SWOOBAT,,1,ENDEAVOR
528,SWOOBAT,,15,AIR_CUTTER
528,SWOOBAT,,20,IMPRISON
528,SWOOBAT,,25,ASSURANCE
528,SWOOBAT,,30,AMNESIA
528,SWOOBAT,,35,AIR_SLASH
528,SWOOBAT,,40,PSYCHIC
528,SWOOBAT,,45,CALM_MIND
528,SWOOBAT,,50,FUTURE_SIGHT
528,SWOOBAT,,55,SIMPLE_BEAM
529,DRILBUR,,1,MUD_SLAP
529,DRILBUR,,1,RAPID_SPIN
529,DRILBUR,,1,MUD_SPORT
529,DRILBUR,,4,SCRATCH
529,DRILBUR,,8,HONE_CLAWS
529,DRILBUR,,12,FURY_SWIPES
529,DRILBUR,,16,METAL_CLAW
529,DRILBUR,,20,SANDSTORM
529,DRILBUR,,24,CRUSH_CLAW
529,DRILBUR,,28,ROCK_SLIDE
529,DRILBUR,,32,DIG
529,DRILBUR,,36,SWORDS_DANCE
529,DRILBUR,,40,DRILL_RUN
529,DRILBUR,,44,EARTHQUAKE
529,DRILBUR,,48,FISSURE
530,EXCADRILL,,EVOLVE_MOVE,HORN_DRILL
530,EXCADRILL,,1,SCRATCH
530,EXCADRILL,,1,MUD_SLAP
530,EXCADRILL,,1,RAPID_SPIN
530,EXCADRILL,,1,MUD_SPORT
530,EXCADRILL,,1,ROTOTILLER
530,EXCADRILL,,1,HONE_CLAWS
530,EXCADRILL,,12,FURY_SWIPES
530,EXCADRILL,,16,METAL_CLAW
530,EXCADRILL,,20,SANDSTORM
530,EXCADRILL,,24,CRUSH_CLAW
530,EXCADRILL,,28,ROCK_SLIDE
530,EXCADRILL,,34,DIG
530,EXCADRILL,,40,SWORDS_DANCE
530,EXCADRILL,,46,DRILL_RUN
530,EXCADRILL,,52,EARTHQUAKE
530,EXCADRILL,,58,FISSURE
531,AUDINO,,1,POUND
531,AUDINO,,1,PLAY_NICE
531,AUDINO,,4,DISARMING_VOICE
531,AUDINO,,9,BABY_DOLL_EYES
531,AUDINO,,12,HELPING_HAND
531,AUDINO,,16,GROWL
531,AUDINO,,20,ZEN_HEADBUTT
531,AUDINO,,24,LIFE_DEW
531,AUDINO,,28,AFTER_YOU
531,AUDINO,,32,TAKE_DOWN
531,AUDINO,,36,SIMPLE_BEAM
531,AUDINO,,40,HYPER_VOICE
531,AUDINO,,44,HEAL_PULSE
531,AUDINO,,48,DOUBLE_EDGE
531,AUDINO,,52,ENTRAINMENT
531,AUDINO,,56,MISTY_TERRAIN
531,AUDINO,,60,LAST_RESORT
532,TIMBURR,,1,POUND
532,TIMBURR,,1,LEER
532,TIMBURR,,4,LOW_KICK
532,TIMBURR,,8,ROCK_THROW
532,TIMBURR,,12,FOCUS_ENERGY
532,TIMBURR,,16,BULK_UP
532,TIMBURR,,20,ROCK_SLIDE
532,TIMBURR,,24,SLAM
532,TIMBURR,,28,SCARY_FACE
532,TIMBURR,,32,DYNAMIC_PUNCH
532,TIMBURR,,36,HAMMER_ARM
532,TIMBURR,,40,STONE_EDGE
532,TIMBURR,,44,SUPERPOWER
532,TIMBURR,,48,FOCUS_PUNCH
533,GURDURR,,1,POUND
533,GURDURR,,1,LEER
533,GURDURR,,1,LOW_KICK
533,GURDURR,,1,ROCK_THROW
533,GURDURR,,1,BIDE
533,GURDURR,,12,FOCUS_ENERGY
533,GURDURR,,16,BULK_UP
533,GURDURR,,20,ROCK_SLIDE
533,GURDURR,,24,SLAM
533,GURDURR,,30,SCARY_FACE
533,GURDURR,,36,DYNAMIC_PUNCH
533,GURDURR,,42,HAMMER_ARM
533,GURDURR,,48,STONE_EDGE
533,GURDURR,,54,SUPERPOWER
533,GURDURR,,60,FOCUS_PUNCH
534,CONKELDURR,,1,POUND
534,CONKELDURR,,1,LEER
534,CONKELDURR,,1,LOW_KICK
534,CONKELDURR,,1,ROCK_THROW
534,CONKELDURR,,1,BIDE
534,CONKELDURR,,12,FOCUS_ENERGY
534,CONKELDURR,,16,BULK_UP
534,CONKELDURR,,20,ROCK_SLIDE
534,CONKELDURR,,24,SLAM
534,CONKELDURR,,30,SCARY_FACE
534,CONKELDURR,,36,DYNAMIC_PUNCH
534,CONKELDURR,,42,HAMMER_ARM
534,CONKELDURR,,48,STONE_EDGE
534,CONKELDURR,,54,SUPERPOWER
534,CONKELDURR,,60,FOCUS_PUNCH
535,TYMPOLE,,1,BUBBLE
535,TYMPOLE,,1,GROWL
535,TYMPOLE,,1,ECHOED_VOICE
535,TYMPOLE,,4,ACID
535,TYMPOLE,,8,SUPERSONIC
535,TYMPOLE,,12,MUD_SHOT
535,TYMPOLE,,16,ROUND
535,TYMPOLE,,20,BUBBLE_BEAM
535,TYMPOLE,,24,FLAIL
535,TYMPOLE,,28,UPROAR
535,TYMPOLE,,32,AQUA_RING
535,TYMPOLE,,36,HYPER_VOICE
535,TYMPOLE,,40,MUDDY_WATER
535,TYMPOLE,,44,RAIN_DANCE
535,TYMPOLE,,48,HYDRO_PUMP
536,PALPITOAD,,1,BUBBLE
536,PALPITOAD,,1,GROWL
536,PALPITOAD,,1,SUPERSONIC
536,PALPITOAD,,1,ACID
536,PALPITOAD,,1,ECHOED_VOICE
536,PALPITOAD,,12,MUD_SHOT
536,PALPITOAD,,16,ROUND
536,PALPITOAD,,20,BUBBLE_BEAM
536,PALPITOAD,,24,FLAIL
536,PALPITOAD,,30,UPROAR
536,PALPITOAD,,37,AQUA_RING
536,PALPITOAD,,42,HYPER_VOICE
536,PALPITOAD,,48,MUDDY_WATER
536,PALPITOAD,,54,RAIN_DANCE
536,PALPITOAD,,60,HYDRO_PUMP
537,SEISMITOAD,,EVOLVE_MOVE,DRAIN_PUNCH
537,SEISMITOAD,,1,BUBBLE
537,SEISMITOAD,,1,GROWL
537,SEISMITOAD,,1,SUPERSONIC
537,SEISMITOAD,,1,ACID
537,SEISMITOAD,,1,GASTRO_ACID
537,SEISMITOAD,,1,ECHOED_VOICE
537,SEISMITOAD,,12,MUD_SHOT
537,SEISMITOAD,,16,ROUND
537,SEISMITOAD,,20,BUBBLE_BEAM
537,SEISMITOAD,,24,FLAIL
537,SEISMITOAD,,30,UPROAR
537,SEISMITOAD,,39,AQUA_RING
537,SEISMITOAD,,46,HYPER_VOICE
537,SEISMITOAD,,54,MUDDY_WATER
537,SEISMITOAD,,62,RAIN_DANCE
537,SEISMITOAD,,70,HYDRO_PUMP
538,THROH,,1,ROCK_SMASH
538,THROH,,1,LEER
538,THROH,,1,BIDE
538,THROH,,1,MAT_BLOCK
538,THROH,,1,BIND
538,THROH,,5,FOCUS_ENERGY
538,THROH,,10,CIRCLE_THROW
538,THROH,,15,WIDE_GUARD
538,THROH,,20,REVENGE
538,THROH,,25,BULK_UP
538,THROH,,30,STORM_THROW
538,THROH,,35,VITAL_THROW
538,THROH,,40,SEISMIC_TOSS
538,THROH,,45,ENDURE
538,THROH,,50,REVERSAL
538,THROH,,55,SUPERPOWER
539,SAWK,,1,LEER
539,SAWK,,1,ROCK_SMASH
539,SAWK,,1,BIDE
539,SAWK,,5,FOCUS_ENERGY
539,SAWK,,10,DOUBLE_KICK
539,SAWK,,15,QUICK_GUARD
539,SAWK,,20,LOW_SWEEP
539,SAWK,,25,BULK_UP
539,SAWK,,30,RETALIATE
539,SAWK,,35,BRICK_BREAK
539,SAWK,,40,COUNTER
539,SAWK,,45,ENDURE
539,SAWK,,50,REVERSAL
539,SAWK,,55,CLOSE_COMBAT
540,SEWADDLE,,1,TACKLE
540,SEWADDLE,,1,STRING_SHOT
540,SEWADDLE,,8,BUG_BITE
540,SEWADDLE,,15,RAZOR_LEAF
540,SEWADDLE,,22,STRUGGLE_BUG
540,SEWADDLE,,29,ENDURE
540,SEWADDLE,,31,STICKY_WEB
540,SEWADDLE,,36,BUG_BUZZ
540,SEWADDLE,,43,FLAIL
541,SWADLOON,,EVOLVE_MOVE,PROTECT
541,SWADLOON,,1,TACKLE
541,SWADLOON,,1,RAZOR_LEAF
541,SWADLOON,,1,STRING_SHOT
541,SWADLOON,,1,BUG_BITE
541,SWADLOON,,1,GRASS_WHISTLE
541,SWADLOON,,22,STRUGGLE_BUG
541,SWADLOON,,29,ENDURE
541,SWADLOON,,31,STICKY_WEB
541,SWADLOON,,36,BUG_BUZZ
541,SWADLOON,,43,FLAIL
542,LEAVANNY,,EVOLVE_MOVE,SLASH
542,LEAVANNY,,RELEARN_MOVE,BUG_BITE
542,LEAVANNY,,RELEARN_MOVE,STICKY_WEB
542,LEAVANNY,,RELEARN_MOVE,BUG_BUZZ
542,LEAVANNY,,1,PROTECT
542,LEAVANNY,,1,TACKLE
542,LEAVANNY,,1,RAZOR_LEAF
542,LEAVANNY,,1,STRING_SHOT
542,LEAVANNY,,1,GRASS_WHISTLE
542,LEAVANNY,,1,ENDURE
542,LEAVANNY,,1,FLAIL
542,LEAVANNY,,1,FALSE_SWIPE
542,LEAVANNY,,22,STRUGGLE_BUG
542,LEAVANNY,,29,FELL_STINGER
542,LEAVANNY,,32,HELPING_HAND
542,LEAVANNY,,36,LEAF_BLADE
542,LEAVANNY,,39,X_SCISSOR
542,LEAVANNY,,43,ENTRAINMENT
542,LEAVANNY,,46,SWORDS_DANCE
542,LEAVANNY,,50,LEAF_STORM
543,VENIPEDE,,1,POISON_STING
543,VENIPEDE,,1,DEFENSE_CURL
543,VENIPEDE,,4,ROLLOUT
543,VENIPEDE,,8,PROTECT
543,VENIPEDE,,12,POISON_TAIL
543,VENIPEDE,,16,SCREECH
543,VENIPEDE,,20,BUG_BITE
543,VENIPEDE,,24,VENOSHOCK
543,VENIPEDE,,28,TAKE_DOWN
543,VENIPEDE,,32,AGILITY
543,VENIPEDE,,36,TOXIC
543,VENIPEDE,,40,VENOM_DRENCH
543,VENIPEDE,,44,DOUBLE_EDGE
544,WHIRLIPEDE,,EVOLVE_MOVE,IRON_DEFENSE
544,WHIRLIPEDE,,1,POISON_STING
544,WHIRLIPEDE,,1,DEFENSE_CURL
544,WHIRLIPEDE,,1,PROTECT
544,WHIRLIPEDE,,1,ROLLOUT
544,WHIRLIPEDE,,12,POISON_TAIL
544,WHIRLIPEDE,,16,SCREECH
544,WHIRLIPEDE,,20,BUG_BITE
544,WHIRLIPEDE,,26,VENOSHOCK
544,WHIRLIPEDE,,32,TAKE_DOWN
544,WHIRLIPEDE,,38,AGILITY
544,WHIRLIPEDE,,44,TOXIC
544,WHIRLIPEDE,,50,VENOM_DRENCH
544,WHIRLIPEDE,,56,DOUBLE_EDGE
545,SCOLIPEDE,,1,POISON_STING
545,SCOLIPEDE,,1,DEFENSE_CURL
545,SCOLIPEDE,,1,PROTECT
545,SCOLIPEDE,,1,ROLLOUT
545,SCOLIPEDE,,1,BATON_PASS
545,SCOLIPEDE,,1,IRON_DEFENSE
545,SCOLIPEDE,,12,POISON_TAIL
545,SCOLIPEDE,,16,SCREECH
545,SCOLIPEDE,,20,BUG_BITE
545,SCOLIPEDE,,26,VENOSHOCK
545,SCOLIPEDE,,34,TAKE_DOWN
545,SCOLIPEDE,,42,AGILITY
545,SCOLIPEDE,,50,TOXIC
545,SCOLIPEDE,,58,VENOM_DRENCH
545,SCOLIPEDE,,66,DOUBLE_EDGE
545,SCOLIPEDE,,74,MEGAHORN
546,COTTONEE,,1,ABSORB
546,COTTONEE,,1,HELPING_HAND
546,COTTONEE,,3,FAIRY_WIND
546,COTTONEE,,6,STUN_SPORE
546,COTTONEE,,12,MEGA_DRAIN
546,COTTONEE,,15,RAZOR_LEAF
546,COTTONEE,,18,GROWTH
546,COTTONEE,,21,POISON_POWDER
546,COTTONEE,,24,GIGA_DRAIN
546,COTTONEE,,27,CHARM
546,COTTONEE,,30,LEECH_SEED
546,COTTONEE,,33,COTTON_SPORE
546,COTTONEE,,36,ENERGY_BALL
546,COTTONEE,,39,SUNNY_DAY
546,COTTONEE,,42,ENDEAVOR
546,COTTONEE,,45,COTTON_GUARD
546,COTTONEE,,48,SOLAR_BEAM
547,WHIMSICOTT,,1,GUST
547,WHIMSICOTT,,1,ABSORB
547,WHIMSICOTT,,1,MEGA_DRAIN
547,WHIMSICOTT,,1,LEECH_SEED
547,WHIMSICOTT,,1,GROWTH
547,WHIMSICOTT,,1,RAZOR_LEAF
547,WHIMSICOTT,,1,SOLAR_BEAM
547,WHIMSICOTT,,1,POISON_POWDER
547,WHIMSICOTT,,1,STUN_SPORE
547,WHIMSICOTT,,1,COTTON_SPORE
547,WHIMSICOTT,,1,GIGA_DRAIN
547,WHIMSICOTT,,1,CHARM
547,WHIMSICOTT,,1,SUNNY_DAY
547,WHIMSICOTT,,1,MEMENTO
547,WHIMSICOTT,,1,HELPING_HAND
547,WHIMSICOTT,,1,ENDEAVOR
547,WHIMSICOTT,,1,TAILWIND
547,WHIMSICOTT,,1,ENERGY_BALL
547,WHIMSICOTT,,1,COTTON_GUARD
547,WHIMSICOTT,,1,HURRICANE
547,WHIMSICOTT,,1,FAIRY_WIND
547,WHIMSICOTT,,1,MOONBLAST
548,PETILIL,,1,ABSORB
548,PETILIL,,1,GROWTH
548,PETILIL,,3,HELPING_HAND
548,PETILIL,,6,STUN_SPORE
548,PETILIL,,9,MEGA_DRAIN
548,PETILIL,,12,CHARM
548,PETILIL,,15,MAGICAL_LEAF
548,PETILIL,,18,SLEEP_POWDER
548,PETILIL,,21,GIGA_DRAIN
548,PETILIL,,24,LEECH_SEED
548,PETILIL,,27,AFTER_YOU
548,PETILIL,,30,ENERGY_BALL
548,PETILIL,,33,SYNTHESIS
548,PETILIL,,36,SUNNY_DAY
548,PETILIL,,39,ENTRAINMENT
548,PETILIL,,42,LEAF_STORM
549,LILLIGANT,,EVOLVE_MOVE,PETAL_DANCE
549,LILLIGANT,,1,ABSORB
549,LILLIGANT,,1,MEGA_DRAIN
549,LILLIGANT,,1,LEECH_SEED
549,LILLIGANT,,1,GROWTH
549,LILLIGANT,,1,STUN_SPORE
549,LILLIGANT,,1,SLEEP_POWDER
549,LILLIGANT,,1,GIGA_DRAIN
549,LILLIGANT,,1,CHARM
549,LILLIGANT,,1,SYNTHESIS
549,LILLIGANT,,1,SUNNY_DAY
549,LILLIGANT,,1,HELPING_HAND
549,LILLIGANT,,1,TEETER_DANCE
549,LILLIGANT,,1,ENERGY_BALL
549,LILLIGANT,,1,LEAF_STORM
549,LILLIGANT,,1,QUIVER_DANCE
549,LILLIGANT,,1,ENTRAINMENT
549,LILLIGANT,,1,AFTER_YOU
549,LILLIGANT,,1,PETAL_BLIZZARD
549,LILLIGANT,,5,MAGICAL_LEAF
550,BASCULIN,,1,TAIL_WHIP
550,BASCULIN,,1,WATER_GUN
550,BASCULIN,,4,TACKLE
550,BASCULIN,,8,FLAIL
550,BASCULIN,,12,AQUA_JET
550,BASCULIN,,16,BITE
550,BASCULIN,,20,SCARY_FACE
550,BASCULIN,,24,HEADBUTT
550,BASCULIN,,28,SOAK
550,BASCULIN,,32,CRUNCH
550,BASCULIN,,36,TAKE_DOWN
550,BASCULIN,,44,WAVE_CRASH
550,BASCULIN,,48,THRASH
550,BASCULIN,,52,DOUBLE_EDGE
550,BASCULIN,,56,HEAD_SMASH
550,BASCULIN,red-striped,40,FINAL_GAMBIT
550,BASCULIN,blue-striped,40,FINAL_GAMBIT
550,BASCULIN,white-striped,40,UPROAR
551,SANDILE,,1,LEER
551,SANDILE,,1,POWER_TRIP
551,SANDILE,,3,SAND_ATTACK
551,SANDILE,,6,HONE_CLAWS
551,SANDILE,,9,SAND_TOMB
551,SANDILE,,12,SCARY_FACE
551,SANDILE,,15,BITE
551,SANDILE,,18,TORMENT
551,SANDILE,,21,DIG
551,SANDILE,,24,SWAGGER
551,SANDILE,,27,CRUNCH
551,SANDILE,,30,SANDSTORM
551,SANDILE,,33,FOUL_PLAY
551,SANDILE,,36,EARTHQUAKE
551,SANDILE,,39,THRASH
552,KROKOROK,,1,SAND_ATTACK
552,KROKOROK,,1,LEER
552,KROKOROK,,1,HONE_CLAWS
552,KROKOROK,,1,POWER_TRIP
552,KROKOROK,,9,SAND_TOMB
552,KROKOROK,,12,SCARY_FACE
552,KROKOROK,,15,BITE
552,KROKOROK,,18,TORMENT
552,KROKOROK,,21,DIG
552,KROKOROK,,24,SWAGGER
552,KROKOROK,,27,CRUNCH
552,KROKOROK,,32,SANDSTORM
552,KROKOROK,,35,FOUL_PLAY
552,KROKOROK,,42,EARTHQUAKE
552,KROKOROK,,47,THRASH
553,KROOKODILE,,1,SAND_ATTACK
553,KROOKODILE,,1,LEER
553,KROOKODILE,,1,HONE_CLAWS
553,KROOKODILE,,1,POWER_TRIP
553,KROOKODILE,,9,SAND_TOMB
553,KROOKODILE,,12,SCARY_FACE
553,KROOKODILE,,15,BITE
553,KROOKODILE,,18,TORMENT
553,KROOKODILE,,21,DIG
553,KROOKODILE,,24,SWAGGER
553,KROOKODILE,,27,CRUNCH
553,KROOKODILE,,32,SANDSTORM
553,KROOKODILE,,35,FOUL_PLAY
553,KROOKODILE,,44,EARTHQUAKE
553,KROOKODILE,,51,THRASH
553,KROOKODILE,,58,OUTRAGE
554,DARUMAKA,,1,TACKLE
554,DARUMAKA,,1,EMBER
554,DARUMAKA,,4,TAUNT
554,DARUMAKA,,8,BITE
554,DARUMAKA,,12,INCINERATE
554,DARUMAKA,,16,WORK_UP
554,DARUMAKA,,20,FIRE_FANG
554,DARUMAKA,,24,HEADBUTT
554,DARUMAKA,,28,FIRE_PUNCH
554,DARUMAKA,,32,UPROAR
554,DARUMAKA,,36,BELLY_DRUM
554,DARUMAKA,,40,FLARE_BLITZ
554,DARUMAKA,,44,THRASH
554,DARUMAKA,,48,SUPERPOWER
555,DARMANITAN,,EVOLVE_MOVE,HAMMER_ARM
555,DARMANITAN,,1,TACKLE
555,DARMANITAN,,1,BITE
555,DARMANITAN,,1,EMBER
555,DARMANITAN,,1,TAUNT
555,DARMANITAN,,12,INCINERATE
555,DARMANITAN,,16,WORK_UP
555,DARMANITAN,,20,FIRE_FANG
555,DARMANITAN,,24,HEADBUTT
555,DARMANITAN,,28,FIRE_PUNCH
555,DARMANITAN,,32,UPROAR
555,DARMANITAN,,38,BELLY_DRUM
555,DARMANITAN,,44,FLARE_BLITZ
555,DARMANITAN,,50,THRASH
555,DARMANITAN,,56,SUPERPOWER
556,MARACTUS,,1,PECK
556,MARACTUS,,1,ABSORB
556,MARACTUS,,1,INGRAIN
556,MARACTUS,,1,AFTER_YOU
556,MARACTUS,,1,SPIKY_SHIELD
556,MARACTUS,,4,GROWTH
556,MARACTUS,,8,MEGA_DRAIN
556,MARACTUS,,12,LEECH_SEED
556,MARACTUS,,16,SUCKER_PUNCH
556,MARACTUS,,20,PIN_MISSILE
556,MARACTUS,,24,GIGA_DRAIN
556,MARACTUS,,28,SWEET_SCENT
556,MARACTUS,,32,SYNTHESIS
556,MARACTUS,,36,PETAL_BLIZZARD
556,MARACTUS,,40,COTTON_SPORE
556,MARACTUS,,44,SUNNY_DAY
556,MARACTUS,,48,SOLAR_BEAM
556,MARACTUS,,52,ACUPRESSURE
556,MARACTUS,,56,PETAL_DANCE
556,MARACTUS,,60,COTTON_GUARD
557,DWEBBLE,,1,SAND_ATTACK
557,DWEBBLE,,1,FURY_CUTTER
557,DWEBBLE,,4,WITHDRAW
557,DWEBBLE,,8,SMACK_DOWN
557,DWEBBLE,,12,BUG_BITE
557,DWEBBLE,,16,FLAIL
557,DWEBBLE,,20,SLASH
557,DWEBBLE,,24,ROCK_SLIDE
557,DWEBBLE,,28,STEALTH_ROCK
557,DWEBBLE,,32,ROCK_BLAST
557,DWEBBLE,,36,X_SCISSOR
557,DWEBBLE,,40,ROCK_POLISH
557,DWEBBLE,,44,SHELL_SMASH
557,DWEBBLE,,48,ROCK_WRECKER
558,CRUSTLE,,1,SAND_ATTACK
558,CRUSTLE,,1,WITHDRAW
558,CRUSTLE,,1,FURY_CUTTER
558,CRUSTLE,,1,SMACK_DOWN
558,CRUSTLE,,12,BUG_BITE
558,CRUSTLE,,16,FLAIL
558,CRUSTLE,,20,SLASH
558,CRUSTLE,,24,ROCK_SLIDE
558,CRUSTLE,,28,STEALTH_ROCK
558,CRUSTLE,,32,ROCK_BLAST
558,CRUSTLE,,38,X_SCISSOR
558,CRUSTLE,,44,ROCK_POLISH
558,CRUSTLE,,50,SHELL_SMASH
558,CRUSTLE,,56,ROCK_WRECKER
559,SCRAGGY,,1,LEER
559,SCRAGGY,,1,LOW_KICK
559,SCRAGGY,,4,PAYBACK
559,SCRAGGY,,8,HEADBUTT
559,SCRAGGY,,12,SAND_ATTACK
559,SCRAGGY,,16,FACADE
559,SCRAGGY,,20,PROTECT
559,SCRAGGY,,24,BEAT_UP
559,SCRAGGY,,28,SCARY_FACE
559,SCRAGGY,,32,BRICK_BREAK
559,SCRAGGY,,36,SWAGGER
559,SCRAGGY,,40,CRUNCH
559,SCRAGGY,,44,HIGH_JUMP_KICK
559,SCRAGGY,,48,FOCUS_PUNCH
559,SCRAGGY,,52,HEAD_SMASH
560,SCRAFTY,,1,HEADBUTT
560,SCRAFTY,,1,LEER
560,SCRAFTY,,1,LOW_KICK
560,SCRAFTY,,1,PAYBACK
560,SCRAFTY,,1,FEINT_ATTACK
560,SCRAFTY,,12,SAND_ATTACK
560,SCRAFTY,,16,FACADE
560,SCRAFTY,,20,PROTECT
560,SCRAFTY,,24,BEAT_UP
560,SCRAFTY,,28,SCARY_FACE
560,SCRAFTY,,32,BRICK_BREAK
560,SCRAFTY,,36,SWAGGER
560,SCRAFTY,,42,CRUNCH
560,SCRAFTY,,48,HIGH_JUMP_KICK
560,SCRAFTY,,54,FOCUS_PUNCH
560,SCRAFTY,,60,HEAD_SMASH
561,SIGILYPH,,1,GUST
561,SIGILYPH,,1,CONFUSION
561,SIGILYPH,,5,GRAVITY
561,SIGILYPH,,10,HYPNOSIS
561,SIGILYPH,,15,AIR_CUTTER
561,SIGILYPH,,20,PSYBEAM
561,SIGILYPH,,25,WHIRLWIND
561,SIGILYPH,,30,COSMIC_POWER
561,SIGILYPH,,35,AIR_SLASH
561,SIGILYPH,,40,PSYCHIC
561,SIGILYPH,,45,TAILWIND
561,SIGILYPH,,50,LIGHT_SCREEN
561,SIGILYPH,,50,REFLECT
561,SIGILYPH,,55,SKY_ATTACK
561,SIGILYPH,,60,SKILL_SWAP
562,YAMASK,,1,PROTECT
562,YAMASK,,1,ASTONISH
562,YAMASK,,1,HEAL_BLOCK
562,YAMASK,,4,HAZE
562,YAMASK,,8,NIGHT_SHADE
562,YAMASK,,12,DISABLE
562,YAMASK,,16,WILL_O_WISP
562,YAMASK,,20,CRAFTY_SHIELD
562,YAMASK,,24,HEX
562,YAMASK,,28,MEAN_LOOK
562,YAMASK,,32,GRUDGE
562,YAMASK,,36,CURSE
562,YAMASK,,40,SHADOW_BALL
562,YAMASK,,44,DARK_PULSE
562,YAMASK,,48,GUARD_SPLIT
562,YAMASK,,48,POWER_SPLIT
562,YAMASK,,52,DESTINY_BOND
563,COFAGRIGUS,,EVOLVE_MOVE,SHADOW_CLAW
563,COFAGRIGUS,,1,NIGHT_SHADE
563,COFAGRIGUS,,1,HAZE
563,COFAGRIGUS,,1,PROTECT
563,COFAGRIGUS,,1,SCARY_FACE
563,COFAGRIGUS,,1,ASTONISH
563,COFAGRIGUS,,1,HEAL_BLOCK
563,COFAGRIGUS,,12,DISABLE
563,COFAGRIGUS,,16,WILL_O_WISP
563,COFAGRIGUS,,20,CRAFTY_SHIELD
563,COFAGRIGUS,,24,HEX
563,COFAGRIGUS,,28,MEAN_LOOK
563,COFAGRIGUS,,32,GRUDGE
563,COFAGRIGUS,,38,CURSE
563,COFAGRIGUS,,44,SHADOW_BALL
563,COFAGRIGUS,,50,DARK_PULSE
563,COFAGRIGUS,,56,GUARD_SPLIT
563,COFAGRIGUS,,56,POWER_SPLIT
563,COFAGRIGUS,,62,DESTINY_BOND
564,TIRTOUGA,,1,WATER_GUN
564,TIRTOUGA,,1,WITHDRAW
564,TIRTOUGA,,1,BIDE
564,TIRTOUGA,,3,PROTECT
564,TIRTOUGA,,6,AQUA_JET
564,TIRTOUGA,,9,SMACK_DOWN
564,TIRTOUGA,,12,ANCIENT_POWER
564,TIRTOUGA,,15,BITE
564,TIRTOUGA,,18,WIDE_GUARD
564,TIRTOUGA,,21,BRINE
564,TIRTOUGA,,24,ROCK_SLIDE
564,TIRTOUGA,,27,CRUNCH
564,TIRTOUGA,,30,CURSE
564,TIRTOUGA,,33,IRON_DEFENSE
564,TIRTOUGA,,36,AQUA_TAIL
564,TIRTOUGA,,39,RAIN_DANCE
564,TIRTOUGA,,42,HYDRO_PUMP
564,TIRTOUGA,,45,SHELL_SMASH
565,CARRACOSTA,,1,WATER_GUN
565,CARRACOSTA,,1,WITHDRAW
565,CARRACOSTA,,1,PROTECT
565,CARRACOSTA,,1,AQUA_JET
565,CARRACOSTA,,1,BIDE
565,CARRACOSTA,,9,SMACK_DOWN
565,CARRACOSTA,,12,ANCIENT_POWER
565,CARRACOSTA,,15,BITE
565,CARRACOSTA,,18,WIDE_GUARD
565,CARRACOSTA,,21,BRINE
565,CARRACOSTA,,24,ROCK_SLIDE
565,CARRACOSTA,,27,CRUNCH
565,CARRACOSTA,,30,CURSE
565,CARRACOSTA,,33,IRON_DEFENSE
565,CARRACOSTA,,36,AQUA_TAIL
565,CARRACOSTA,,41,RAIN_DANCE
565,CARRACOSTA,,46,HYDRO_PUMP
565,CARRACOSTA,,51,SHELL_SMASH
566,ARCHEN,,1,LEER
566,ARCHEN,,1,QUICK_ATTACK
566,ARCHEN,,3,ROCK_THROW
566,ARCHEN,,6,WING_ATTACK
566,ARCHEN,,9,DRAGON_BREATH
566,ARCHEN,,12,ANCIENT_POWER
566,ARCHEN,,15,PLUCK
566,ARCHEN,,18,QUICK_GUARD
566,ARCHEN,,21,U_TURN
566,ARCHEN,,24,ROCK_SLIDE
566,ARCHEN,,27,SCARY_FACE
566,ARCHEN,,30,CRUNCH
566,ARCHEN,,33,AGILITY
566,ARCHEN,,36,TAILWIND
566,ARCHEN,,39,DRAGON_CLAW
566,ARCHEN,,42,THRASH
566,ARCHEN,,45,ENDEAVOR
567,ARCHEOPS,,1,WING_ATTACK
567,ARCHEOPS,,1,LEER
567,ARCHEOPS,,1,ROCK_THROW
567,ARCHEOPS,,1,QUICK_ATTACK
567,ARCHEOPS,,9,DRAGON_BREATH
567,ARCHEOPS,,12,ANCIENT_POWER
567,ARCHEOPS,,15,PLUCK
567,ARCHEOPS,,18,QUICK_GUARD
567,ARCHEOPS,,21,U_TURN
567,ARCHEOPS,,24,ROCK_SLIDE
567,ARCHEOPS,,27,SCARY_FACE
567,ARCHEOPS,,30,CRUNCH
567,ARCHEOPS,,33,AGILITY
567,ARCHEOPS,,36,TAILWIND
567,ARCHEOPS,,41,DRAGON_CLAW
567,ARCHEOPS,,46,THRASH
567,ARCHEOPS,,51,ENDEAVOR
568,TRUBBISH,,1,POUND
568,TRUBBISH,,1,POISON_GAS
568,TRUBBISH,,3,RECYCLE
568,TRUBBISH,,6,ACID_SPRAY
568,TRUBBISH,,9,AMNESIA
568,TRUBBISH,,12,CLEAR_SMOG
568,TRUBBISH,,15,TOXIC_SPIKES
568,TRUBBISH,,18,SLUDGE
568,TRUBBISH,,21,STOCKPILE
568,TRUBBISH,,21,SWALLOW
568,TRUBBISH,,24,TAKE_DOWN
568,TRUBBISH,,27,SLUDGE_BOMB
568,TRUBBISH,,30,TOXIC
568,TRUBBISH,,33,BELCH
568,TRUBBISH,,37,PAIN_SPLIT
568,TRUBBISH,,39,GUNK_SHOT
568,TRUBBISH,,42,EXPLOSION
569,GARBODOR,,1,POUND
569,GARBODOR,,1,TAKE_DOWN
569,GARBODOR,,1,POISON_GAS
569,GARBODOR,,1,METAL_CLAW
569,GARBODOR,,1,RECYCLE
569,GARBODOR,,1,ACID_SPRAY
569,GARBODOR,,9,AMNESIA
569,GARBODOR,,12,CLEAR_SMOG
569,GARBODOR,,15,TOXIC_SPIKES
569,GARBODOR,,18,SLUDGE
569,GARBODOR,,21,STOCKPILE
569,GARBODOR,,21,SWALLOW
569,GARBODOR,,24,BODY_SLAM
569,GARBODOR,,27,SLUDGE_BOMB
569,GARBODOR,,30,TOXIC
569,GARBODOR,,33,BELCH
569,GARBODOR,,39,PAIN_SPLIT
569,GARBODOR,,43,GUNK_SHOT
569,GARBODOR,,48,EXPLOSION
570,ZORUA,,1,SCRATCH
570,ZORUA,,1,LEER
570,ZORUA,,4,TORMENT
570,ZORUA,,8,HONE_CLAWS
570,ZORUA,,12,FURY_SWIPES
570,ZORUA,,16,SCARY_FACE
570,ZORUA,,20,TAUNT
570,ZORUA,,24,KNOCK_OFF
570,ZORUA,,28,FAKE_TEARS
570,ZORUA,,32,AGILITY
570,ZORUA,,36,IMPRISON
570,ZORUA,,40,NIGHT_DAZE
570,ZORUA,,44,NASTY_PLOT
570,ZORUA,,48,FOUL_PLAY
571,ZOROARK,,EVOLVE_MOVE,NIGHT_SLASH
571,ZOROARK,,1,SCRATCH
571,ZOROARK,,1,LEER
571,ZOROARK,,1,TORMENT
571,ZOROARK,,1,U_TURN
571,ZOROARK,,1,HONE_CLAWS
571,ZOROARK,,1,SCARY_FACE
571,ZOROARK,,1,PURSUIT
571,ZOROARK,,12,FURY_SWIPES
571,ZOROARK,,20,TAUNT
571,ZOROARK,,24,KNOCK_OFF
571,ZOROARK,,28,FAKE_TEARS
571,ZOROARK,,34,AGILITY
571,ZOROARK,,40,IMPRISON
571,ZOROARK,,46,NIGHT_DAZE
571,ZOROARK,,52,NASTY_PLOT
571,ZOROARK,,58,FOUL_PLAY
572,MINCCINO,,1,POUND
572,MINCCINO,,1,BABY_DOLL_EYES
572,MINCCINO,,4,HELPING_HAND
572,MINCCINO,,8,ECHOED_VOICE
572,MINCCINO,,12,SING
572,MINCCINO,,16,CHARM
572,MINCCINO,,20,SWIFT
572,MINCCINO,,24,ENCORE
572,MINCCINO,,28,AFTER_YOU
572,MINCCINO,,32,TAIL_SLAP
572,MINCCINO,,36,TICKLE
572,MINCCINO,,40,SLAM
572,MINCCINO,,44,HYPER_VOICE
572,MINCCINO,,48,LAST_RESORT
573,CINCCINO,,EVOLVE_MOVE,TAIL_SLAP
573,CINCCINO,,RELEARN_MOVE,SLAM
573,CINCCINO,,RELEARN_MOVE,SWIFT
573,CINCCINO,,RELEARN_MOVE,ENCORE
573,CINCCINO,,RELEARN_MOVE,HELPING_HAND
573,CINCCINO,,RELEARN_MOVE,HYPER_VOICE
573,CINCCINO,,RELEARN_MOVE,TICKLE
573,CINCCINO,,RELEARN_MOVE,ROCK_BLAST
573,CINCCINO,,RELEARN_MOVE,LAST_RESORT
573,CINCCINO,,RELEARN_MOVE,AFTER_YOU
573,CINCCINO,,RELEARN_MOVE,ECHOED_VOICE
573,CINCCINO,,RELEARN_MOVE,BABY_DOLL_EYES
573,CINCCINO,,1,BULLET_SEED
573,CINCCINO,,1,SING
573,CINCCINO,,1,CHARM
573,CINCCINO,,1,POUND
574,GOTHITA,,1,POUND
574,GOTHITA,,1,CONFUSION
574,GOTHITA,,4,PLAY_NICE
574,GOTHITA,,8,TICKLE
574,GOTHITA,,12,PSYBEAM
574,GOTHITA,,16,CHARM
574,GOTHITA,,20,PSYSHOCK
574,GOTHITA,,24,HYPNOSIS
574,GOTHITA,,28,FAKE_TEARS
574,GOTHITA,,33,PSYCH_UP
574,GOTHITA,,34,HEAL_BLOCK
574,GOTHITA,,36,PSYCHIC
574,GOTHITA,,40,FLATTER
574,GOTHITA,,44,FUTURE_SIGHT
574,GOTHITA,,48,MAGIC_ROOM
575,GOTHORITA,,1,POUND
575,GOTHORITA,,1,CONFUSION
575,GOTHORITA,,1,TICKLE
575,GOTHORITA,,1,PLAY_NICE
575,GOTHORITA,,12,PSYBEAM
575,GOTHORITA,,16,CHARM
575,GOTHORITA,,20,PSYSHOCK
575,GOTHORITA,,24,HYPNOSIS
575,GOTHORITA,,28,FAKE_TEARS
575,GOTHORITA,,34,HEAL_BLOCK
575,GOTHORITA,,35,PSYCH_UP
575,GOTHORITA,,40,PSYCHIC
575,GOTHORITA,,46,FLATTER
575,GOTHORITA,,52,FUTURE_SIGHT
575,GOTHORITA,,58,MAGIC_ROOM
576,GOTHITELLE,,1,POUND
576,GOTHITELLE,,1,CONFUSION
576,GOTHITELLE,,1,TICKLE
576,GOTHITELLE,,1,PLAY_NICE
576,GOTHITELLE,,12,PSYBEAM
576,GOTHITELLE,,16,CHARM
576,GOTHITELLE,,20,PSYSHOCK
576,GOTHITELLE,,24,HYPNOSIS
576,GOTHITELLE,,28,FAKE_TEARS
576,GOTHITELLE,,34,HEAL_BLOCK
576,GOTHITELLE,,35,PSYCH_UP
576,GOTHITELLE,,40,PSYCHIC
576,GOTHITELLE,,48,FLATTER
576,GOTHITELLE,,56,FUTURE_SIGHT
576,GOTHITELLE,,64,MAGIC_ROOM
577,SOLOSIS,,1,CONFUSION
577,SOLOSIS,,1,PROTECT
577,SOLOSIS,,1,PSYWAVE
577,SOLOSIS,,4,RECOVER
577,SOLOSIS,,8,ENDEAVOR
577,SOLOSIS,,12,PSYBEAM
577,SOLOSIS,,16,CHARM
577,SOLOSIS,,20,PSYSHOCK
577,SOLOSIS,,24,LIGHT_SCREEN
577,SOLOSIS,,24,REFLECT
577,SOLOSIS,,28,ALLY_SWITCH
577,SOLOSIS,,33,PAIN_SPLIT
577,SOLOSIS,,36,PSYCHIC
577,SOLOSIS,,40,SKILL_SWAP
577,SOLOSIS,,44,FUTURE_SIGHT
577,SOLOSIS,,46,HEAL_BLOCK
577,SOLOSIS,,48,WONDER_ROOM
578,DUOSION,,1,CONFUSION
578,DUOSION,,1,RECOVER
578,DUOSION,,1,PSYWAVE
578,DUOSION,,1,PROTECT
578,DUOSION,,1,ENDEAVOR
578,DUOSION,,1,SNATCH
578,DUOSION,,12,PSYBEAM
578,DUOSION,,16,CHARM
578,DUOSION,,20,PSYSHOCK
578,DUOSION,,24,LIGHT_SCREEN
578,DUOSION,,24,REFLECT
578,DUOSION,,28,ALLY_SWITCH
578,DUOSION,,35,PAIN_SPLIT
578,DUOSION,,40,PSYCHIC
578,DUOSION,,46,SKILL_SWAP
578,DUOSION,,50,HEAL_BLOCK
578,DUOSION,,52,FUTURE_SIGHT
578,DUOSION,,58,WONDER_ROOM
579,REUNICLUS,,EVOLVE_MOVE,HAMMER_ARM
579,REUNICLUS,,1,CONFUSION
579,REUNICLUS,,1,RECOVER
579,REUNICLUS,,1,PROTECT
579,REUNICLUS,,1,ENDEAVOR
579,REUNICLUS,,1,DIZZY_PUNCH
579,REUNICLUS,,1,PSYWAVE
579,REUNICLUS,,1,SNATCH
579,REUNICLUS,,12,PSYBEAM
579,REUNICLUS,,16,CHARM
579,REUNICLUS,,20,PSYSHOCK
579,REUNICLUS,,24,LIGHT_SCREEN
579,REUNICLUS,,24,REFLECT
579,REUNICLUS,,28,ALLY_SWITCH
579,REUNICLUS,,35,PAIN_SPLIT
579,REUNICLUS,,40,PSYCHIC
579,REUNICLUS,,48,SKILL_SWAP
579,REUNICLUS,,54,HEAL_BLOCK
579,REUNICLUS,,56,FUTURE_SIGHT
579,REUNICLUS,,64,WONDER_ROOM
580,DUCKLETT,,1,WATER_GUN
580,DUCKLETT,,6,DEFOG
580,DUCKLETT,,9,WING_ATTACK
580,DUCKLETT,,13,WATER_PULSE
580,DUCKLETT,,15,AERIAL_ACE
580,DUCKLETT,,19,BUBBLE_BEAM
580,DUCKLETT,,21,FEATHER_DANCE
580,DUCKLETT,,24,AQUA_RING
580,DUCKLETT,,27,AIR_SLASH
580,DUCKLETT,,30,ROOST
580,DUCKLETT,,34,RAIN_DANCE
580,DUCKLETT,,37,TAILWIND
580,DUCKLETT,,41,BRAVE_BIRD
580,DUCKLETT,,46,HURRICANE
581,SWANNA,,1,WING_ATTACK
581,SWANNA,,1,WATER_GUN
581,SWANNA,,1,DEFOG
581,SWANNA,,13,WATER_PULSE
581,SWANNA,,15,AERIAL_ACE
581,SWANNA,,19,BUBBLE_BEAM
581,SWANNA,,21,FEATHER_DANCE
581,SWANNA,,24,AQUA_RING
581,SWANNA,,27,AIR_SLASH
581,SWANNA,,30,ROOST
581,SWANNA,,34,RAIN_DANCE
581,SWANNA,,40,TAILWIND
581,SWANNA,,47,BRAVE_BIRD
581,SWANNA,,55,HURRICANE
582,VANILLITE,,1,HARDEN
582,VANILLITE,,1,ASTONISH
582,VANILLITE,,1,POWDER_SNOW
582,VANILLITE,,4,TAUNT
582,VANILLITE,,8,MIST
582,VANILLITE,,12,ICY_WIND
582,VANILLITE,,16,AVALANCHE
582,VANILLITE,,20,HAIL
582,VANILLITE,,24,ICICLE_SPEAR
582,VANILLITE,,28,UPROAR
582,VANILLITE,,32,ACID_ARMOR
582,VANILLITE,,36,MIRROR_COAT
582,VANILLITE,,40,ICE_BEAM
582,VANILLITE,,44,BLIZZARD
582,VANILLITE,,48,SHEER_COLD
583,VANILLISH,,1,MIST
583,VANILLISH,,1,HARDEN
583,VANILLISH,,1,TAUNT
583,VANILLISH,,1,ASTONISH
583,VANILLISH,,1,POWDER_SNOW
583,VANILLISH,,12,ICY_WIND
583,VANILLISH,,16,AVALANCHE
583,VANILLISH,,20,HAIL
583,VANILLISH,,24,ICICLE_SPEAR
583,VANILLISH,,28,UPROAR
583,VANILLISH,,32,ACID_ARMOR
583,VANILLISH,,38,MIRROR_COAT
583,VANILLISH,,44,ICE_BEAM
583,VANILLISH,,50,BLIZZARD
583,VANILLISH,,56,SHEER_COLD
584,VANILLUXE,,1,MIST
584,VANILLUXE,,1,HARDEN
584,VANILLUXE,,1,TAUNT
584,VANILLUXE,,1,ASTONISH
584,VANILLUXE,,1,POWDER_SNOW
584,VANILLUXE,,1,WEATHER_BALL
584,VANILLUXE,,1,ICICLE_CRASH
584,VANILLUXE,,1,FREEZE_DRY
584,VANILLUXE,,12,ICY_WIND
584,VANILLUXE,,16,AVALANCHE
584,VANILLUXE,,20,HAIL
584,VANILLUXE,,24,ICICLE_SPEAR
584,VANILLUXE,,28,UPROAR
584,VANILLUXE,,32,ACID_ARMOR
584,VANILLUXE,,38,MIRROR_COAT
584,VANILLUXE,,44,ICE_BEAM
584,VANILLUXE,,52,BLIZZARD
584,VANILLUXE,,60,SHEER_COLD
585,DEERLING,,1,TACKLE
585,DEERLING,,1,CAMOUFLAGE
585,DEERLING,,4,GROWL
585,DEERLING,,7,SAND_ATTACK
585,DEERLING,,10,DOUBLE_KICK
585,DEERLING,,13,LEECH_SEED
585,DEERLING,,16,BULLET_SEED
585,DEERLING,,20,TAKE_DOWN
585,DEERLING,,24,ZEN_HEADBUTT
585,DEERLING,,28,ENERGY_BALL
585,DEERLING,,32,CHARM
585,DEERLING,,37,DOUBLE_EDGE
585,DEERLING,,42,SOLAR_BEAM
586,SAWSBUCK,,EVOLVE_MOVE,HORN_LEECH
586,SAWSBUCK,,1,SAND_ATTACK
586,SAWSBUCK,,1,TACKLE
586,SAWSBUCK,,1,GROWL
586,SAWSBUCK,,1,CAMOUFLAGE
586,SAWSBUCK,,1,MEGAHORN
586,SAWSBUCK,,10,DOUBLE_KICK
586,SAWSBUCK,,13,LEECH_SEED
586,SAWSBUCK,,16,BULLET_SEED
586,SAWSBUCK,,20,TAKE_DOWN
586,SAWSBUCK,,24,ZEN_HEADBUTT
586,SAWSBUCK,,28,ENERGY_BALL
586,SAWSBUCK,,36,CHARM
586,SAWSBUCK,,44,DOUBLE_EDGE
586,SAWSBUCK,,52,SOLAR_BEAM
587,EMOLGA,,1,TAIL_WHIP
587,EMOLGA,,1,NUZZLE
587,EMOLGA,,5,DOUBLE_TEAM
587,EMOLGA,,10,QUICK_ATTACK
587,EMOLGA,,15,THUNDER_SHOCK
587,EMOLGA,,20,CHARGE
587,EMOLGA,,25,ACROBATICS
587,EMOLGA,,30,SPARK
587,EMOLGA,,35,ENCORE
587,EMOLGA,,40,VOLT_SWITCH
587,EMOLGA,,45,LIGHT_SCREEN
587,EMOLGA,,50,DISCHARGE
587,EMOLGA,,55,AGILITY
588,KARRABLAST,,1,LEER
588,KARRABLAST,,1,PECK
588,KARRABLAST,,4,FURY_CUTTER
588,KARRABLAST,,8,ENDURE
588,KARRABLAST,,12,FALSE_SWIPE
588,KARRABLAST,,16,ACID_SPRAY
588,KARRABLAST,,20,HEADBUTT
588,KARRABLAST,,24,FLAIL
588,KARRABLAST,,28,SCARY_FACE
588,KARRABLAST,,32,X_SCISSOR
588,KARRABLAST,,36,SWORDS_DANCE
588,KARRABLAST,,40,TAKE_DOWN
588,KARRABLAST,,44,BUG_BUZZ
588,KARRABLAST,,48,DOUBLE_EDGE
589,ESCAVALIER,,1,TAKE_DOWN
589,ESCAVALIER,,1,DOUBLE_EDGE
589,ESCAVALIER,,1,LEER
589,ESCAVALIER,,1,PECK
589,ESCAVALIER,,1,FLAIL
589,ESCAVALIER,,1,SCARY_FACE
589,ESCAVALIER,,1,ENDURE
589,ESCAVALIER,,1,FURY_CUTTER
589,ESCAVALIER,,1,QUICK_GUARD
589,ESCAVALIER,,1,FELL_STINGER
589,ESCAVALIER,,1,TWINEEDLE
589,ESCAVALIER,,12,FALSE_SWIPE
589,ESCAVALIER,,16,ACID_SPRAY
589,ESCAVALIER,,20,HEADBUTT
589,ESCAVALIER,,24,REVERSAL
589,ESCAVALIER,,28,IRON_DEFENSE
589,ESCAVALIER,,32,X_SCISSOR
589,ESCAVALIER,,36,SWORDS_DANCE
589,ESCAVALIER,,40,IRON_HEAD
589,ESCAVALIER,,44,BUG_BUZZ
589,ESCAVALIER,,48,GIGA_IMPACT
589,ESCAVALIER,,52,METAL_BURST
590,FOONGUS,,1,ABSORB
590,FOONGUS,,1,ASTONISH
590,FOONGUS,,4,GROWTH
590,FOONGUS,,8,STUN_SPORE
590,FOONGUS,,12,MEGA_DRAIN
590,FOONGUS,,16,SYNTHESIS
590,FOONGUS,,20,CLEAR_SMOG
590,FOONGUS,,24,SWEET_SCENT
590,FOONGUS,,28,GIGA_DRAIN
590,FOONGUS,,32,INGRAIN
590,FOONGUS,,36,TOXIC
590,FOONGUS,,40,RAGE_POWDER
590,FOONGUS,,44,SOLAR_BEAM
590,FOONGUS,,48,SPORE
591,AMOONGUSS,,1,ABSORB
591,AMOONGUSS,,1,GROWTH
591,AMOONGUSS,,1,STUN_SPORE
591,AMOONGUSS,,1,ASTONISH
591,AMOONGUSS,,1,BIDE
591,AMOONGUSS,,12,MEGA_DRAIN
591,AMOONGUSS,,16,SYNTHESIS
591,AMOONGUSS,,20,CLEAR_SMOG
591,AMOONGUSS,,24,SWEET_SCENT
591,AMOONGUSS,,28,GIGA_DRAIN
591,AMOONGUSS,,32,INGRAIN
591,AMOONGUSS,,36,TOXIC
591,AMOONGUSS,,42,RAGE_POWDER
591,AMOONGUSS,,48,SOLAR_BEAM
591,AMOONGUSS,,54,SPORE
592,FRILLISH,,1,WATER_GUN
592,FRILLISH,,1,ABSORB
592,FRILLISH,,1,WATER_SPORT
592,FRILLISH,,4,POISON_STING
592,FRILLISH,,8,NIGHT_SHADE
592,FRILLISH,,12,WATER_PULSE
592,FRILLISH,,16,RAIN_DANCE
592,FRILLISH,,20,HEX
592,FRILLISH,,24,BRINE
592,FRILLISH,,28,RECOVER
592,FRILLISH,,32,SHADOW_BALL
592,FRILLISH,,36,WHIRLPOOL
592,FRILLISH,,41,HYDRO_PUMP
592,FRILLISH,,44,DESTINY_BOND
592,FRILLISH,,48,WATER_SPOUT
593,JELLICENT,,1,POISON_STING
593,JELLICENT,,1,WATER_GUN
593,JELLICENT,,1,WATER_SPORT
593,JELLICENT,,1,WRING_OUT
593,JELLICENT,,1,ABSORB
593,JELLICENT,,1,NIGHT_SHADE
593,JELLICENT,,1,ACID_ARMOR
593,JELLICENT,,12,WATER_PULSE
593,JELLICENT,,16,RAIN_DANCE
593,JELLICENT,,20,HEX
593,JELLICENT,,24,BRINE
593,JELLICENT,,28,RECOVER
593,JELLICENT,,32,SHADOW_BALL
593,JELLICENT,,36,WHIRLPOOL
593,JELLICENT,,43,HYDRO_PUMP
593,JELLICENT,,48,DESTINY_BOND
593,JELLICENT,,54,WATER_SPOUT
594,ALOMOMOLA,,1,POUND
594,ALOMOMOLA,,1,PLAY_NICE
594,ALOMOMOLA,,1,WATER_SPORT
594,ALOMOMOLA,,5,AQUA_RING
594,ALOMOMOLA,,9,AQUA_JET
594,ALOMOMOLA,,13,HELPING_HAND
594,ALOMOMOLA,,13,WIDE_GUARD
594,ALOMOMOLA,,21,PROTECT
594,ALOMOMOLA,,25,WATER_PULSE
594,ALOMOMOLA,,29,HEALING_WISH
594,ALOMOMOLA,,33,SOAK
594,ALOMOMOLA,,37,WISH
594,ALOMOMOLA,,41,BRINE
594,ALOMOMOLA,,45,SAFEGUARD
594,ALOMOMOLA,,49,WHIRLPOOL
594,ALOMOMOLA,,55,HYDRO_PUMP
595,JOLTIK,,1,ABSORB
595,JOLTIK,,1,FURY_CUTTER
595,JOLTIK,,1,SPIDER_WEB
595,JOLTIK,,4,ELECTROWEB
595,JOLTIK,,8,BUG_BITE
595,JOLTIK,,12,STRING_SHOT
595,JOLTIK,,16,THUNDER_WAVE
595,JOLTIK,,20,ELECTRO_BALL
595,JOLTIK,,24,AGILITY
595,JOLTIK,,28,SUCKER_PUNCH
595,JOLTIK,,32,SLASH
595,JOLTIK,,37,DISCHARGE
595,JOLTIK,,40,SCREECH
595,JOLTIK,,44,GASTRO_ACID
595,JOLTIK,,48,BUG_BUZZ
596,GALVANTULA,,EVOLVE_MOVE,STICKY_WEB
596,GALVANTULA,,1,ABSORB
596,GALVANTULA,,1,FURY_CUTTER
596,GALVANTULA,,1,BUG_BITE
596,GALVANTULA,,1,ELECTROWEB
596,GALVANTULA,,1,SPIDER_WEB
596,GALVANTULA,,12,STRING_SHOT
596,GALVANTULA,,16,THUNDER_WAVE
596,GALVANTULA,,20,ELECTRO_BALL
596,GALVANTULA,,24,AGILITY
596,GALVANTULA,,28,SUCKER_PUNCH
596,GALVANTULA,,32,SLASH
596,GALVANTULA,,39,DISCHARGE
596,GALVANTULA,,44,SCREECH
596,GALVANTULA,,50,GASTRO_ACID
596,GALVANTULA,,56,BUG_BUZZ
597,FERROSEED,,1,TACKLE
597,FERROSEED,,1,HARDEN
597,FERROSEED,,5,METAL_CLAW
597,FERROSEED,,10,PIN_MISSILE
597,FERROSEED,,15,INGRAIN
597,FERROSEED,,20,FLASH_CANNON
597,FERROSEED,,25,IRON_HEAD
597,FERROSEED,,30,SELF_DESTRUCT
597,FERROSEED,,35,IRON_DEFENSE
597,FERROSEED,,41,CURSE
597,FERROSEED,,45,GYRO_BALL
597,FERROSEED,,50,EXPLOSION
598,FERROTHORN,,EVOLVE_MOVE,POWER_WHIP
598,FERROTHORN,,1,TACKLE
598,FERROTHORN,,1,PIN_MISSILE
598,FERROTHORN,,1,HARDEN
598,FERROTHORN,,1,METAL_CLAW
598,FERROTHORN,,1,ROCK_CLIMB
598,FERROTHORN,,15,INGRAIN
598,FERROTHORN,,20,FLASH_CANNON
598,FERROTHORN,,25,IRON_HEAD
598,FERROTHORN,,30,SELF_DESTRUCT
598,FERROTHORN,,35,IRON_DEFENSE
598,FERROTHORN,,43,CURSE
598,FERROTHORN,,49,GYRO_BALL
598,FERROTHORN,,56,EXPLOSION
599,KLINK,,1,VISE_GRIP
599,KLINK,,1,THUNDER_SHOCK
599,KLINK,,4,BIND
599,KLINK,,8,CHARGE
599,KLINK,,12,CHARGE_BEAM
599,KLINK,,16,METAL_SOUND
599,KLINK,,20,AUTOTOMIZE
599,KLINK,,24,DISCHARGE
599,KLINK,,28,SCREECH
599,KLINK,,32,GEAR_GRIND
599,KLINK,,36,LOCK_ON
599,KLINK,,40,SHIFT_GEAR
599,KLINK,,44,ZAP_CANNON
599,KLINK,,48,HYPER_BEAM
600,KLANG,,1,VISE_GRIP
600,KLANG,,1,BIND
600,KLANG,,1,THUNDER_SHOCK
600,KLANG,,1,CHARGE
600,KLANG,,12,CHARGE_BEAM
600,KLANG,,16,METAL_SOUND
600,KLANG,,20,AUTOTOMIZE
600,KLANG,,24,DISCHARGE
600,KLANG,,28,SCREECH
600,KLANG,,32,GEAR_GRIND
600,KLANG,,36,LOCK_ON
600,KLANG,,42,SHIFT_GEAR
600,KLANG,,48,ZAP_CANNON
600,KLANG,,54,HYPER_BEAM
601,KLINKLANG,,1,VISE_GRIP
601,KLINKLANG,,1,BIND
601,KLINKLANG,,1,THUNDER_SHOCK
601,KLINKLANG,,1,CHARGE
601,KLINKLANG,,1,MAGNETIC_FLUX
601,KLINKLANG,,1,GEAR_UP
601,KLINKLANG,,12,CHARGE_BEAM
601,KLINKLANG,,16,METAL_SOUND
601,KLINKLANG,,20,AUTOTOMIZE
601,KLINKLANG,,24,DISCHARGE
601,KLINKLANG,,28,SCREECH
601,KLINKLANG,,32,GEAR_GRIND
601,KLINKLANG,,36,LOCK_ON
601,KLINKLANG,,42,SHIFT_GEAR
601,KLINKLANG,,48,ZAP_CANNON
601,KLINKLANG,,56,HYPER_BEAM
601,KLINKLANG,,64,ELECTRIC_TERRAIN
602,TYNAMO,,1,TACKLE
602,TYNAMO,,1,THUNDER_WAVE
602,TYNAMO,,1,SPARK
602,TYNAMO,,1,CHARGE_BEAM
603,EELEKTRIK,,EVOLVE_MOVE,CRUNCH
603,EELEKTRIK,,1,TACKLE
603,EELEKTRIK,,1,HEADBUTT
603,EELEKTRIK,,1,THUNDER_WAVE
603,EELEKTRIK,,1,SPARK
603,EELEKTRIK,,1,CHARGE_BEAM
603,EELEKTRIK,,1,ION_DELUGE
603,EELEKTRIK,,9,BIND
603,EELEKTRIK,,19,ACID
603,EELEKTRIK,,29,DISCHARGE
603,EELEKTRIK,,44,THUNDERBOLT
603,EELEKTRIK,,49,ACID_SPRAY
603,EELEKTRIK,,54,COIL
603,EELEKTRIK,,59,WILD_CHARGE
603,EELEKTRIK,,64,GASTRO_ACID
603,EELEKTRIK,,69,ZAP_CANNON
603,EELEKTRIK,,74,THRASH
604,EELEKTROSS,,RELEARN_MOVE,THUNDERBOLT
604,EELEKTROSS,,RELEARN_MOVE,ACID_SPRAY
604,EELEKTROSS,,1,TACKLE
604,EELEKTROSS,,1,HEADBUTT
604,EELEKTROSS,,1,THUNDER_WAVE
604,EELEKTROSS,,1,SPARK
604,EELEKTROSS,,1,CHARGE_BEAM
604,EELEKTROSS,,1,ION_DELUGE
604,EELEKTROSS,,1,BIND
604,EELEKTROSS,,1,THRASH
604,EELEKTROSS,,1,ACID
604,EELEKTROSS,,1,ZAP_CANNON
604,EELEKTROSS,,1,CRUNCH
604,EELEKTROSS,,1,CRUSH_CLAW
604,EELEKTROSS,,1,GASTRO_ACID
604,EELEKTROSS,,1,DISCHARGE
604,EELEKTROSS,,1,COIL
604,EELEKTROSS,,5,WILD_CHARGE
605,ELGYEM,,1,GROWL
605,ELGYEM,,1,CONFUSION
605,ELGYEM,,6,IMPRISON
605,ELGYEM,,8,HEAL_BLOCK
605,ELGYEM,,12,TELEPORT
605,ELGYEM,,18,PSYBEAM
605,ELGYEM,,24,GUARD_SPLIT
605,ELGYEM,,24,POWER_SPLIT
605,ELGYEM,,30,HEADBUTT
605,ELGYEM,,36,ZEN_HEADBUTT
605,ELGYEM,,43,RECOVER
605,ELGYEM,,48,CALM_MIND
605,ELGYEM,,54,WONDER_ROOM
605,ELGYEM,,60,PSYCHIC
606,BEHEEYEM,,1,GROWL
606,BEHEEYEM,,1,CONFUSION
606,BEHEEYEM,,1,SYNCHRONOISE
606,BEHEEYEM,,1,TELEPORT
606,BEHEEYEM,,1,IMPRISON
606,BEHEEYEM,,1,PSYCHIC_TERRAIN
606,BEHEEYEM,,8,HEAL_BLOCK
606,BEHEEYEM,,18,PSYBEAM
606,BEHEEYEM,,24,GUARD_SPLIT
606,BEHEEYEM,,24,POWER_SPLIT
606,BEHEEYEM,,30,HEADBUTT
606,BEHEEYEM,,36,ZEN_HEADBUTT
606,BEHEEYEM,,45,RECOVER
606,BEHEEYEM,,52,CALM_MIND
606,BEHEEYEM,,60,WONDER_ROOM
606,BEHEEYEM,,68,PSYCHIC
607,LITWICK,,1,SMOG
607,LITWICK,,1,ASTONISH
607,LITWICK,,4,EMBER
607,LITWICK,,8,MINIMIZE
607,LITWICK,,12,CONFUSE_RAY
607,LITWICK,,16,HEX
607,LITWICK,,20,WILL_O_WISP
607,LITWICK,,24,FIRE_SPIN
607,LITWICK,,28,NIGHT_SHADE
607,LITWICK,,32,CURSE
607,LITWICK,,36,SHADOW_BALL
607,LITWICK,,40,INFERNO
607,LITWICK,,44,IMPRISON
607,LITWICK,,48,PAIN_SPLIT
607,LITWICK,,52,OVERHEAT
607,LITWICK,,56,MEMENTO
608,LAMPENT,,1,EMBER
608,LAMPENT,,1,MINIMIZE
608,LAMPENT,,1,SMOG
608,LAMPENT,,1,ASTONISH
608,LAMPENT,,12,CONFUSE_RAY
608,LAMPENT,,16,HEX
608,LAMPENT,,20,WILL_O_WISP
608,LAMPENT,,24,FIRE_SPIN
608,LAMPENT,,28,NIGHT_SHADE
608,LAMPENT,,32,CURSE
608,LAMPENT,,36,SHADOW_BALL
608,LAMPENT,,40,INFERNO
608,LAMPENT,,46,IMPRISON
608,LAMPENT,,52,PAIN_SPLIT
608,LAMPENT,,58,OVERHEAT
608,LAMPENT,,64,MEMENTO
609,CHANDELURE,,1,EMBER
609,CHANDELURE,,1,FIRE_SPIN
609,CHANDELURE,,1,NIGHT_SHADE
609,CHANDELURE,,1,MINIMIZE
609,CHANDELURE,,1,CONFUSE_RAY
609,CHANDELURE,,1,SMOG
609,CHANDELURE,,1,CURSE
609,CHANDELURE,,1,PAIN_SPLIT
609,CHANDELURE,,1,SHADOW_BALL
609,CHANDELURE,,1,WILL_O_WISP
609,CHANDELURE,,1,MEMENTO
609,CHANDELURE,,1,IMPRISON
609,CHANDELURE,,1,ASTONISH
609,CHANDELURE,,1,OVERHEAT
609,CHANDELURE,,1,HEX
609,CHANDELURE,,1,INFERNO
610,AXEW,,1,SCRATCH
610,AXEW,,1,LEER
610,AXEW,,3,BITE
610,AXEW,,6,FALSE_SWIPE
610,AXEW,,9,ASSURANCE
610,AXEW,,12,TAUNT
610,AXEW,,15,SLASH
610,AXEW,,18,DRAGON_CLAW
610,AXEW,,21,SCARY_FACE
610,AXEW,,24,CRUNCH
610,AXEW,,27,DRAGON_DANCE
610,AXEW,,30,DUAL_CHOP
610,AXEW,,33,FOCUS_ENERGY
610,AXEW,,36,DRAGON_PULSE
610,AXEW,,39,SWORDS_DANCE
610,AXEW,,42,OUTRAGE
610,AXEW,,45,GUILLOTINE
610,AXEW,,48,GIGA_IMPACT
611,FRAXURE,,1,SCRATCH
611,FRAXURE,,1,LEER
611,FRAXURE,,1,BITE
611,FRAXURE,,1,FALSE_SWIPE
611,FRAXURE,,1,DUAL_CHOP
611,FRAXURE,,9,ASSURANCE
611,FRAXURE,,12,TAUNT
611,FRAXURE,,15,SLASH
611,FRAXURE,,18,DRAGON_CLAW
611,FRAXURE,,21,SCARY_FACE
611,FRAXURE,,24,CRUNCH
611,FRAXURE,,27,DRAGON_DANCE
611,FRAXURE,,30,BREAKING_SWIPE
611,FRAXURE,,33,FOCUS_ENERGY
611,FRAXURE,,36,DRAGON_PULSE
611,FRAXURE,,41,SWORDS_DANCE
611,FRAXURE,,46,OUTRAGE
611,FRAXURE,,51,GUILLOTINE
611,FRAXURE,,56,GIGA_IMPACT
612,HAXORUS,,1,SCRATCH
612,HAXORUS,,1,LEER
612,HAXORUS,,1,BITE
612,HAXORUS,,1,FALSE_SWIPE
612,HAXORUS,,1,DUAL_CHOP
612,HAXORUS,,9,ASSURANCE
612,HAXORUS,,12,TAUNT
612,HAXORUS,,15,SLASH
612,HAXORUS,,18,DRAGON_CLAW
612,HAXORUS,,21,SCARY_FACE
612,HAXORUS,,24,CRUNCH
612,HAXORUS,,27,DRAGON_DANCE
612,HAXORUS,,30,BREAKING_SWIPE
612,HAXORUS,,33,FOCUS_ENERGY
612,HAXORUS,,36,DRAGON_PULSE
612,HAXORUS,,41,SWORDS_DANCE
612,HAXORUS,,46,OUTRAGE
612,HAXORUS,,53,GUILLOTINE
612,HAXORUS,,60,GIGA_IMPACT
613,CUBCHOO,,1,GROWL
613,CUBCHOO,,1,POWDER_SNOW
613,CUBCHOO,,3,ENDURE
613,CUBCHOO,,6,FURY_SWIPES
613,CUBCHOO,,9,ICY_WIND
613,CUBCHOO,,12,PLAY_NICE
613,CUBCHOO,,15,BRINE
613,CUBCHOO,,18,FROST_BREATH
613,CUBCHOO,,21,SLASH
613,CUBCHOO,,24,FLAIL
613,CUBCHOO,,27,CHARM
613,CUBCHOO,,30,SNOWSCAPE
613,CUBCHOO,,33,THRASH
613,CUBCHOO,,36,REST
613,CUBCHOO,,39,BLIZZARD
613,CUBCHOO,,42,SHEER_COLD
614,BEARTIC,,EVOLVE_MOVE,ICICLE_CRASH
614,BEARTIC,,1,GROWL
614,BEARTIC,,1,FURY_SWIPES
614,BEARTIC,,1,POWDER_SNOW
614,BEARTIC,,1,ENDURE
614,BEARTIC,,1,CHARM
614,BEARTIC,,1,AQUA_JET
614,BEARTIC,,1,BIDE
614,BEARTIC,,9,ICY_WIND
614,BEARTIC,,12,PLAY_NICE
614,BEARTIC,,15,BRINE
614,BEARTIC,,18,FROST_BREATH
614,BEARTIC,,21,SLASH
614,BEARTIC,,24,FLAIL
614,BEARTIC,,27,SWAGGER
614,BEARTIC,,30,SNOWSCAPE
614,BEARTIC,,33,THRASH
614,BEARTIC,,36,REST
614,BEARTIC,,41,BLIZZARD
614,BEARTIC,,46,SHEER_COLD
614,BEARTIC,,51,SUPERPOWER
615,CRYOGONAL,,1,BIND
615,CRYOGONAL,,1,ICE_SHARD
615,CRYOGONAL,,4,CONFUSE_RAY
615,CRYOGONAL,,8,RAPID_SPIN
615,CRYOGONAL,,12,ICY_WIND
615,CRYOGONAL,,16,MIST
615,CRYOGONAL,,16,HAZE
615,CRYOGONAL,,20,ANCIENT_POWER
615,CRYOGONAL,,24,AURORA_BEAM
615,CRYOGONAL,,28,SLASH
615,CRYOGONAL,,32,NIGHT_SLASH
615,CRYOGONAL,,36,FREEZE_DRY
615,CRYOGONAL,,40,LIGHT_SCREEN
615,CRYOGONAL,,40,REFLECT
615,CRYOGONAL,,44,RECOVER
615,CRYOGONAL,,48,ICE_BEAM
615,CRYOGONAL,,52,ACID_ARMOR
615,CRYOGONAL,,56,SOLAR_BEAM
615,CRYOGONAL,,60,SHEER_COLD
616,SHELMET,,1,ABSORB
616,SHELMET,,1,PROTECT
616,SHELMET,,4,ACID
616,SHELMET,,8,CURSE
616,SHELMET,,12,MEGA_DRAIN
616,SHELMET,,16,STRUGGLE_BUG
616,SHELMET,,20,YAWN
616,SHELMET,,24,ACID_ARMOR
616,SHELMET,,28,GIGA_DRAIN
616,SHELMET,,32,GUARD_SWAP
616,SHELMET,,36,BODY_SLAM
616,SHELMET,,40,RECOVER
616,SHELMET,,44,BUG_BUZZ
616,SHELMET,,48,FINAL_GAMBIT
617,ACCELGOR,,1,BODY_SLAM
617,ACCELGOR,,1,ACID
617,ACCELGOR,,1,ABSORB
617,ACCELGOR,,1,PROTECT
617,ACCELGOR,,1,QUICK_ATTACK
617,ACCELGOR,,1,DOUBLE_TEAM
617,ACCELGOR,,1,ACID_ARMOR
617,ACCELGOR,,1,CURSE
617,ACCELGOR,,1,YAWN
617,ACCELGOR,,1,GUARD_SWAP
617,ACCELGOR,,1,ACID_SPRAY
617,ACCELGOR,,1,WATER_SHURIKEN
617,ACCELGOR,,12,MEGA_DRAIN
617,ACCELGOR,,16,STRUGGLE_BUG
617,ACCELGOR,,20,SWIFT
617,ACCELGOR,,24,AGILITY
617,ACCELGOR,,28,GIGA_DRAIN
617,ACCELGOR,,32,POWER_SWAP
617,ACCELGOR,,36,U_TURN
617,ACCELGOR,,40,RECOVER
617,ACCELGOR,,44,BUG_BUZZ
617,ACCELGOR,,48,FINAL_GAMBIT
617,ACCELGOR,,52,TOXIC
618,STUNFISK,,1,TACKLE
618,STUNFISK,,1,WATER_GUN
618,STUNFISK,,1,THUNDER_SHOCK
618,STUNFISK,,1,MUD_SLAP
618,STUNFISK,,1,MUD_SPORT
618,STUNFISK,,5,ENDURE
618,STUNFISK,,10,MUD_SHOT
618,STUNFISK,,15,REVENGE
618,STUNFISK,,20,CHARGE
618,STUNFISK,,25,SUCKER_PUNCH
618,STUNFISK,,30,ELECTRIC_TERRAIN
618,STUNFISK,,35,BOUNCE
618,STUNFISK,,40,MUDDY_WATER
618,STUNFISK,,45,DISCHARGE
618,STUNFISK,,50,FLAIL
618,STUNFISK,,55,FISSURE
619,MIENFOO,,1,POUND
619,MIENFOO,,1,DETECT
619,MIENFOO,,5,FAKE_OUT
619,MIENFOO,,10,REVERSAL
619,MIENFOO,,15,FURY_SWIPES
619,MIENFOO,,20,QUICK_GUARD
619,MIENFOO,,25,FORCE_PALM
619,MIENFOO,,30,U_TURN
619,MIENFOO,,35,DRAIN_PUNCH
619,MIENFOO,,40,HONE_CLAWS
619,MIENFOO,,45,AURA_SPHERE
619,MIENFOO,,51,BOUNCE
619,MIENFOO,,55,CALM_MIND
619,MIENFOO,,60,HIGH_JUMP_KICK
620,MIENSHAO,,1,POUND
620,MIENSHAO,,1,REVERSAL
620,MIENSHAO,,1,DETECT
620,MIENSHAO,,1,FAKE_OUT
620,MIENSHAO,,1,QUICK_GUARD
620,MIENSHAO,,15,FURY_SWIPES
620,MIENSHAO,,20,WIDE_GUARD
620,MIENSHAO,,25,FORCE_PALM
620,MIENSHAO,,30,U_TURN
620,MIENSHAO,,35,DRAIN_PUNCH
620,MIENSHAO,,40,HONE_CLAWS
620,MIENSHAO,,45,AURA_SPHERE
620,MIENSHAO,,53,BOUNCE
620,MIENSHAO,,59,CALM_MIND
620,MIENSHAO,,66,HIGH_JUMP_KICK
621,DRUDDIGON,,1,SCRATCH
621,DRUDDIGON,,1,LEER
621,DRUDDIGON,,5,BITE
621,DRUDDIGON,,10,DRAGON_TAIL
621,DRUDDIGON,,15,METAL_CLAW
621,DRUDDIGON,,20,SCARY_FACE
621,DRUDDIGON,,25,SLASH
621,DRUDDIGON,,30,DRAGON_CLAW
621,DRUDDIGON,,35,HONE_CLAWS
621,DRUDDIGON,,40,CRUNCH
621,DRUDDIGON,,45,IRON_HEAD
621,DRUDDIGON,,50,OUTRAGE
621,DRUDDIGON,,55,SUPERPOWER
622,GOLETT,,1,MUD_SLAP
622,GOLETT,,1,ASTONISH
622,GOLETT,,4,DEFENSE_CURL
622,GOLETT,,8,POUND
622,GOLETT,,12,SHADOW_PUNCH
622,GOLETT,,16,CURSE
622,GOLETT,,20,NIGHT_SHADE
622,GOLETT,,24,STOMPING_TANTRUM
622,GOLETT,,28,IRON_DEFENSE
622,GOLETT,,32,MEGA_PUNCH
622,GOLETT,,36,SHADOW_BALL
622,GOLETT,,40,HEAVY_SLAM
622,GOLETT,,44,PHANTOM_FORCE
622,GOLETT,,48,HAMMER_ARM
622,GOLETT,,52,EARTHQUAKE
622,GOLETT,,56,DYNAMIC_PUNCH
623,GOLURK,,RELEARN_MOVE,MUD_SLAP
623,GOLURK,,RELEARN_MOVE,FOCUS_PUNCH
623,GOLURK,,1,POUND
623,GOLURK,,1,DEFENSE_CURL
623,GOLURK,,1,ASTONISH
623,GOLURK,,1,HIGH_HORSEPOWER
623,GOLURK,,12,SHADOW_PUNCH
623,GOLURK,,16,CURSE
623,GOLURK,,20,NIGHT_SHADE
623,GOLURK,,24,STOMPING_TANTRUM
623,GOLURK,,28,IRON_DEFENSE
623,GOLURK,,32,MEGA_PUNCH
623,GOLURK,,36,SHADOW_BALL
623,GOLURK,,40,HEAVY_SLAM
623,GOLURK,,46,PHANTOM_FORCE
623,GOLURK,,52,HAMMER_ARM
623,GOLURK,,58,EARTHQUAKE
623,GOLURK,,64,DYNAMIC_PUNCH
624,PAWNIARD,,1,SCRATCH
624,PAWNIARD,,1,LEER
624,PAWNIARD,,5,FURY_CUTTER
624,PAWNIARD,,10,METAL_CLAW
624,PAWNIARD,,15,TORMENT
624,PAWNIARD,,20,SCARY_FACE
624,PAWNIARD,,25,ASSURANCE
624,PAWNIARD,,30,METAL_SOUND
624,PAWNIARD,,35,SLASH
624,PAWNIARD,,40,NIGHT_SLASH
624,PAWNIARD,,45,IRON_DEFENSE
624,PAWNIARD,,50,RETALIATE
624,PAWNIARD,,55,IRON_HEAD
624,PAWNIARD,,60,SWORDS_DANCE
624,PAWNIARD,,65,GUILLOTINE
625,BISHARP,,1,SCRATCH
625,BISHARP,,1,LEER
625,BISHARP,,1,FURY_CUTTER
625,BISHARP,,1,METAL_CLAW
625,BISHARP,,1,METAL_BURST
625,BISHARP,,15,TORMENT
625,BISHARP,,20,SCARY_FACE
625,BISHARP,,25,ASSURANCE
625,BISHARP,,30,METAL_SOUND
625,BISHARP,,35,SLASH
625,BISHARP,,40,NIGHT_SLASH
625,BISHARP,,45,IRON_DEFENSE
625,BISHARP,,50,RETALIATE
625,BISHARP,,57,IRON_HEAD
625,BISHARP,,64,SWORDS_DANCE
625,BISHARP,,71,GUILLOTINE
626,BOUFFALANT,,1,TACKLE
626,BOUFFALANT,,1,LEER
626,BOUFFALANT,,1,PURSUIT
626,BOUFFALANT,,5,FOCUS_ENERGY
626,BOUFFALANT,,10,FURY_ATTACK
626,BOUFFALANT,,15,REVENGE
626,BOUFFALANT,,20,SCARY_FACE
626,BOUFFALANT,,25,HORN_ATTACK
626,BOUFFALANT,,30,REVERSAL
626,BOUFFALANT,,35,THROAT_CHOP
626,BOUFFALANT,,40,HEAD_CHARGE
626,BOUFFALANT,,45,SWORDS_DANCE
626,BOUFFALANT,,50,MEGAHORN
626,BOUFFALANT,,55,GIGA_IMPACT
627,RUFFLET,,1,LEER
627,RUFFLET,,1,PECK
627,RUFFLET,,6,HONE_CLAWS
627,RUFFLET,,12,WING_ATTACK
627,RUFFLET,,18,TAILWIND
627,RUFFLET,,24,SCARY_FACE
627,RUFFLET,,30,AERIAL_ACE
627,RUFFLET,,36,SLASH
627,RUFFLET,,42,WHIRLWIND
627,RUFFLET,,48,CRUSH_CLAW
627,RUFFLET,,55,AIR_SLASH
627,RUFFLET,,60,DEFOG
627,RUFFLET,,66,THRASH
627,RUFFLET,,72,BRAVE_BIRD
628,BRAVIARY,,EVOLVE_MOVE,SUPERPOWER
628,BRAVIARY,,RELEARN_MOVE,BRAVE_BIRD
628,BRAVIARY,,1,WING_ATTACK
628,BRAVIARY,,1,LEER
628,BRAVIARY,,1,PECK
628,BRAVIARY,,1,SKY_ATTACK
628,BRAVIARY,,1,HONE_CLAWS
628,BRAVIARY,,18,TAILWIND
628,BRAVIARY,,24,SCARY_FACE
628,BRAVIARY,,30,AERIAL_ACE
628,BRAVIARY,,36,SLASH
628,BRAVIARY,,42,WHIRLWIND
628,BRAVIARY,,48,CRUSH_CLAW
628,BRAVIARY,,57,AIR_SLASH
628,BRAVIARY,,64,DEFOG
628,BRAVIARY,,72,THRASH
629,VULLABY,,1,GUST
629,VULLABY,,1,LEER
629,VULLABY,,6,FLATTER
629,VULLABY,,12,PLUCK
629,VULLABY,,18,TAILWIND
629,VULLABY,,24,KNOCK_OFF
629,VULLABY,,30,IRON_DEFENSE
629,VULLABY,,36,WHIRLWIND
629,VULLABY,,42,AIR_SLASH
629,VULLABY,,48,DARK_PULSE
629,VULLABY,,54,NASTY_PLOT
629,VULLABY,,60,DEFOG
629,VULLABY,,66,ATTRACT
629,VULLABY,,72,BRAVE_BIRD
630,MANDIBUZZ,,EVOLVE_MOVE,BONE_RUSH
630,MANDIBUZZ,,1,GUST
630,MANDIBUZZ,,1,LEER
630,MANDIBUZZ,,1,TOXIC
630,MANDIBUZZ,,1,SKY_ATTACK
630,MANDIBUZZ,,1,FLATTER
630,MANDIBUZZ,,1,PLUCK
630,MANDIBUZZ,,18,TAILWIND
630,MANDIBUZZ,,24,KNOCK_OFF
630,MANDIBUZZ,,30,IRON_DEFENSE
630,MANDIBUZZ,,36,WHIRLWIND
630,MANDIBUZZ,,42,AIR_SLASH
630,MANDIBUZZ,,48,DARK_PULSE
630,MANDIBUZZ,,57,NASTY_PLOT
630,MANDIBUZZ,,64,DEFOG
630,MANDIBUZZ,,72,ATTRACT
630,MANDIBUZZ,,80,BRAVE_BIRD
631,HEATMOR,,1,TACKLE
631,HEATMOR,,1,LICK
631,HEATMOR,,5,FURY_SWIPES
631,HEATMOR,,10,INCINERATE
631,HEATMOR,,15,BUG_BITE
631,HEATMOR,,20,STOCKPILE
631,HEATMOR,,20,SPIT_UP
631,HEATMOR,,20,SWALLOW
631,HEATMOR,,25,SLASH
631,HEATMOR,,30,BIND
631,HEATMOR,,35,FIRE_LASH
631,HEATMOR,,40,HONE_CLAWS
631,HEATMOR,,45,AMNESIA
631,HEATMOR,,50,FIRE_SPIN
631,HEATMOR,,55,INFERNO
631,HEATMOR,,60,FLARE_BLITZ
632,DURANT,,1,SAND_ATTACK
632,DURANT,,1,FURY_CUTTER
632,DURANT,,4,VISE_GRIP
632,DURANT,,8,METAL_CLAW
632,DURANT,,12,BEAT_UP
632,DURANT,,16,BUG_BITE
632,DURANT,,20,BITE
632,DURANT,,24,AGILITY
632,DURANT,,28,DIG
632,DURANT,,32,X_SCISSOR
632,DURANT,,36,CRUNCH
632,DURANT,,40,METAL_SOUND
632,DURANT,,44,IRON_HEAD
632,DURANT,,48,ENTRAINMENT
632,DURANT,,52,IRON_DEFENSE
632,DURANT,,56,GUILLOTINE
633,DEINO,,1,TACKLE
633,DEINO,,1,FOCUS_ENERGY
633,DEINO,,4,DRAGON_BREATH
633,DEINO,,8,BITE
633,DEINO,,12,ROAR
633,DEINO,,16,ASSURANCE
633,DEINO,,20,HEADBUTT
633,DEINO,,24,WORK_UP
633,DEINO,,28,SLAM
633,DEINO,,32,CRUNCH
633,DEINO,,36,SCARY_FACE
633,DEINO,,40,DRAGON_PULSE
633,DEINO,,44,BODY_SLAM
633,DEINO,,48,HYPER_VOICE
633,DEINO,,52,DRAGON_RUSH
633,DEINO,,56,NASTY_PLOT
633,DEINO,,60,OUTRAGE
634,ZWEILOUS,,1,TACKLE
634,ZWEILOUS,,1,BITE
634,ZWEILOUS,,1,FOCUS_ENERGY
634,ZWEILOUS,,1,DRAGON_BREATH
634,ZWEILOUS,,1,DOUBLE_HIT
634,ZWEILOUS,,12,ROAR
634,ZWEILOUS,,16,ASSURANCE
634,ZWEILOUS,,20,HEADBUTT
634,ZWEILOUS,,24,WORK_UP
634,ZWEILOUS,,28,SLAM
634,ZWEILOUS,,32,CRUNCH
634,ZWEILOUS,,36,SCARY_FACE
634,ZWEILOUS,,40,DRAGON_PULSE
634,ZWEILOUS,,44,BODY_SLAM
634,ZWEILOUS,,48,HYPER_VOICE
634,ZWEILOUS,,54,DRAGON_RUSH
634,ZWEILOUS,,60,NASTY_PLOT
634,ZWEILOUS,,66,OUTRAGE
635,HYDREIGON,,1,TACKLE
635,HYDREIGON,,1,BITE
635,HYDREIGON,,1,FOCUS_ENERGY
635,HYDREIGON,,1,TRI_ATTACK
635,HYDREIGON,,1,DRAGON_BREATH
635,HYDREIGON,,1,DOUBLE_HIT
635,HYDREIGON,,12,ROAR
635,HYDREIGON,,16,ASSURANCE
635,HYDREIGON,,20,HEADBUTT
635,HYDREIGON,,24,WORK_UP
635,HYDREIGON,,28,SLAM
635,HYDREIGON,,32,CRUNCH
635,HYDREIGON,,36,SCARY_FACE
635,HYDREIGON,,40,DRAGON_PULSE
635,HYDREIGON,,44,BODY_SLAM
635,HYDREIGON,,48,HYPER_VOICE
635,HYDREIGON,,54,DRAGON_RUSH
635,HYDREIGON,,60,NASTY_PLOT
635,HYDREIGON,,68,OUTRAGE
635,HYDREIGON,,76,HYPER_BEAM
636,LARVESTA,,1,EMBER
636,LARVESTA,,1,STRING_SHOT
636,LARVESTA,,6,FLAME_CHARGE
636,LARVESTA,,12,STRUGGLE_BUG
636,LARVESTA,,18,FLAME_WHEEL
636,LARVESTA,,24,BUG_BITE
636,LARVESTA,,30,SCREECH
636,LARVESTA,,36,LEECH_LIFE
636,LARVESTA,,42,BUG_BUZZ
636,LARVESTA,,48,TAKE_DOWN
636,LARVESTA,,54,AMNESIA
636,LARVESTA,,60,DOUBLE_EDGE
636,LARVESTA,,66,FLARE_BLITZ
637,VOLCARONA,,EVOLVE_MOVE,QUIVER_DANCE
637,VOLCARONA,,1,GUST
637,VOLCARONA,,1,WHIRLWIND
637,VOLCARONA,,1,TAKE_DOWN
637,VOLCARONA,,1,DOUBLE_EDGE
637,VOLCARONA,,1,EMBER
637,VOLCARONA,,1,STRING_SHOT
637,VOLCARONA,,1,FIRE_SPIN
637,VOLCARONA,,1,FLARE_BLITZ
637,VOLCARONA,,1,FLAME_CHARGE
637,VOLCARONA,,1,STRUGGLE_BUG
637,VOLCARONA,,1,FIERY_DANCE
637,VOLCARONA,,18,FLAME_WHEEL
637,VOLCARONA,,24,BUG_BITE
637,VOLCARONA,,30,SCREECH
637,VOLCARONA,,36,LEECH_LIFE
637,VOLCARONA,,42,BUG_BUZZ
637,VOLCARONA,,48,HEAT_WAVE
637,VOLCARONA,,54,AMNESIA
637,VOLCARONA,,62,HURRICANE
637,VOLCARONA,,70,FIRE_BLAST
637,VOLCARONA,,78,RAGE_POWDER
638,COBALION,,1,LEER
638,COBALION,,1,QUICK_ATTACK
638,COBALION,,1,HELPING_HAND
638,COBALION,,1,WORK_UP
638,COBALION,,7,METAL_CLAW
638,COBALION,,14,QUICK_GUARD
638,COBALION,,21,DOUBLE_KICK
638,COBALION,,28,RETALIATE
638,COBALION,,35,METAL_BURST
638,COBALION,,42,TAKE_DOWN
638,COBALION,,49,SACRED_SWORD
638,COBALION,,56,SWORDS_DANCE
638,COBALION,,63,IRON_HEAD
638,COBALION,,70,CLOSE_COMBAT
639,TERRAKION,,1,LEER
639,TERRAKION,,1,QUICK_ATTACK
639,TERRAKION,,1,HELPING_HAND
639,TERRAKION,,1,WORK_UP
639,TERRAKION,,7,SMACK_DOWN
639,TERRAKION,,14,QUICK_GUARD
639,TERRAKION,,21,DOUBLE_KICK
639,TERRAKION,,28,RETALIATE
639,TERRAKION,,35,ROCK_SLIDE
639,TERRAKION,,42,TAKE_DOWN
639,TERRAKION,,49,SACRED_SWORD
639,TERRAKION,,56,SWORDS_DANCE
639,TERRAKION,,63,STONE_EDGE
639,TERRAKION,,70,CLOSE_COMBAT
640,VIRIZION,,RELEARN_MOVE,TAKE_DOWN
640,VIRIZION,,1,LEER
640,VIRIZION,,1,QUICK_ATTACK
640,VIRIZION,,1,HELPING_HAND
640,VIRIZION,,1,WORK_UP
640,VIRIZION,,7,MAGICAL_LEAF
640,VIRIZION,,14,QUICK_GUARD
640,VIRIZION,,21,DOUBLE_KICK
640,VIRIZION,,28,RETALIATE
640,VIRIZION,,35,GIGA_DRAIN
640,VIRIZION,,42,TAKE_DOWN
640,VIRIZION,,49,SACRED_SWORD
640,VIRIZION,,56,SWORDS_DANCE
640,VIRIZION,,63,LEAF_BLADE
640,VIRIZION,,70,CLOSE_COMBAT
641,TORNADUS,,1,GUST
641,TORNADUS,,1,ASTONISH
641,TORNADUS,,5,LEER
641,TORNADUS,,10,SWAGGER
641,TORNADUS,,15,BITE
641,TORNADUS,,20,AIR_CUTTER
641,TORNADUS,,25,AGILITY
641,TORNADUS,,30,TAILWIND
641,TORNADUS,,35,AIR_SLASH
641,TORNADUS,,40,CRUNCH
641,TORNADUS,,45,EXTRASENSORY
641,TORNADUS,,50,UPROAR
641,TORNADUS,,55,HAMMER_ARM
641,TORNADUS,,60,RAIN_DANCE
641,TORNADUS,,65,HURRICANE
641,TORNADUS,,70,THRASH
641,TORNADUS,,77,BLEAKWIND_STORM
642,THUNDURUS,,1,THUNDER_SHOCK
642,THUNDURUS,,1,ASTONISH
642,THUNDURUS,,5,LEER
642,THUNDURUS,,10,SWAGGER
642,THUNDURUS,,15,BITE
642,THUNDURUS,,20,SHOCK_WAVE
642,THUNDURUS,,25,AGILITY
642,THUNDURUS,,30,CHARGE
642,THUNDURUS,,31,HEAL_BLOCK
642,THUNDURUS,,35,VOLT_SWITCH
642,THUNDURUS,,40,CRUNCH
642,THUNDURUS,,45,DISCHARGE
642,THUNDURUS,,50,UPROAR
642,THUNDURUS,,55,HAMMER_ARM
642,THUNDURUS,,60,RAIN_DANCE
642,THUNDURUS,,65,THUNDER
642,THUNDURUS,,70,THRASH
642,THUNDURUS,,75,WILDBOLT_STORM
643,RESHIRAM,,1,DRAGON_BREATH
643,RESHIRAM,,1,ANCIENT_POWER
643,RESHIRAM,,1,FIRE_FANG
643,RESHIRAM,,1,NOBLE_ROAR
643,RESHIRAM,,8,SLASH
643,RESHIRAM,,16,CRUNCH
643,RESHIRAM,,24,EXTRASENSORY
643,RESHIRAM,,32,DRAGON_PULSE
643,RESHIRAM,,40,FLAMETHROWER
643,RESHIRAM,,48,FUSION_FLARE
643,RESHIRAM,,56,HYPER_VOICE
643,RESHIRAM,,64,FIRE_BLAST
643,RESHIRAM,,72,IMPRISON
643,RESHIRAM,,80,OUTRAGE
643,RESHIRAM,,88,BLUE_FLARE
644,ZEKROM,,1,DRAGON_BREATH
644,ZEKROM,,1,ANCIENT_POWER
644,ZEKROM,,1,THUNDER_FANG
644,ZEKROM,,1,NOBLE_ROAR
644,ZEKROM,,8,SLASH
644,ZEKROM,,16,CRUNCH
644,ZEKROM,,24,ZEN_HEADBUTT
644,ZEKROM,,32,DRAGON_CLAW
644,ZEKROM,,40,THUNDERBOLT
644,ZEKROM,,48,FUSION_BOLT
644,ZEKROM,,56,HYPER_VOICE
644,ZEKROM,,64,THUNDER
644,ZEKROM,,72,IMPRISON
644,ZEKROM,,80,OUTRAGE
644,ZEKROM,,88,BOLT_STRIKE
645,LANDORUS,,1,SAND_TOMB
645,LANDORUS,,1,SMACK_DOWN
645,LANDORUS,,5,LEER
645,LANDORUS,,10,BLOCK
645,LANDORUS,,15,BULLDOZE
645,LANDORUS,,20,ROCK_TOMB
645,LANDORUS,,30,IMPRISON
645,LANDORUS,,35,ROCK_SLIDE
645,LANDORUS,,40,EARTH_POWER
645,LANDORUS,,45,EXTRASENSORY
645,LANDORUS,,50,STONE_EDGE
645,LANDORUS,,55,HAMMER_ARM
645,LANDORUS,,60,SANDSTORM
645,LANDORUS,,65,EARTHQUAKE
645,LANDORUS,,70,OUTRAGE
645,LANDORUS,,75,FISSURE
645,LANDORUS,,80,SANDSEAR_STORM
646,KYUREM,,1,DRAGON_BREATH
646,KYUREM,,1,ANCIENT_POWER
646,KYUREM,,1,NOBLE_ROAR
646,KYUREM,,1,FREEZE_DRY
646,KYUREM,,8,SLASH
646,KYUREM,,16,ENDEAVOR
646,KYUREM,,24,DRAGON_PULSE
646,KYUREM,,32,ICE_BEAM
646,KYUREM,,40,HYPER_VOICE
646,KYUREM,,56,BLIZZARD
646,KYUREM,,64,IMPRISON
646,KYUREM,,72,OUTRAGE
646,KYUREM,,88,SHEER_COLD
646,KYUREM,,48,SCARY_FACE
646,KYUREM,,80,GLACIATE
646,KYUREM,black,48,FUSION_BOLT
646,KYUREM,black,80,FREEZE_SHOCK
646,KYUREM,white,48,FUSION_FLARE
646,KYUREM,white,80,ICE_BURN
647,KELDEO,,1,LEER
647,KELDEO,,1,HELPING_HAND
647,KELDEO,,1,AQUA_JET
647,KELDEO,,1,WORK_UP
647,KELDEO,,1,SECRET_SWORD
647,KELDEO,,7,BUBBLE_BEAM
647,KELDEO,,14,QUICK_GUARD
647,KELDEO,,21,DOUBLE_KICK
647,KELDEO,,28,RETALIATE
647,KELDEO,,35,AQUA_TAIL
647,KELDEO,,42,TAKE_DOWN
647,KELDEO,,49,SACRED_SWORD
647,KELDEO,,56,SWORDS_DANCE
647,KELDEO,,63,HYDRO_PUMP
647,KELDEO,,70,CLOSE_COMBAT
648,MELOETTA,,1,SING
648,MELOETTA,,1,CONFUSION
648,MELOETTA,,1,QUICK_ATTACK
648,MELOETTA,,1,ROUND
648,MELOETTA,,21,TEETER_DANCE
648,MELOETTA,,26,ACROBATICS
648,MELOETTA,,31,PSYBEAM
648,MELOETTA,,36,ECHOED_VOICE
648,MELOETTA,,43,U_TURN
648,MELOETTA,,50,RELIC_SONG
648,MELOETTA,,57,PSYCHIC
648,MELOETTA,,64,HYPER_VOICE
648,MELOETTA,,71,ROLE_PLAY
648,MELOETTA,,78,CLOSE_COMBAT
648,MELOETTA,,85,PERISH_SONG
649,GENESECT,,1,QUICK_ATTACK
649,GENESECT,,1,FURY_CUTTER
649,GENESECT,,7,SCREECH
649,GENESECT,,14,METAL_CLAW
649,GENESECT,,21,FELL_STINGER
649,GENESECT,,28,FLAME_CHARGE
649,GENESECT,,35,METAL_SOUND
649,GENESECT,,42,X_SCISSOR
649,GENESECT,,49,MAGNET_RISE
649,GENESECT,,56,BUG_BUZZ
649,GENESECT,,63,SIMPLE_BEAM
649,GENESECT,,70,ZAP_CANNON
649,GENESECT,,77,LOCK_ON
649,GENESECT,,84,TECHNO_BLAST
649,GENESECT,,91,SELF_DESTRUCT
650,CHESPIN,,1,TACKLE
650,CHESPIN,,1,GROWL
650,CHESPIN,,1,VINE_WHIP
650,CHESPIN,,8,ROLLOUT
650,CHESPIN,,11,BITE
650,CHESPIN,,15,LEECH_SEED
650,CHESPIN,,18,PIN_MISSILE
650,CHESPIN,,27,TAKE_DOWN
650,CHESPIN,,32,SEED_BOMB
650,CHESPIN,,35,MUD_SHOT
650,CHESPIN,,42,BODY_SLAM
650,CHESPIN,,45,PAIN_SPLIT
650,CHESPIN,,48,WOOD_HAMMER
651,QUILLADIN,,EVOLVE_MOVE,NEEDLE_ARM
651,QUILLADIN,,1,TACKLE
651,QUILLADIN,,1,GROWL
651,QUILLADIN,,1,VINE_WHIP
651,QUILLADIN,,8,ROLLOUT
651,QUILLADIN,,11,BITE
651,QUILLADIN,,15,LEECH_SEED
651,QUILLADIN,,20,SEED_BOMB
651,QUILLADIN,,24,PIN_MISSILE
651,QUILLADIN,,29,TAKE_DOWN
651,QUILLADIN,,34,MUD_SHOT
651,QUILLADIN,,38,BULK_UP
651,QUILLADIN,,43,BODY_SLAM
651,QUILLADIN,,47,PAIN_SPLIT
651,QUILLADIN,,53,WOOD_HAMMER
652,CHESNAUGHT,,EVOLVE_MOVE,SPIKY_SHIELD
652,CHESNAUGHT,,1,VINE_WHIP
652,CHESNAUGHT,,1,TACKLE
652,CHESNAUGHT,,1,GROWL
652,CHESNAUGHT,,1,ROLLOUT
652,CHESNAUGHT,,1,HAMMER_ARM
652,CHESNAUGHT,,1,FEINT
652,CHESNAUGHT,,1,NEEDLE_ARM
652,CHESNAUGHT,,11,BITE
652,CHESNAUGHT,,15,LEECH_SEED
652,CHESNAUGHT,,19,PIN_MISSILE
652,CHESNAUGHT,,29,TAKE_DOWN
652,CHESNAUGHT,,35,SEED_BOMB
652,CHESNAUGHT,,41,MUD_SHOT
652,CHESNAUGHT,,48,BULK_UP
652,CHESNAUGHT,,54,BODY_SLAM
652,CHESNAUGHT,,60,PAIN_SPLIT
652,CHESNAUGHT,,66,WOOD_HAMMER
652,CHESNAUGHT,,78,GIGA_IMPACT
653,FENNEKIN,,1,SCRATCH
653,FENNEKIN,,1,TAIL_WHIP
653,FENNEKIN,,5,EMBER
653,FENNEKIN,,11,HOWL
653,FENNEKIN,,14,FLAME_CHARGE
653,FENNEKIN,,17,PSYBEAM
653,FENNEKIN,,20,FIRE_SPIN
653,FENNEKIN,,25,LIGHT_SCREEN
653,FENNEKIN,,31,PSYSHOCK
653,FENNEKIN,,35,FLAMETHROWER
653,FENNEKIN,,38,WILL_O_WISP
653,FENNEKIN,,41,PSYCHIC
653,FENNEKIN,,43,SUNNY_DAY
653,FENNEKIN,,48,FIRE_BLAST
654,BRAIXEN,,1,SCRATCH
654,BRAIXEN,,1,TAIL_WHIP
654,BRAIXEN,,1,EMBER
654,BRAIXEN,,11,HOWL
654,BRAIXEN,,14,FLAME_CHARGE
654,BRAIXEN,,18,PSYBEAM
654,BRAIXEN,,22,FIRE_SPIN
654,BRAIXEN,,28,LIGHT_SCREEN
654,BRAIXEN,,36,PSYSHOCK
654,BRAIXEN,,41,FLAMETHROWER
654,BRAIXEN,,45,WILL_O_WISP
654,BRAIXEN,,49,PSYCHIC
654,BRAIXEN,,52,SUNNY_DAY
654,BRAIXEN,,56,MAGIC_ROOM
654,BRAIXEN,,59,FIRE_BLAST
655,DELPHOX,,EVOLVE_MOVE,MYSTICAL_FIRE
655,DELPHOX,,1,SCRATCH
655,DELPHOX,,1,TAIL_WHIP
655,DELPHOX,,1,EMBER
655,DELPHOX,,1,SHADOW_BALL
655,DELPHOX,,1,FUTURE_SIGHT
655,DELPHOX,,1,ROLE_PLAY
655,DELPHOX,,1,HOWL
655,DELPHOX,,1,SWITCHEROO
655,DELPHOX,,14,FLAME_CHARGE
655,DELPHOX,,18,PSYBEAM
655,DELPHOX,,22,FIRE_SPIN
655,DELPHOX,,28,LIGHT_SCREEN
655,DELPHOX,,38,PSYSHOCK
655,DELPHOX,,45,FLAMETHROWER
655,DELPHOX,,51,WILL_O_WISP
655,DELPHOX,,57,PSYCHIC
655,DELPHOX,,62,SUNNY_DAY
655,DELPHOX,,68,MAGIC_ROOM
655,DELPHOX,,74,FIRE_BLAST
656,FROAKIE,,1,POUND
656,FROAKIE,,1,GROWL
656,FROAKIE,,5,WATER_GUN
656,FROAKIE,,8,QUICK_ATTACK
656,FROAKIE,,10,LICK
656,FROAKIE,,14,WATER_PULSE
656,FROAKIE,,18,SMOKESCREEN
656,FROAKIE,,21,ROUND
656,FROAKIE,,25,FLING
656,FROAKIE,,29,SMACK_DOWN
656,FROAKIE,,35,SUBSTITUTE
656,FROAKIE,,39,BOUNCE
656,FROAKIE,,43,DOUBLE_TEAM
656,FROAKIE,,48,HYDRO_PUMP
657,FROGADIER,,1,POUND
657,FROGADIER,,1,GROWL
657,FROGADIER,,1,WATER_GUN
657,FROGADIER,,8,QUICK_ATTACK
657,FROGADIER,,10,LICK
657,FROGADIER,,14,WATER_PULSE
657,FROGADIER,,19,SMOKESCREEN
657,FROGADIER,,23,ROUND
657,FROGADIER,,28,FLING
657,FROGADIER,,33,SMACK_DOWN
657,FROGADIER,,40,SUBSTITUTE
657,FROGADIER,,45,BOUNCE
657,FROGADIER,,50,DOUBLE_TEAM
657,FROGADIER,,56,HYDRO_PUMP
658,GRENINJA,,EVOLVE_MOVE,WATER_SHURIKEN
658,GRENINJA,,1,POUND
658,GRENINJA,,1,GROWL
658,GRENINJA,,1,WATER_GUN
658,GRENINJA,,1,QUICK_ATTACK
658,GRENINJA,,1,ROUND
658,GRENINJA,,1,FLING
658,GRENINJA,,1,SMACK_DOWN
658,GRENINJA,,1,BOUNCE
658,GRENINJA,,1,HAZE
658,GRENINJA,,1,MAT_BLOCK
658,GRENINJA,,1,ROLE_PLAY
658,GRENINJA,,1,NIGHT_SLASH
658,GRENINJA,,10,LICK
658,GRENINJA,,14,WATER_PULSE
658,GRENINJA,,19,SMOKESCREEN
658,GRENINJA,,23,SHADOW_SNEAK
658,GRENINJA,,28,SPIKES
658,GRENINJA,,33,AERIAL_ACE
658,GRENINJA,,42,SUBSTITUTE
658,GRENINJA,,49,EXTRASENSORY
658,GRENINJA,,56,DOUBLE_TEAM
658,GRENINJA,,68,HYDRO_PUMP
659,BUNNELBY,,1,LEER
659,BUNNELBY,,1,MUD_SLAP
659,BUNNELBY,,3,TACKLE
659,BUNNELBY,,6,LASER_FOCUS
659,BUNNELBY,,9,QUICK_ATTACK
659,BUNNELBY,,12,MUD_SHOT
659,BUNNELBY,,15,FLAIL
659,BUNNELBY,,18,DOUBLE_KICK
659,BUNNELBY,,21,BULLDOZE
659,BUNNELBY,,24,DIG
659,BUNNELBY,,27,BOUNCE
659,BUNNELBY,,30,TAKE_DOWN
659,BUNNELBY,,33,SWORDS_DANCE
659,BUNNELBY,,36,EARTHQUAKE
659,BUNNELBY,,39,SUPER_FANG
660,DIGGERSBY,,1,TACKLE
660,DIGGERSBY,,1,LEER
660,DIGGERSBY,,1,MUD_SLAP
660,DIGGERSBY,,1,LASER_FOCUS
660,DIGGERSBY,,1,ROTOTILLER
660,DIGGERSBY,,9,QUICK_ATTACK
660,DIGGERSBY,,12,MUD_SHOT
660,DIGGERSBY,,15,FLAIL
660,DIGGERSBY,,18,DOUBLE_KICK
660,DIGGERSBY,,23,BULLDOZE
660,DIGGERSBY,,28,DIG
660,DIGGERSBY,,33,BOUNCE
660,DIGGERSBY,,38,TAKE_DOWN
660,DIGGERSBY,,43,SWORDS_DANCE
660,DIGGERSBY,,48,EARTHQUAKE
660,DIGGERSBY,,53,SUPER_FANG
660,DIGGERSBY,,58,HAMMER_ARM
661,FLETCHLING,,1,GROWL
661,FLETCHLING,,1,PECK
661,FLETCHLING,,5,QUICK_ATTACK
661,FLETCHLING,,10,EMBER
661,FLETCHLING,,15,FLAIL
661,FLETCHLING,,20,ACROBATICS
661,FLETCHLING,,25,AGILITY
661,FLETCHLING,,30,AERIAL_ACE
661,FLETCHLING,,35,TAILWIND
661,FLETCHLING,,40,STEEL_WING
661,FLETCHLING,,45,ROOST
661,FLETCHLING,,50,FLY
662,FLETCHINDER,,EVOLVE_MOVE,FLAME_CHARGE
662,FLETCHINDER,,1,GROWL
662,FLETCHINDER,,1,EMBER
662,FLETCHINDER,,1,PECK
662,FLETCHINDER,,1,QUICK_ATTACK
662,FLETCHINDER,,1,FEINT
662,FLETCHINDER,,15,FLAIL
662,FLETCHINDER,,22,ACROBATICS
662,FLETCHINDER,,29,AGILITY
662,FLETCHINDER,,36,AERIAL_ACE
662,FLETCHINDER,,43,TAILWIND
662,FLETCHINDER,,50,STEEL_WING
662,FLETCHINDER,,57,ROOST
662,FLETCHINDER,,64,FLY
663,TALONFLAME,,1,GROWL
663,TALONFLAME,,1,EMBER
663,TALONFLAME,,1,PECK
663,TALONFLAME,,1,QUICK_ATTACK
663,TALONFLAME,,1,FEINT
663,TALONFLAME,,1,FLARE_BLITZ
663,TALONFLAME,,1,FLAME_CHARGE
663,TALONFLAME,,15,FLAIL
663,TALONFLAME,,22,ACROBATICS
663,TALONFLAME,,29,AGILITY
663,TALONFLAME,,38,AERIAL_ACE
663,TALONFLAME,,47,TAILWIND
663,TALONFLAME,,56,STEEL_WING
663,TALONFLAME,,65,ROOST
663,TALONFLAME,,74,FLY
663,TALONFLAME,,83,BRAVE_BIRD
664,SCATTERBUG,,1,TACKLE
664,SCATTERBUG,,1,STRING_SHOT
664,SCATTERBUG,,6,STUN_SPORE
664,SCATTERBUG,,15,BUG_BITE
665,SPEWPA,,EVOLVE_MOVE,PROTECT
665,SPEWPA,,RELEARN_MOVE,TACKLE
665,SPEWPA,,RELEARN_MOVE,STRING_SHOT
665,SPEWPA,,RELEARN_MOVE,STUN_SPORE
665,SPEWPA,,RELEARN_MOVE,BUG_BITE
665,SPEWPA,,1,HARDEN
666,VIVILLON,,EVOLVE_MOVE,GUST
666,VIVILLON,,1,PROTECT
666,VIVILLON,,1,TACKLE
666,VIVILLON,,1,STRING_SHOT
666,VIVILLON,,1,HARDEN
666,VIVILLON,,1,BUG_BITE
666,VIVILLON,,1,POISON_POWDER
666,VIVILLON,,1,STUN_SPORE
666,VIVILLON,,1,SLEEP_POWDER
666,VIVILLON,,1,STRUGGLE_BUG
666,VIVILLON,,1,POWDER
666,VIVILLON,,12,LIGHT_SCREEN
666,VIVILLON,,17,PSYBEAM
666,VIVILLON,,21,SUPERSONIC
666,VIVILLON,,25,DRAINING_KISS
666,VIVILLON,,31,SAFEGUARD
666,VIVILLON,,35,BUG_BUZZ
666,VIVILLON,,45,QUIVER_DANCE
666,VIVILLON,,50,HURRICANE
667,LITLEO,,1,TACKLE
667,LITLEO,,1,LEER
667,LITLEO,,5,EMBER
667,LITLEO,,8,WORK_UP
667,LITLEO,,11,HEADBUTT
667,LITLEO,,15,NOBLE_ROAR
667,LITLEO,,20,TAKE_DOWN
667,LITLEO,,23,FIRE_FANG
667,LITLEO,,28,ENDEAVOR
667,LITLEO,,33,ECHOED_VOICE
667,LITLEO,,36,FLAMETHROWER
667,LITLEO,,39,CRUNCH
667,LITLEO,,43,HYPER_VOICE
667,LITLEO,,46,INCINERATE
667,LITLEO,,50,OVERHEAT
668,PYROAR,,1,TACKLE
668,PYROAR,,1,LEER
668,PYROAR,,1,EMBER
668,PYROAR,,1,HYPER_BEAM
668,PYROAR,,1,WORK_UP
668,PYROAR,,11,HEADBUTT
668,PYROAR,,15,NOBLE_ROAR
668,PYROAR,,20,TAKE_DOWN
668,PYROAR,,23,FIRE_FANG
668,PYROAR,,28,ENDEAVOR
668,PYROAR,,33,ECHOED_VOICE
668,PYROAR,,38,FLAMETHROWER
668,PYROAR,,42,CRUNCH
668,PYROAR,,48,HYPER_VOICE
668,PYROAR,,51,INCINERATE
668,PYROAR,,57,OVERHEAT
669,FLABEBE,,1,VINE_WHIP
669,FLABEBE,,1,TACKLE
669,FLABEBE,,6,FAIRY_WIND
669,FLABEBE,,10,SAFEGUARD
669,FLABEBE,,15,RAZOR_LEAF
669,FLABEBE,,20,WISH
669,FLABEBE,,22,MAGICAL_LEAF
669,FLABEBE,,24,GRASSY_TERRAIN
669,FLABEBE,,28,PETAL_BLIZZARD
669,FLABEBE,,33,SYNTHESIS
669,FLABEBE,,37,MISTY_TERRAIN
669,FLABEBE,,41,MOONBLAST
669,FLABEBE,,45,PETAL_DANCE
669,FLABEBE,,48,SOLAR_BEAM
670,FLOETTE,,1,VINE_WHIP
670,FLOETTE,,1,TACKLE
670,FLOETTE,,1,FAIRY_WIND
670,FLOETTE,,10,SAFEGUARD
670,FLOETTE,,15,RAZOR_LEAF
670,FLOETTE,,20,WISH
670,FLOETTE,,25,MAGICAL_LEAF
670,FLOETTE,,27,GRASSY_TERRAIN
670,FLOETTE,,33,PETAL_BLIZZARD
670,FLOETTE,,38,SYNTHESIS
670,FLOETTE,,43,MISTY_TERRAIN
670,FLOETTE,,46,MOONBLAST
670,FLOETTE,,51,PETAL_DANCE
670,FLOETTE,,58,SOLAR_BEAM
671,FLORGES,,1,VINE_WHIP
671,FLORGES,,1,TACKLE
671,FLORGES,,1,FAIRY_WIND
671,FLORGES,,1,RAZOR_LEAF
671,FLORGES,,1,SOLAR_BEAM
671,FLORGES,,1,PETAL_DANCE
671,FLORGES,,1,SAFEGUARD
671,FLORGES,,1,SYNTHESIS
671,FLORGES,,1,WISH
671,FLORGES,,1,LUCKY_CHANT
671,FLORGES,,1,MAGICAL_LEAF
671,FLORGES,,1,GRASS_KNOT
671,FLORGES,,1,PETAL_BLIZZARD
671,FLORGES,,1,DISARMING_VOICE
671,FLORGES,,1,GRASSY_TERRAIN
671,FLORGES,,1,MISTY_TERRAIN
671,FLORGES,,5,MOONBLAST
672,SKIDDO,,1,TACKLE
672,SKIDDO,,1,GROWTH
672,SKIDDO,,7,VINE_WHIP
672,SKIDDO,,9,TAIL_WHIP
672,SKIDDO,,12,LEECH_SEED
672,SKIDDO,,13,RAZOR_LEAF
672,SKIDDO,,16,WORRY_SEED
672,SKIDDO,,20,SYNTHESIS
672,SKIDDO,,22,TAKE_DOWN
672,SKIDDO,,26,BULLDOZE
672,SKIDDO,,30,SEED_BOMB
672,SKIDDO,,34,BULK_UP
672,SKIDDO,,38,DOUBLE_EDGE
672,SKIDDO,,42,HORN_LEECH
672,SKIDDO,,45,LEAF_BLADE
673,GOGOAT,,EVOLVE_MOVE,AERIAL_ACE
673,GOGOAT,,1,VINE_WHIP
673,GOGOAT,,1,TACKLE
673,GOGOAT,,1,TAIL_WHIP
673,GOGOAT,,1,GROWTH
673,GOGOAT,,1,EARTHQUAKE
673,GOGOAT,,12,LEECH_SEED
673,GOGOAT,,13,RAZOR_LEAF
673,GOGOAT,,16,WORRY_SEED
673,GOGOAT,,20,SYNTHESIS
673,GOGOAT,,22,TAKE_DOWN
673,GOGOAT,,26,BULLDOZE
673,GOGOAT,,30,SEED_BOMB
673,GOGOAT,,34,BULK_UP
673,GOGOAT,,40,DOUBLE_EDGE
673,GOGOAT,,47,HORN_LEECH
673,GOGOAT,,55,LEAF_BLADE
673,GOGOAT,,58,MILK_DRINK
674,PANCHAM,,1,TACKLE
674,PANCHAM,,1,LEER
674,PANCHAM,,4,ARM_THRUST
674,PANCHAM,,8,TAUNT
674,PANCHAM,,12,CIRCLE_THROW
674,PANCHAM,,16,LOW_SWEEP
674,PANCHAM,,20,WORK_UP
674,PANCHAM,,24,SLASH
674,PANCHAM,,28,VITAL_THROW
674,PANCHAM,,33,CRUNCH
674,PANCHAM,,36,BODY_SLAM
674,PANCHAM,,40,PARTING_SHOT
674,PANCHAM,,44,ENTRAINMENT
675,PANGORO,,EVOLVE_MOVE,NIGHT_SLASH
675,PANGORO,,1,TACKLE
675,PANGORO,,1,LEER
675,PANGORO,,1,TAUNT
675,PANGORO,,1,ARM_THRUST
675,PANGORO,,1,BULLET_PUNCH
675,PANGORO,,12,CIRCLE_THROW
675,PANGORO,,16,LOW_SWEEP
675,PANGORO,,20,WORK_UP
675,PANGORO,,24,SLASH
675,PANGORO,,28,VITAL_THROW
675,PANGORO,,35,CRUNCH
675,PANGORO,,40,BODY_SLAM
675,PANGORO,,46,PARTING_SHOT
675,PANGORO,,52,ENTRAINMENT
675,PANGORO,,58,HAMMER_ARM
676,FURFROU,,1,TACKLE
676,FURFROU,,1,GROWL
676,FURFROU,,5,SAND_ATTACK
676,FURFROU,,9,BABY_DOLL_EYES
676,FURFROU,,12,HEADBUTT
676,FURFROU,,15,TAIL_WHIP
676,FURFROU,,22,BITE
676,FURFROU,,27,ODOR_SLEUTH
676,FURFROU,,33,RETALIATE
676,FURFROU,,35,TAKE_DOWN
676,FURFROU,,38,CHARM
676,FURFROU,,42,SUCKER_PUNCH
676,FURFROU,,48,COTTON_GUARD
677,ESPURR,,1,SCRATCH
677,ESPURR,,1,LEER
677,ESPURR,,3,FAKE_OUT
677,ESPURR,,6,DISARMING_VOICE
677,ESPURR,,9,CONFUSION
677,ESPURR,,18,COVET
677,ESPURR,,21,PSYBEAM
677,ESPURR,,30,LIGHT_SCREEN
677,ESPURR,,30,REFLECT
677,ESPURR,,33,PSYSHOCK
678,MEOWSTIC,,1,SCRATCH
678,MEOWSTIC,,1,LEER
678,MEOWSTIC,,1,FAKE_OUT
678,MEOWSTIC,,1,DISARMING_VOICE
678,MEOWSTIC,,9,CONFUSION
678,MEOWSTIC,,18,COVET
678,MEOWSTIC,,21,PSYBEAM
678,MEOWSTIC,,24,SUCKER_PUNCH
678,MEOWSTIC,,29,ROLE_PLAY
678,MEOWSTIC,,34,LIGHT_SCREEN
678,MEOWSTIC,,34,REFLECT
678,MEOWSTIC,,39,PSYSHOCK
678,MEOWSTIC,,54,PSYCHIC
678,MEOWSTIC,male,1,MEAN_LOOK
678,MEOWSTIC,male,12,HELPING_HAND
678,MEOWSTIC,male,15,CHARM
678,MEOWSTIC,male,44,IMPRISON
678,MEOWSTIC,male,49,QUICK_GUARD
678,MEOWSTIC,male,59,MISTY_TERRAIN
678,MEOWSTIC,female,1,MAGICAL_LEAF
678,MEOWSTIC,female,12,STORED_POWER
678,MEOWSTIC,female,15,CHARGE_BEAM
678,MEOWSTIC,female,44,EXTRASENSORY
678,MEOWSTIC,female,49,SHADOW_BALL
678,MEOWSTIC,female,59,FUTURE_SIGHT
679,HONEDGE,,1,TACKLE
679,HONEDGE,,1,FURY_CUTTER
679,HONEDGE,,4,SHADOW_SNEAK
679,HONEDGE,,8,AUTOTOMIZE
679,HONEDGE,,12,AERIAL_ACE
679,HONEDGE,,16,METAL_SOUND
679,HONEDGE,,20,SLASH
679,HONEDGE,,24,NIGHT_SLASH
679,HONEDGE,,28,RETALIATE
679,HONEDGE,,32,IRON_DEFENSE
679,HONEDGE,,36,IRON_HEAD
679,HONEDGE,,40,POWER_TRICK
679,HONEDGE,,44,SWORDS_DANCE
679,HONEDGE,,48,SACRED_SWORD
680,DOUBLADE,,1,TACKLE
680,DOUBLADE,,1,FURY_CUTTER
680,DOUBLADE,,1,SHADOW_SNEAK
680,DOUBLADE,,1,AUTOTOMIZE
680,DOUBLADE,,12,AERIAL_ACE
680,DOUBLADE,,16,METAL_SOUND
680,DOUBLADE,,20,SLASH
680,DOUBLADE,,24,NIGHT_SLASH
680,DOUBLADE,,28,RETALIATE
680,DOUBLADE,,32,IRON_DEFENSE
680,DOUBLADE,,38,IRON_HEAD
680,DOUBLADE,,44,POWER_TRICK
680,DOUBLADE,,50,SWORDS_DANCE
680,DOUBLADE,,56,SACRED_SWORD
681,AEGISLASH,,EVOLVE_MOVE,KINGS_SHIELD
681,AEGISLASH,,1,SWORDS_DANCE
681,AEGISLASH,,1,PURSUIT
681,AEGISLASH,,1,TACKLE
681,AEGISLASH,,1,SLASH
681,AEGISLASH,,1,FURY_CUTTER
681,AEGISLASH,,1,METAL_SOUND
681,AEGISLASH,,1,AERIAL_ACE
681,AEGISLASH,,1,IRON_DEFENSE
681,AEGISLASH,,1,POWER_TRICK
681,AEGISLASH,,1,NIGHT_SLASH
681,AEGISLASH,,1,SHADOW_SNEAK
681,AEGISLASH,,1,IRON_HEAD
681,AEGISLASH,,1,HEAD_SMASH
681,AEGISLASH,,1,AUTOTOMIZE
681,AEGISLASH,,1,RETALIATE
681,AEGISLASH,,1,SACRED_SWORD
682,SPRITZEE,,1,SWEET_SCENT
682,SPRITZEE,,1,FAIRY_WIND
682,SPRITZEE,,3,SWEET_KISS
682,SPRITZEE,,6,ECHOED_VOICE
682,SPRITZEE,,9,DRAINING_KISS
682,SPRITZEE,,12,AROMATHERAPY
682,SPRITZEE,,18,ATTRACT
682,SPRITZEE,,21,FLAIL
682,SPRITZEE,,24,MISTY_TERRAIN
682,SPRITZEE,,27,PSYCHIC
682,SPRITZEE,,30,CHARM
682,SPRITZEE,,33,CALM_MIND
682,SPRITZEE,,36,MOONBLAST
682,SPRITZEE,,39,SKILL_SWAP
683,AROMATISSE,,1,SWEET_KISS
683,AROMATISSE,,1,SWEET_SCENT
683,AROMATISSE,,1,ECHOED_VOICE
683,AROMATISSE,,1,HEAL_PULSE
683,AROMATISSE,,1,FAIRY_WIND
683,AROMATISSE,,1,AROMATIC_MIST
683,AROMATISSE,,9,DISARMING_VOICE
683,AROMATISSE,,12,AROMATHERAPY
683,AROMATISSE,,15,DRAINING_KISS
683,AROMATISSE,,18,ATTRACT
683,AROMATISSE,,21,FLAIL
683,AROMATISSE,,24,MISTY_TERRAIN
683,AROMATISSE,,27,PSYCHIC
683,AROMATISSE,,30,CHARM
683,AROMATISSE,,33,CALM_MIND
683,AROMATISSE,,36,MOONBLAST
683,AROMATISSE,,39,SKILL_SWAP
683,AROMATISSE,,42,PSYCH_UP
684,SWIRLIX,,1,TACKLE
684,SWIRLIX,,1,SWEET_SCENT
684,SWIRLIX,,3,PLAY_NICE
684,SWIRLIX,,6,FAIRY_WIND
684,SWIRLIX,,9,AROMATHERAPY
684,SWIRLIX,,12,DRAINING_KISS
684,SWIRLIX,,15,FAKE_TEARS
684,SWIRLIX,,18,ROUND
684,SWIRLIX,,21,STRING_SHOT
684,SWIRLIX,,24,COTTON_SPORE
684,SWIRLIX,,27,ENERGY_BALL
684,SWIRLIX,,30,WISH
684,SWIRLIX,,33,PLAY_ROUGH
684,SWIRLIX,,36,COTTON_GUARD
684,SWIRLIX,,39,ENDEAVOR
685,SLURPUFF,,1,TACKLE
685,SLURPUFF,,1,SWEET_SCENT
685,SLURPUFF,,1,FAIRY_WIND
685,SLURPUFF,,1,PLAY_NICE
685,SLURPUFF,,9,AROMATHERAPY
685,SLURPUFF,,12,DRAINING_KISS
685,SLURPUFF,,15,FAKE_TEARS
685,SLURPUFF,,18,ROUND
685,SLURPUFF,,21,STRING_SHOT
685,SLURPUFF,,24,COTTON_SPORE
685,SLURPUFF,,27,ENERGY_BALL
685,SLURPUFF,,30,WISH
685,SLURPUFF,,33,PLAY_ROUGH
685,SLURPUFF,,36,COTTON_GUARD
685,SLURPUFF,,39,ENDEAVOR
685,SLURPUFF,,42,STICKY_WEB
686,INKAY,,1,TACKLE
686,INKAY,,1,PECK
686,INKAY,,1,CONSTRICT
686,INKAY,,3,HYPNOSIS
686,INKAY,,6,WRAP
686,INKAY,,9,PAYBACK
686,INKAY,,12,PLUCK
686,INKAY,,15,PSYBEAM
686,INKAY,,18,SWAGGER
686,INKAY,,21,SLASH
686,INKAY,,24,NIGHT_SLASH
686,INKAY,,27,PSYCHO_CUT
686,INKAY,,31,SWITCHEROO
686,INKAY,,33,FOUL_PLAY
686,INKAY,,36,TOPSY_TURVY
686,INKAY,,39,SUPERPOWER
687,MALAMAR,,1,TACKLE
687,MALAMAR,,1,WRAP
687,MALAMAR,,1,PECK
687,MALAMAR,,1,CONSTRICT
687,MALAMAR,,1,HYPNOSIS
687,MALAMAR,,1,REVERSAL
687,MALAMAR,,9,PAYBACK
687,MALAMAR,,12,PLUCK
687,MALAMAR,,15,PSYBEAM
687,MALAMAR,,18,SWAGGER
687,MALAMAR,,21,SLASH
687,MALAMAR,,24,NIGHT_SLASH
687,MALAMAR,,27,PSYCHO_CUT
687,MALAMAR,,33,SWITCHEROO
687,MALAMAR,,37,FOUL_PLAY
687,MALAMAR,,42,TOPSY_TURVY
687,MALAMAR,,47,SUPERPOWER
688,BINACLE,,1,SCRATCH
688,BINACLE,,1,MUD_SLAP
688,BINACLE,,4,WITHDRAW
688,BINACLE,,8,WATER_GUN
688,BINACLE,,12,FURY_CUTTER
688,BINACLE,,16,FURY_SWIPES
688,BINACLE,,20,ANCIENT_POWER
688,BINACLE,,24,ROCK_POLISH
688,BINACLE,,28,SLASH
688,BINACLE,,32,HONE_CLAWS
688,BINACLE,,36,RAZOR_SHELL
688,BINACLE,,40,SHELL_SMASH
688,BINACLE,,44,CROSS_CHOP
689,BARBARACLE,,1,SCRATCH
689,BARBARACLE,,1,WATER_GUN
689,BARBARACLE,,1,WITHDRAW
689,BARBARACLE,,1,SKULL_BASH
689,BARBARACLE,,1,MUD_SLAP
689,BARBARACLE,,12,FURY_CUTTER
689,BARBARACLE,,16,FURY_SWIPES
689,BARBARACLE,,20,ANCIENT_POWER
689,BARBARACLE,,24,ROCK_POLISH
689,BARBARACLE,,28,SLASH
689,BARBARACLE,,32,HONE_CLAWS
689,BARBARACLE,,36,RAZOR_SHELL
689,BARBARACLE,,42,SHELL_SMASH
689,BARBARACLE,,48,CROSS_CHOP
689,BARBARACLE,,54,STONE_EDGE
690,SKRELP,,1,TACKLE
690,SKRELP,,1,SMOKESCREEN
690,SKRELP,,5,ACID
690,SKRELP,,10,WATER_GUN
690,SKRELP,,15,TAIL_WHIP
690,SKRELP,,20,DOUBLE_TEAM
690,SKRELP,,25,POISON_TAIL
690,SKRELP,,30,WATER_PULSE
690,SKRELP,,35,TOXIC
690,SKRELP,,40,DRAGON_PULSE
690,SKRELP,,45,AQUA_TAIL
690,SKRELP,,50,SLUDGE_BOMB
690,SKRELP,,55,HYDRO_PUMP
691,DRAGALGE,,1,TACKLE
691,DRAGALGE,,1,ACID
691,DRAGALGE,,1,WATER_GUN
691,DRAGALGE,,1,SMOKESCREEN
691,DRAGALGE,,1,FEINT_ATTACK
691,DRAGALGE,,15,TAIL_WHIP
691,DRAGALGE,,20,DOUBLE_TEAM
691,DRAGALGE,,25,POISON_TAIL
691,DRAGALGE,,30,WATER_PULSE
691,DRAGALGE,,35,TOXIC
691,DRAGALGE,,40,DRAGON_PULSE
691,DRAGALGE,,45,AQUA_TAIL
691,DRAGALGE,,52,SLUDGE_BOMB
691,DRAGALGE,,59,HYDRO_PUMP
691,DRAGALGE,,66,OUTRAGE
692,CLAUNCHER,,1,WATER_GUN
692,CLAUNCHER,,1,SPLASH
692,CLAUNCHER,,10,FLAIL
692,CLAUNCHER,,15,AQUA_JET
692,CLAUNCHER,,20,SMACK_DOWN
692,CLAUNCHER,,25,HONE_CLAWS
692,CLAUNCHER,,30,WATER_PULSE
692,CLAUNCHER,,35,SWORDS_DANCE
692,CLAUNCHER,,40,AURA_SPHERE
692,CLAUNCHER,,45,BOUNCE
692,CLAUNCHER,,50,MUDDY_WATER
692,CLAUNCHER,,55,CRABHAMMER
693,CLAWITZER,,1,WATER_GUN
693,CLAWITZER,,1,SPLASH
693,CLAWITZER,,1,FLAIL
693,CLAWITZER,,1,DARK_PULSE
693,CLAWITZER,,1,DRAGON_PULSE
693,CLAWITZER,,1,HEAL_PULSE
693,CLAWITZER,,15,AQUA_JET
693,CLAWITZER,,20,SMACK_DOWN
693,CLAWITZER,,25,HONE_CLAWS
693,CLAWITZER,,30,WATER_PULSE
693,CLAWITZER,,35,SWORDS_DANCE
693,CLAWITZER,,42,AURA_SPHERE
693,CLAWITZER,,49,BOUNCE
693,CLAWITZER,,56,MUDDY_WATER
693,CLAWITZER,,63,CRABHAMMER
694,HELIOPTILE,,1,TAIL_WHIP
694,HELIOPTILE,,1,MUD_SLAP
694,HELIOPTILE,,4,POUND
694,HELIOPTILE,,8,THUNDER_SHOCK
694,HELIOPTILE,,12,QUICK_ATTACK
694,HELIOPTILE,,16,CHARGE
694,HELIOPTILE,,20,BULLDOZE
694,HELIOPTILE,,24,VOLT_SWITCH
694,HELIOPTILE,,28,PARABOLIC_CHARGE
694,HELIOPTILE,,32,THUNDER_WAVE
694,HELIOPTILE,,36,THUNDERBOLT
694,HELIOPTILE,,40,ELECTRIFY
694,HELIOPTILE,,44,THUNDER
695,HELIOLISK,,1,POUND
695,HELIOLISK,,1,TAIL_WHIP
695,HELIOLISK,,1,RAZOR_WIND
695,HELIOLISK,,1,THUNDER_SHOCK
695,HELIOLISK,,1,THUNDERBOLT
695,HELIOLISK,,1,THUNDER_WAVE
695,HELIOLISK,,1,THUNDER
695,HELIOLISK,,1,QUICK_ATTACK
695,HELIOLISK,,1,MUD_SLAP
695,HELIOLISK,,1,CHARGE
695,HELIOLISK,,1,DISCHARGE
695,HELIOLISK,,1,VOLT_SWITCH
695,HELIOLISK,,1,BULLDOZE
695,HELIOLISK,,1,PARABOLIC_CHARGE
695,HELIOLISK,,1,ELECTRIFY
695,HELIOLISK,,1,EERIE_IMPULSE
696,TYRUNT,,1,TACKLE
696,TYRUNT,,1,TAIL_WHIP
696,TYRUNT,,4,ROAR
696,TYRUNT,,8,ANCIENT_POWER
696,TYRUNT,,12,CHARM
696,TYRUNT,,16,BITE
696,TYRUNT,,20,DRAGON_TAIL
696,TYRUNT,,24,STOMP
696,TYRUNT,,28,ROCK_SLIDE
696,TYRUNT,,32,CRUNCH
696,TYRUNT,,36,DRAGON_CLAW
696,TYRUNT,,40,THRASH
696,TYRUNT,,44,EARTHQUAKE
696,TYRUNT,,48,HORN_DRILL
697,TYRANTRUM,,1,TACKLE
697,TYRANTRUM,,1,TAIL_WHIP
697,TYRANTRUM,,1,ROAR
697,TYRANTRUM,,1,ANCIENT_POWER
697,TYRANTRUM,,12,CHARM
697,TYRANTRUM,,16,BITE
697,TYRANTRUM,,20,DRAGON_TAIL
697,TYRANTRUM,,24,STOMP
697,TYRANTRUM,,28,ROCK_SLIDE
697,TYRANTRUM,,32,CRUNCH
697,TYRANTRUM,,36,DRAGON_CLAW
697,TYRANTRUM,,42,THRASH
697,TYRANTRUM,,48,EARTHQUAKE
697,TYRANTRUM,,54,HORN_DRILL
697,TYRANTRUM,,60,GIGA_IMPACT
697,TYRANTRUM,,66,HEAD_SMASH
698,AMAURA,,1,GROWL
698,AMAURA,,1,POWDER_SNOW
698,AMAURA,,4,ENCORE
698,AMAURA,,8,ANCIENT_POWER
698,AMAURA,,12,ICY_WIND
698,AMAURA,,16,ROUND
698,AMAURA,,20,MIST
698,AMAURA,,24,AURORA_BEAM
698,AMAURA,,28,THUNDER_WAVE
698,AMAURA,,32,NATURE_POWER
698,AMAURA,,36,FREEZE_DRY
698,AMAURA,,40,ICE_BEAM
698,AMAURA,,44,LIGHT_SCREEN
698,AMAURA,,48,HAIL
698,AMAURA,,52,BLIZZARD
698,AMAURA,,56,HYPER_BEAM
699,AURORUS,,1,GROWL
699,AURORUS,,1,POWDER_SNOW
699,AURORUS,,1,ENCORE
699,AURORUS,,1,ANCIENT_POWER
699,AURORUS,,12,ICY_WIND
699,AURORUS,,16,ROUND
699,AURORUS,,20,MIST
699,AURORUS,,24,AURORA_BEAM
699,AURORUS,,28,THUNDER_WAVE
699,AURORUS,,32,NATURE_POWER
699,AURORUS,,36,FREEZE_DRY
699,AURORUS,,42,ICE_BEAM
699,AURORUS,,48,LIGHT_SCREEN
699,AURORUS,,54,HAIL
699,AURORUS,,60,BLIZZARD
699,AURORUS,,66,HYPER_BEAM
700,SYLVEON,,EVOLVE_MOVE,SPARKLY_SWIRL
700,SYLVEON,,RELEARN_MOVE,VEEVEE_VOLLEY
700,SYLVEON,,1,TACKLE
700,SYLVEON,,1,TAKE_DOWN
700,SYLVEON,,1,DOUBLE_EDGE
700,SYLVEON,,1,TAIL_WHIP
700,SYLVEON,,1,BITE
700,SYLVEON,,1,GROWL
700,SYLVEON,,1,CHARM
700,SYLVEON,,1,BATON_PASS
700,SYLVEON,,1,HELPING_HAND
700,SYLVEON,,1,COVET
700,SYLVEON,,1,COPYCAT
700,SYLVEON,,5,SAND_ATTACK
700,SYLVEON,,10,DISARMING_VOICE
700,SYLVEON,,15,QUICK_ATTACK
700,SYLVEON,,20,BABY_DOLL_EYES
700,SYLVEON,,25,SWIFT
700,SYLVEON,,30,LIGHT_SCREEN
700,SYLVEON,,35,DRAINING_KISS
700,SYLVEON,,40,MISTY_TERRAIN
700,SYLVEON,,45,SKILL_SWAP
700,SYLVEON,,50,PSYCH_UP
700,SYLVEON,,55,MOONBLAST
700,SYLVEON,,60,LAST_RESORT
701,HAWLUCHA,,1,TACKLE
701,HAWLUCHA,,1,HONE_CLAWS
701,HAWLUCHA,,4,WING_ATTACK
701,HAWLUCHA,,8,DETECT
701,HAWLUCHA,,12,AERIAL_ACE
701,HAWLUCHA,,16,ENCORE
701,HAWLUCHA,,20,FEATHER_DANCE
701,HAWLUCHA,,24,BRICK_BREAK
701,HAWLUCHA,,28,BOUNCE
701,HAWLUCHA,,32,TAUNT
701,HAWLUCHA,,36,ROOST
701,HAWLUCHA,,40,SWORDS_DANCE
701,HAWLUCHA,,44,FLYING_PRESS
701,HAWLUCHA,,48,HIGH_JUMP_KICK
701,HAWLUCHA,,52,ENDEAVOR
701,HAWLUCHA,,56,SKY_ATTACK
702,DEDENNE,,1,TAIL_WHIP
702,DEDENNE,,1,NUZZLE
702,DEDENNE,,5,TACKLE
702,DEDENNE,,10,CHARGE
702,DEDENNE,,15,THUNDER_SHOCK
702,DEDENNE,,20,CHARM
702,DEDENNE,,25,PARABOLIC_CHARGE
702,DEDENNE,,30,VOLT_SWITCH
702,DEDENNE,,35,REST
702,DEDENNE,,35,SNORE
702,DEDENNE,,40,DISCHARGE
702,DEDENNE,,45,PLAY_ROUGH
702,DEDENNE,,50,SUPER_FANG
702,DEDENNE,,55,ENTRAINMENT
702,DEDENNE,,60,THUNDER
703,CARBINK,,1,TACKLE
703,CARBINK,,1,HARDEN
703,CARBINK,,5,GUARD_SPLIT
703,CARBINK,,10,SMACK_DOWN
703,CARBINK,,15,FLAIL
703,CARBINK,,20,ANCIENT_POWER
703,CARBINK,,25,ROCK_POLISH
703,CARBINK,,30,LIGHT_SCREEN
703,CARBINK,,35,ROCK_SLIDE
703,CARBINK,,40,SKILL_SWAP
703,CARBINK,,45,POWER_GEM
703,CARBINK,,50,STEALTH_ROCK
703,CARBINK,,55,MOONBLAST
703,CARBINK,,60,STONE_EDGE
704,GOOMY,,1,TACKLE
704,GOOMY,,1,ABSORB
704,GOOMY,,5,WATER_GUN
704,GOOMY,,10,DRAGON_BREATH
704,GOOMY,,15,PROTECT
704,GOOMY,,20,FLAIL
704,GOOMY,,25,WATER_PULSE
704,GOOMY,,30,RAIN_DANCE
704,GOOMY,,35,DRAGON_PULSE
704,GOOMY,,41,CURSE
704,GOOMY,,45,BODY_SLAM
704,GOOMY,,50,MUDDY_WATER
705,SLIGGOO,,EVOLVE_MOVE,ACID_SPRAY
705,SLIGGOO,,1,TACKLE
705,SLIGGOO,,1,WATER_GUN
705,SLIGGOO,,1,ABSORB
705,SLIGGOO,,1,ACID_ARMOR
705,SLIGGOO,,1,DRAGON_BREATH
705,SLIGGOO,,15,PROTECT
705,SLIGGOO,,20,FLAIL
705,SLIGGOO,,25,WATER_PULSE
705,SLIGGOO,,30,RAIN_DANCE
705,SLIGGOO,,35,DRAGON_PULSE
705,SLIGGOO,,43,CURSE
705,SLIGGOO,,49,BODY_SLAM
705,SLIGGOO,,56,MUDDY_WATER
706,GOODRA,,EVOLVE_MOVE,AQUA_TAIL
706,GOODRA,,1,TACKLE
706,GOODRA,,1,WATER_GUN
706,GOODRA,,1,ABSORB
706,GOODRA,,1,ACID_ARMOR
706,GOODRA,,1,DRAGON_BREATH
706,GOODRA,,1,POISON_TAIL
706,GOODRA,,1,FEINT
706,GOODRA,,1,ACID_SPRAY
706,GOODRA,,1,TEARFUL_LOOK
706,GOODRA,,15,PROTECT
706,GOODRA,,20,FLAIL
706,GOODRA,,25,WATER_PULSE
706,GOODRA,,30,RAIN_DANCE
706,GOODRA,,35,DRAGON_PULSE
706,GOODRA,,43,CURSE
706,GOODRA,,49,BODY_SLAM
706,GOODRA,,58,MUDDY_WATER
706,GOODRA,,67,POWER_WHIP
707,KLEFKI,,1,ASTONISH
707,KLEFKI,,4,TACKLE
707,KLEFKI,,8,FAIRY_WIND
707,KLEFKI,,12,TORMENT
707,KLEFKI,,16,FAIRY_LOCK
707,KLEFKI,,20,METAL_SOUND
707,KLEFKI,,24,DRAINING_KISS
707,KLEFKI,,28,RECYCLE
707,KLEFKI,,32,IMPRISON
707,KLEFKI,,36,FLASH_CANNON
707,KLEFKI,,40,PLAY_ROUGH
707,KLEFKI,,44,MAGIC_ROOM
707,KLEFKI,,48,FOUL_PLAY
707,KLEFKI,,50,HEAL_BLOCK
707,KLEFKI,,52,LAST_RESORT
708,PHANTUMP,,1,TACKLE
708,PHANTUMP,,1,ASTONISH
708,PHANTUMP,,4,BRANCH_POKE
708,PHANTUMP,,8,LEECH_SEED
708,PHANTUMP,,12,CONFUSE_RAY
708,PHANTUMP,,16,WILL_O_WISP
708,PHANTUMP,,20,HEX
708,PHANTUMP,,24,GROWTH
708,PHANTUMP,,28,HORN_LEECH
708,PHANTUMP,,32,CURSE
708,PHANTUMP,,36,PHANTOM_FORCE
708,PHANTUMP,,40,INGRAIN
708,PHANTUMP,,44,WOOD_HAMMER
708,PHANTUMP,,48,DESTINY_BOND
708,PHANTUMP,,52,FORESTS_CURSE
709,TREVENANT,,EVOLVE_MOVE,SHADOW_CLAW
709,TREVENANT,,1,TACKLE
709,TREVENANT,,1,LEECH_SEED
709,TREVENANT,,1,ASTONISH
709,TREVENANT,,1,BRANCH_POKE
709,TREVENANT,,12,CONFUSE_RAY
709,TREVENANT,,16,WILL_O_WISP
709,TREVENANT,,20,HEX
709,TREVENANT,,24,GROWTH
709,TREVENANT,,28,HORN_LEECH
709,TREVENANT,,32,CURSE
709,TREVENANT,,36,PHANTOM_FORCE
709,TREVENANT,,40,INGRAIN
709,TREVENANT,,44,WOOD_HAMMER
709,TREVENANT,,48,DESTINY_BOND
709,TREVENANT,,52,FORESTS_CURSE
710,PUMPKABOO,,1,ASTONISH
710,PUMPKABOO,,1,TRICK_OR_TREAT
710,PUMPKABOO,,1,LEAFAGE
710,PUMPKABOO,,4,SHADOW_SNEAK
710,PUMPKABOO,,8,CONFUSE_RAY
710,PUMPKABOO,,12,RAZOR_LEAF
710,PUMPKABOO,,16,LEECH_SEED
710,PUMPKABOO,,20,BULLET_SEED
710,PUMPKABOO,,24,SCARY_FACE
710,PUMPKABOO,,28,WORRY_SEED
710,PUMPKABOO,,32,SEED_BOMB
710,PUMPKABOO,,36,SHADOW_BALL
710,PUMPKABOO,,40,TRICK
710,PUMPKABOO,,44,PAIN_SPLIT
711,GOURGEIST,,1,CONFUSE_RAY
711,GOURGEIST,,1,EXPLOSION
711,GOURGEIST,,1,ASTONISH
711,GOURGEIST,,1,LEAFAGE
711,GOURGEIST,,1,SHADOW_SNEAK
711,GOURGEIST,,1,TRICK_OR_TREAT
711,GOURGEIST,,1,MOONBLAST
711,GOURGEIST,,12,RAZOR_LEAF
711,GOURGEIST,,16,LEECH_SEED
711,GOURGEIST,,20,BULLET_SEED
711,GOURGEIST,,24,SCARY_FACE
711,GOURGEIST,,28,WORRY_SEED
711,GOURGEIST,,32,SEED_BOMB
711,GOURGEIST,,36,SHADOW_BALL
711,GOURGEIST,,40,TRICK
711,GOURGEIST,,44,PAIN_SPLIT
711,GOURGEIST,,48,PHANTOM_FORCE
712,BERGMITE,,1,HARDEN
712,BERGMITE,,1,RAPID_SPIN
712,BERGMITE,,3,TACKLE
712,BERGMITE,,6,POWDER_SNOW
712,BERGMITE,,9,CURSE
712,BERGMITE,,12,ICY_WIND
712,BERGMITE,,15,PROTECT
712,BERGMITE,,18,AVALANCHE
712,BERGMITE,,21,BITE
712,BERGMITE,,24,ICE_FANG
712,BERGMITE,,27,IRON_DEFENSE
712,BERGMITE,,30,RECOVER
712,BERGMITE,,33,CRUNCH
712,BERGMITE,,36,TAKE_DOWN
712,BERGMITE,,39,BLIZZARD
712,BERGMITE,,42,DOUBLE_EDGE
713,AVALUGG,,EVOLVE_MOVE,BODY_SLAM
713,AVALUGG,,1,TACKLE
713,AVALUGG,,1,HARDEN
713,AVALUGG,,1,POWDER_SNOW
713,AVALUGG,,1,RAPID_SPIN
713,AVALUGG,,1,WIDE_GUARD
713,AVALUGG,,9,CURSE
713,AVALUGG,,12,ICY_WIND
713,AVALUGG,,15,PROTECT
713,AVALUGG,,18,AVALANCHE
713,AVALUGG,,21,BITE
713,AVALUGG,,24,ICE_FANG
713,AVALUGG,,27,IRON_DEFENSE
713,AVALUGG,,30,RECOVER
713,AVALUGG,,33,CRUNCH
713,AVALUGG,,36,TAKE_DOWN
713,AVALUGG,,41,BLIZZARD
713,AVALUGG,,46,DOUBLE_EDGE
713,AVALUGG,,51,ICICLE_CRASH
714,NOIBAT,,1,TACKLE
714,NOIBAT,,1,ABSORB
714,NOIBAT,,4,GUST
714,NOIBAT,,8,SUPERSONIC
714,NOIBAT,,12,DOUBLE_TEAM
714,NOIBAT,,16,WING_ATTACK
714,NOIBAT,,20,BITE
714,NOIBAT,,24,AIR_CUTTER
714,NOIBAT,,28,WHIRLWIND
714,NOIBAT,,32,SUPER_FANG
714,NOIBAT,,36,AIR_SLASH
714,NOIBAT,,40,SCREECH
714,NOIBAT,,44,ROOST
714,NOIBAT,,49,TAILWIND
714,NOIBAT,,52,HURRICANE
715,NOIVERN,,EVOLVE_MOVE,DRAGON_PULSE
715,NOIVERN,,1,GUST
715,NOIVERN,,1,TACKLE
715,NOIVERN,,1,SUPERSONIC
715,NOIVERN,,1,ABSORB
715,NOIVERN,,1,MOONLIGHT
715,NOIVERN,,12,DOUBLE_TEAM
715,NOIVERN,,16,WING_ATTACK
715,NOIVERN,,20,BITE
715,NOIVERN,,24,AIR_CUTTER
715,NOIVERN,,28,WHIRLWIND
715,NOIVERN,,32,SUPER_FANG
715,NOIVERN,,36,AIR_SLASH
715,NOIVERN,,40,SCREECH
715,NOIVERN,,44,ROOST
715,NOIVERN,,51,TAILWIND
715,NOIVERN,,56,HURRICANE
715,NOIVERN,,62,BOOMBURST
716,XERNEAS,,1,TACKLE
716,XERNEAS,,1,GRAVITY
716,XERNEAS,,5,LIGHT_SCREEN
716,XERNEAS,,10,AURORA_BEAM
716,XERNEAS,,15,NATURE_POWER
716,XERNEAS,,20,NIGHT_SLASH
716,XERNEAS,,25,AROMATHERAPY
716,XERNEAS,,30,PSYCH_UP
716,XERNEAS,,35,HORN_LEECH
716,XERNEAS,,40,MISTY_TERRAIN
716,XERNEAS,,45,INGRAIN
716,XERNEAS,,50,TAKE_DOWN
716,XERNEAS,,55,GEOMANCY
716,XERNEAS,,60,MOONBLAST
716,XERNEAS,,65,HEAL_PULSE
716,XERNEAS,,70,MEGAHORN
716,XERNEAS,,75,CLOSE_COMBAT
716,XERNEAS,,80,OUTRAGE
716,XERNEAS,,85,GIGA_IMPACT
717,YVELTAL,,1,GUST
717,YVELTAL,,1,DOUBLE_TEAM
717,YVELTAL,,1,RAZOR_WIND
717,YVELTAL,,5,TAUNT
717,YVELTAL,,10,SNARL
717,YVELTAL,,15,DISABLE
717,YVELTAL,,20,SUCKER_PUNCH
717,YVELTAL,,25,TAILWIND
717,YVELTAL,,30,ROOST
717,YVELTAL,,35,AIR_SLASH
717,YVELTAL,,40,DARK_PULSE
717,YVELTAL,,45,PSYCHIC
717,YVELTAL,,50,OBLIVION_WING
717,YVELTAL,,55,PHANTOM_FORCE
717,YVELTAL,,60,FOUL_PLAY
717,YVELTAL,,65,DRAGON_RUSH
717,YVELTAL,,70,HURRICANE
717,YVELTAL,,75,FOCUS_BLAST
717,YVELTAL,,80,SKY_ATTACK
717,YVELTAL,,85,HYPER_BEAM
718,ZYGARDE,,1,BIND
718,ZYGARDE,,1,BITE
718,ZYGARDE,,1,DRAGON_BREATH
718,ZYGARDE,,1,BULLDOZE
718,ZYGARDE,,1,THOUSAND_ARROWS
718,ZYGARDE,,1,THOUSAND_WAVES
718,ZYGARDE,,1,CORE_ENFORCER
718,ZYGARDE,,8,HAZE
718,ZYGARDE,,16,DIG
718,ZYGARDE,,24,SAFEGUARD
718,ZYGARDE,,32,CRUNCH
718,ZYGARDE,,40,DRAGON_PULSE
718,ZYGARDE,,48,LANDS_WRATH
718,ZYGARDE,,56,GLARE
718,ZYGARDE,,64,SANDSTORM
718,ZYGARDE,,72,COIL
718,ZYGARDE,,80,EARTHQUAKE
718,ZYGARDE,,88,OUTRAGE
719,DIANCIE,,1,TACKLE
719,DIANCIE,,1,HARDEN
719,DIANCIE,,1,DIAMOND_STORM
719,DIANCIE,,7,GUARD_SPLIT
719,DIANCIE,,14,SMACK_DOWN
719,DIANCIE,,21,FLAIL
719,DIANCIE,,28,ANCIENT_POWER
719,DIANCIE,,35,ROCK_POLISH
719,DIANCIE,,42,LIGHT_SCREEN
719,DIANCIE,,49,ROCK_SLIDE
719,DIANCIE,,56,SKILL_SWAP
719,DIANCIE,,63,POWER_GEM
719,DIANCIE,,70,STEALTH_ROCK
719,DIANCIE,,77,MOONBLAST
719,DIANCIE,,84,STONE_EDGE
720,HOOPA,,1,CONFUSION
720,HOOPA,,1,DESTINY_BOND
720,HOOPA,,1,ALLY_SWITCH
720,HOOPA,,6,ASTONISH
720,HOOPA,,10,TRICK
720,HOOPA,,15,LIGHT_SCREEN
720,HOOPA,,19,PSYBEAM
720,HOOPA,,25,SKILL_SWAP
720,HOOPA,,29,GUARD_SPLIT
720,HOOPA,,29,POWER_SPLIT
720,HOOPA,,50,TRICK_ROOM
720,HOOPA,,50,WONDER_ROOM
720,HOOPA,,75,PSYCHIC
720,HOOPA,,35,PHANTOM_FORCE
720,HOOPA,,46,ZEN_HEADBUTT
720,HOOPA,,55,SHADOW_BALL
720,HOOPA,,68,NASTY_PLOT
720,HOOPA,,85,HYPERSPACE_HOLE
720,HOOPA,unbound,46,KNOCK_OFF
720,HOOPA,unbound,55,DARK_PULSE
720,HOOPA,unbound,85,HYPERSPACE_FURY
721,VOLCANION,,1,WATER_GUN
721,VOLCANION,,1,FIRE_SPIN
721,VOLCANION,,1,STEAM_ERUPTION
721,VOLCANION,,6,LEER
721,VOLCANION,,12,WEATHER_BALL
721,VOLCANION,,18,FLAME_CHARGE
721,VOLCANION,,24,WATER_PULSE
721,VOLCANION,,30,SCARY_FACE
721,VOLCANION,,36,INCINERATE
721,VOLCANION,,42,STOMP
721,VOLCANION,,48,SCALD
721,VOLCANION,,54,TAKE_DOWN
721,VOLCANION,,60,MIST
721,VOLCANION,,60,HAZE
721,VOLCANION,,66,HYDRO_PUMP
721,VOLCANION,,78,FLARE_BLITZ
721,VOLCANION,,84,OVERHEAT
721,VOLCANION,,90,EXPLOSION
722,ROWLET,,1,TACKLE
722,ROWLET,,1,GROWL
722,ROWLET,,3,LEAFAGE
722,ROWLET,,6,ASTONISH
722,ROWLET,,9,PECK
722,ROWLET,,12,SHADOW_SNEAK
722,ROWLET,,15,RAZOR_LEAF
722,ROWLET,,18,SYNTHESIS
722,ROWLET,,21,PLUCK
722,ROWLET,,24,NASTY_PLOT
722,ROWLET,,27,SUCKER_PUNCH
722,ROWLET,,30,LEAF_BLADE
722,ROWLET,,33,FEATHER_DANCE
722,ROWLET,,36,BRAVE_BIRD
723,DARTRIX,,1,TACKLE
723,DARTRIX,,1,GROWL
723,DARTRIX,,1,ASTONISH
723,DARTRIX,,1,LEAFAGE
723,DARTRIX,,9,PECK
723,DARTRIX,,12,SHADOW_SNEAK
723,DARTRIX,,15,RAZOR_LEAF
723,DARTRIX,,20,SYNTHESIS
723,DARTRIX,,25,PLUCK
723,DARTRIX,,30,NASTY_PLOT
723,DARTRIX,,35,SUCKER_PUNCH
723,DARTRIX,,40,LEAF_BLADE
723,DARTRIX,,45,FEATHER_DANCE
723,DARTRIX,,50,BRAVE_BIRD
724,DECIDUEYE,,EVOLVE_MOVE,SPIRIT_SHACKLE
724,DECIDUEYE,,1,TACKLE
724,DECIDUEYE,,1,GROWL
724,DECIDUEYE,,1,SPITE
724,DECIDUEYE,,1,ASTONISH
724,DECIDUEYE,,1,U_TURN
724,DECIDUEYE,,1,LEAF_STORM
724,DECIDUEYE,,1,PHANTOM_FORCE
724,DECIDUEYE,,1,LEAFAGE
724,DECIDUEYE,,9,PECK
724,DECIDUEYE,,12,SHADOW_SNEAK
724,DECIDUEYE,,15,RAZOR_LEAF
724,DECIDUEYE,,20,SYNTHESIS
724,DECIDUEYE,,25,PLUCK
724,DECIDUEYE,,30,NASTY_PLOT
724,DECIDUEYE,,37,SUCKER_PUNCH
724,DECIDUEYE,,44,LEAF_BLADE
724,DECIDUEYE,,51,FEATHER_DANCE
724,DECIDUEYE,,58,BRAVE_BIRD
725,LITTEN,,1,SCRATCH
725,LITTEN,,1,GROWL
725,LITTEN,,3,EMBER
725,LITTEN,,6,LICK
725,LITTEN,,9,ROAR
725,LITTEN,,12,FURY_SWIPES
725,LITTEN,,15,BITE
725,LITTEN,,18,DOUBLE_KICK
725,LITTEN,,21,FIRE_FANG
725,LITTEN,,24,SCARY_FACE
725,LITTEN,,27,SWAGGER
725,LITTEN,,30,FLAMETHROWER
725,LITTEN,,33,THRASH
725,LITTEN,,36,FLARE_BLITZ
726,TORRACAT,,1,SCRATCH
726,TORRACAT,,1,GROWL
726,TORRACAT,,1,EMBER
726,TORRACAT,,1,LICK
726,TORRACAT,,9,ROAR
726,TORRACAT,,12,FURY_SWIPES
726,TORRACAT,,15,BITE
726,TORRACAT,,20,DOUBLE_KICK
726,TORRACAT,,25,FIRE_FANG
726,TORRACAT,,30,SCARY_FACE
726,TORRACAT,,35,SWAGGER
726,TORRACAT,,40,FLAMETHROWER
726,TORRACAT,,45,THRASH
726,TORRACAT,,50,FLARE_BLITZ
727,INCINEROAR,,EVOLVE_MOVE,DARKEST_LARIAT
727,INCINEROAR,,RELEARN_MOVE,SCRATCH
727,INCINEROAR,,RELEARN_MOVE,GROWL
727,INCINEROAR,,RELEARN_MOVE,THROAT_CHOP
727,INCINEROAR,,1,EMBER
727,INCINEROAR,,1,LICK
727,INCINEROAR,,1,CROSS_CHOP
727,INCINEROAR,,1,BULK_UP
727,INCINEROAR,,9,ROAR
727,INCINEROAR,,12,FURY_SWIPES
727,INCINEROAR,,15,BITE
727,INCINEROAR,,20,DOUBLE_KICK
727,INCINEROAR,,25,FIRE_FANG
727,INCINEROAR,,30,SCARY_FACE
727,INCINEROAR,,32,SWAGGER
727,INCINEROAR,,44,FLAMETHROWER
727,INCINEROAR,,51,THRASH
727,INCINEROAR,,58,FLARE_BLITZ
728,POPPLIO,,1,POUND
728,POPPLIO,,1,GROWL
728,POPPLIO,,3,WATER_GUN
728,POPPLIO,,6,DISARMING_VOICE
728,POPPLIO,,9,AQUA_JET
728,POPPLIO,,12,BABY_DOLL_EYES
728,POPPLIO,,15,ICY_WIND
728,POPPLIO,,18,SING
728,POPPLIO,,21,BUBBLE_BEAM
728,POPPLIO,,24,ENCORE
728,POPPLIO,,27,MISTY_TERRAIN
728,POPPLIO,,30,HYPER_VOICE
728,POPPLIO,,33,MOONBLAST
728,POPPLIO,,36,HYDRO_PUMP
729,BRIONNE,,1,POUND
729,BRIONNE,,1,GROWL
729,BRIONNE,,1,WATER_GUN
729,BRIONNE,,1,DISARMING_VOICE
729,BRIONNE,,9,AQUA_JET
729,BRIONNE,,12,BABY_DOLL_EYES
729,BRIONNE,,15,ICY_WIND
729,BRIONNE,,20,SING
729,BRIONNE,,25,BUBBLE_BEAM
729,BRIONNE,,30,ENCORE
729,BRIONNE,,35,MISTY_TERRAIN
729,BRIONNE,,40,HYPER_VOICE
729,BRIONNE,,45,MOONBLAST
729,BRIONNE,,50,HYDRO_PUMP
730,PRIMARINA,,EVOLVE_MOVE,SPARKLING_ARIA
730,PRIMARINA,,1,POUND
730,PRIMARINA,,1,GROWL
730,PRIMARINA,,1,WATER_GUN
730,PRIMARINA,,1,DISARMING_VOICE
730,PRIMARINA,,9,AQUA_JET
730,PRIMARINA,,12,BABY_DOLL_EYES
730,PRIMARINA,,15,ICY_WIND
730,PRIMARINA,,20,SING
730,PRIMARINA,,25,BUBBLE_BEAM
730,PRIMARINA,,30,ENCORE
730,PRIMARINA,,37,MISTY_TERRAIN
730,PRIMARINA,,44,HYPER_VOICE
730,PRIMARINA,,51,MOONBLAST
730,PRIMARINA,,58,HYDRO_PUMP
731,PIKIPEK,,1,PECK
731,PIKIPEK,,3,GROWL
731,PIKIPEK,,7,ECHOED_VOICE
731,PIKIPEK,,9,ROCK_SMASH
731,PIKIPEK,,13,SUPERSONIC
731,PIKIPEK,,15,PLUCK
731,PIKIPEK,,19,ROOST
731,PIKIPEK,,21,FURY_ATTACK
731,PIKIPEK,,25,SCREECH
731,PIKIPEK,,27,DRILL_PECK
731,PIKIPEK,,31,BULLET_SEED
731,PIKIPEK,,33,FEATHER_DANCE
731,PIKIPEK,,37,HYPER_VOICE
732,TRUMBEAK,,RELEARN_MOVE,ECHOED_VOICE
732,TRUMBEAK,,1,GROWL
732,TRUMBEAK,,1,PECK
732,TRUMBEAK,,1,ROCK_SMASH
732,TRUMBEAK,,1,ROCK_BLAST
732,TRUMBEAK,,13,SUPERSONIC
732,TRUMBEAK,,16,PLUCK
732,TRUMBEAK,,21,ROOST
732,TRUMBEAK,,24,FURY_ATTACK
732,TRUMBEAK,,29,SCREECH
732,TRUMBEAK,,32,DRILL_PECK
732,TRUMBEAK,,37,BULLET_SEED
732,TRUMBEAK,,40,FEATHER_DANCE
732,TRUMBEAK,,45,HYPER_VOICE
733,TOUCANNON,,EVOLVE_MOVE,BEAK_BLAST
733,TOUCANNON,,1,GROWL
733,TOUCANNON,,1,PECK
733,TOUCANNON,,1,ROCK_SMASH
733,TOUCANNON,,1,ROCK_BLAST
733,TOUCANNON,,1,ECHOED_VOICE
733,TOUCANNON,,13,SUPERSONIC
733,TOUCANNON,,16,PLUCK
733,TOUCANNON,,21,ROOST
733,TOUCANNON,,24,FURY_ATTACK
733,TOUCANNON,,30,SCREECH
733,TOUCANNON,,34,DRILL_PECK
733,TOUCANNON,,40,BULLET_SEED
733,TOUCANNON,,44,FEATHER_DANCE
733,TOUCANNON,,50,HYPER_VOICE
734,YUNGOOS,,1,TACKLE
734,YUNGOOS,,3,LEER
734,YUNGOOS,,7,PAYBACK
734,YUNGOOS,,10,SAND_ATTACK
734,YUNGOOS,,13,WORK_UP
734,YUNGOOS,,19,BITE
734,YUNGOOS,,22,MUD_SLAP
734,YUNGOOS,,25,SUPER_FANG
734,YUNGOOS,,28,TAKE_DOWN
734,YUNGOOS,,31,SCARY_FACE
734,YUNGOOS,,34,CRUNCH
734,YUNGOOS,,37,YAWN
734,YUNGOOS,,40,THRASH
734,YUNGOOS,,43,REST
735,GUMSHOOS,,1,SAND_ATTACK
735,GUMSHOOS,,1,TACKLE
735,GUMSHOOS,,1,LEER
735,GUMSHOOS,,1,PAYBACK
735,GUMSHOOS,,1,PURSUIT
735,GUMSHOOS,,13,WORK_UP
735,GUMSHOOS,,19,BITE
735,GUMSHOOS,,23,MUD_SLAP
735,GUMSHOOS,,27,SUPER_FANG
735,GUMSHOOS,,31,TAKE_DOWN
735,GUMSHOOS,,35,SCARY_FACE
735,GUMSHOOS,,39,CRUNCH
735,GUMSHOOS,,43,YAWN
735,GUMSHOOS,,47,THRASH
735,GUMSHOOS,,52,REST
736,GRUBBIN,,1,VISE_GRIP
736,GRUBBIN,,1,MUD_SLAP
736,GRUBBIN,,5,STRING_SHOT
736,GRUBBIN,,10,BUG_BITE
736,GRUBBIN,,15,BITE
736,GRUBBIN,,21,SPARK
736,GRUBBIN,,25,STICKY_WEB
736,GRUBBIN,,30,X_SCISSOR
736,GRUBBIN,,35,CRUNCH
736,GRUBBIN,,40,DIG
737,CHARJABUG,,EVOLVE_MOVE,CHARGE
737,CHARJABUG,,1,VISE_GRIP
737,CHARJABUG,,1,STRING_SHOT
737,CHARJABUG,,1,MUD_SLAP
737,CHARJABUG,,1,BUG_BITE
737,CHARJABUG,,15,BITE
737,CHARJABUG,,23,SPARK
737,CHARJABUG,,29,STICKY_WEB
737,CHARJABUG,,36,X_SCISSOR
737,CHARJABUG,,43,CRUNCH
737,CHARJABUG,,50,DIG
737,CHARJABUG,,57,IRON_DEFENSE
737,CHARJABUG,,64,DISCHARGE
738,VIKAVOLT,,EVOLVE_MOVE,THUNDERBOLT
738,VIKAVOLT,,RELEARN_MOVE,VISE_GRIP
738,VIKAVOLT,,RELEARN_MOVE,DIG
738,VIKAVOLT,,RELEARN_MOVE,MUD_SLAP
738,VIKAVOLT,,RELEARN_MOVE,IRON_DEFENSE
738,VIKAVOLT,,RELEARN_MOVE,X_SCISSOR
738,VIKAVOLT,,RELEARN_MOVE,BUG_BITE
738,VIKAVOLT,,1,CHARGE
738,VIKAVOLT,,1,CRUNCH
738,VIKAVOLT,,1,DISCHARGE
738,VIKAVOLT,,1,STRING_SHOT
738,VIKAVOLT,,15,BITE
738,VIKAVOLT,,23,SPARK
738,VIKAVOLT,,29,STICKY_WEB
738,VIKAVOLT,,36,BUG_BUZZ
738,VIKAVOLT,,43,GUILLOTINE
738,VIKAVOLT,,50,FLY
738,VIKAVOLT,,57,AGILITY
738,VIKAVOLT,,64,ZAP_CANNON
739,CRABRAWLER,,1,BUBBLE
739,CRABRAWLER,,1,VISE_GRIP
739,CRABRAWLER,,5,ROCK_SMASH
739,CRABRAWLER,,9,LEER
739,CRABRAWLER,,13,BUBBLE_BEAM
739,CRABRAWLER,,17,PROTECT
739,CRABRAWLER,,22,BRICK_BREAK
739,CRABRAWLER,,25,SLAM
739,CRABRAWLER,,29,PAYBACK
739,CRABRAWLER,,33,REVERSAL
739,CRABRAWLER,,37,CRABHAMMER
739,CRABRAWLER,,42,IRON_DEFENSE
739,CRABRAWLER,,45,DYNAMIC_PUNCH
739,CRABRAWLER,,49,CLOSE_COMBAT
740,CRABOMINABLE,,EVOLVE_MOVE,ICE_PUNCH
740,CRABOMINABLE,,RELEARN_MOVE,CRABHAMMER
740,CRABOMINABLE,,1,VISE_GRIP
740,CRABOMINABLE,,1,LEER
740,CRABOMINABLE,,1,PROTECT
740,CRABOMINABLE,,1,ROCK_SMASH
740,CRABOMINABLE,,1,BUBBLE
740,CRABOMINABLE,,1,PURSUIT
740,CRABOMINABLE,,1,PAYBACK
740,CRABOMINABLE,,17,BUBBLE_BEAM
740,CRABOMINABLE,,22,BRICK_BREAK
740,CRABOMINABLE,,25,SLAM
740,CRABOMINABLE,,29,AVALANCHE
740,CRABOMINABLE,,33,REVERSAL
740,CRABOMINABLE,,37,ICE_HAMMER
740,CRABOMINABLE,,42,IRON_DEFENSE
740,CRABOMINABLE,,45,DYNAMIC_PUNCH
740,CRABOMINABLE,,49,CLOSE_COMBAT
741,ORICORIO,,1,POUND
741,ORICORIO,,4,GROWL
741,ORICORIO,,6,PECK
741,ORICORIO,,10,HELPING_HAND
741,ORICORIO,,13,AIR_CUTTER
741,ORICORIO,,16,BATON_PASS
741,ORICORIO,,20,FEATHER_DANCE
741,ORICORIO,,23,ACROBATICS
741,ORICORIO,,26,TEETER_DANCE
741,ORICORIO,,30,ROOST
741,ORICORIO,,33,FLATTER
741,ORICORIO,,36,AIR_SLASH
741,ORICORIO,,40,REVELATION_DANCE
741,ORICORIO,,43,AGILITY
741,ORICORIO,,47,HURRICANE
742,CUTIEFLY,,1,ABSORB
742,CUTIEFLY,,1,FAIRY_WIND
742,CUTIEFLY,,6,STUN_SPORE
742,CUTIEFLY,,12,SWEET_SCENT
742,CUTIEFLY,,18,DRAINING_KISS
742,CUTIEFLY,,24,STRUGGLE_BUG
742,CUTIEFLY,,30,COVET
742,CUTIEFLY,,36,SWITCHEROO
742,CUTIEFLY,,42,DAZZLING_GLEAM
742,CUTIEFLY,,48,BUG_BUZZ
742,CUTIEFLY,,54,QUIVER_DANCE
743,RIBOMBEE,,EVOLVE_MOVE,POLLEN_PUFF
743,RIBOMBEE,,1,ABSORB
743,RIBOMBEE,,1,STUN_SPORE
743,RIBOMBEE,,1,SWEET_SCENT
743,RIBOMBEE,,1,FAIRY_WIND
743,RIBOMBEE,,18,DRAINING_KISS
743,RIBOMBEE,,24,STRUGGLE_BUG
743,RIBOMBEE,,32,COVET
743,RIBOMBEE,,40,SWITCHEROO
743,RIBOMBEE,,48,DAZZLING_GLEAM
743,RIBOMBEE,,56,BUG_BUZZ
743,RIBOMBEE,,64,QUIVER_DANCE
744,ROCKRUFF,,1,TACKLE
744,ROCKRUFF,,1,LEER
744,ROCKRUFF,,4,SAND_ATTACK
744,ROCKRUFF,,8,DOUBLE_TEAM
744,ROCKRUFF,,12,ROCK_THROW
744,ROCKRUFF,,16,HOWL
744,ROCKRUFF,,20,BITE
744,ROCKRUFF,,24,ROCK_TOMB
744,ROCKRUFF,,28,ROAR
744,ROCKRUFF,,32,ROCK_SLIDE
744,ROCKRUFF,,36,CRUNCH
744,ROCKRUFF,,40,SCARY_FACE
744,ROCKRUFF,,44,STEALTH_ROCK
744,ROCKRUFF,,48,STONE_EDGE
745,LYCANROC,,1,SAND_ATTACK
745,LYCANROC,,1,TACKLE
745,LYCANROC,,1,LEER
745,LYCANROC,,1,DOUBLE_TEAM
745,LYCANROC,,12,ROCK_THROW
745,LYCANROC,,16,HOWL
745,LYCANROC,,20,BITE
745,LYCANROC,,24,ROCK_TOMB
745,LYCANROC,,30,ROAR
745,LYCANROC,,36,ROCK_SLIDE
745,LYCANROC,,42,CRUNCH
745,LYCANROC,,48,SCARY_FACE
745,LYCANROC,,54,STEALTH_ROCK
745,LYCANROC,,60,STONE_EDGE
745,LYCANROC,midday,EVOLVE_MOVE,SUCKER_PUNCH
745,LYCANROC,midday,1,QUICK_ATTACK
745,LYCANROC,midday,1,QUICK_GUARD
745,LYCANROC,midday,1,ACCELEROCK
745,LYCANROC,midnight,EVOLVE_MOVE,COUNTER
745,LYCANROC,midnight,1,REVERSAL
745,LYCANROC,midnight,1,ENDURE
745,LYCANROC,midnight,1,TAUNT
745,LYCANROC,dusk,EVOLVE_MOVE,CRUSH_CLAW
745,LYCANROC,dusk,1,COUNTER
745,LYCANROC,dusk,1,QUICK_ATTACK
745,LYCANROC,dusk,1,REVERSAL
745,LYCANROC,dusk,1,ENDURE
745,LYCANROC,dusk,1,TAUNT
745,LYCANROC,dusk,1,SUCKER_PUNCH
745,LYCANROC,dusk,1,QUICK_GUARD
745,LYCANROC,dusk,1,ACCELEROCK
746,WISHIWASHI,,1,GROWL
746,WISHIWASHI,,1,WATER_GUN
746,WISHIWASHI,,4,HELPING_HAND
746,WISHIWASHI,,8,BEAT_UP
746,WISHIWASHI,,12,BRINE
746,WISHIWASHI,,16,TEARFUL_LOOK
746,WISHIWASHI,,20,DIVE
746,WISHIWASHI,,24,SOAK
746,WISHIWASHI,,28,UPROAR
746,WISHIWASHI,,32,AQUA_TAIL
746,WISHIWASHI,,36,AQUA_RING
746,WISHIWASHI,,40,ENDEAVOR
746,WISHIWASHI,,44,HYDRO_PUMP
746,WISHIWASHI,,48,DOUBLE_EDGE
747,MAREANIE,,1,POISON_STING
747,MAREANIE,,1,PECK
747,MAREANIE,,5,WIDE_GUARD
747,MAREANIE,,10,BITE
747,MAREANIE,,15,VENOSHOCK
747,MAREANIE,,20,RECOVER
747,MAREANIE,,25,PIN_MISSILE
747,MAREANIE,,30,TOXIC_SPIKES
747,MAREANIE,,35,LIQUIDATION
747,MAREANIE,,40,ACID_SPRAY
747,MAREANIE,,45,POISON_JAB
747,MAREANIE,,50,TOXIC
748,TOXAPEX,,EVOLVE_MOVE,BANEFUL_BUNKER
748,TOXAPEX,,1,POISON_STING
748,TOXAPEX,,1,BITE
748,TOXAPEX,,1,PECK
748,TOXAPEX,,1,WIDE_GUARD
748,TOXAPEX,,15,VENOSHOCK
748,TOXAPEX,,20,RECOVER
748,TOXAPEX,,25,PIN_MISSILE
748,TOXAPEX,,30,TOXIC_SPIKES
748,TOXAPEX,,35,LIQUIDATION
748,TOXAPEX,,42,ACID_SPRAY
748,TOXAPEX,,49,POISON_JAB
748,TOXAPEX,,56,TOXIC
749,MUDBRAY,,1,MUD_SLAP
749,MUDBRAY,,1,ROCK_SMASH
749,MUDBRAY,,4,IRON_DEFENSE
749,MUDBRAY,,8,DOUBLE_KICK
749,MUDBRAY,,12,BULLDOZE
749,MUDBRAY,,16,STOMP
749,MUDBRAY,,20,STRENGTH
749,MUDBRAY,,24,COUNTER
749,MUDBRAY,,28,HIGH_HORSEPOWER
749,MUDBRAY,,32,HEAVY_SLAM
749,MUDBRAY,,36,EARTHQUAKE
749,MUDBRAY,,40,MEGA_KICK
749,MUDBRAY,,44,SUPERPOWER
750,MUDSDALE,,1,DOUBLE_KICK
750,MUDSDALE,,1,MUD_SLAP
750,MUDSDALE,,1,ROCK_SMASH
750,MUDSDALE,,1,IRON_DEFENSE
750,MUDSDALE,,12,BULLDOZE
750,MUDSDALE,,16,STOMP
750,MUDSDALE,,20,STRENGTH
750,MUDSDALE,,24,COUNTER
750,MUDSDALE,,28,HIGH_HORSEPOWER
750,MUDSDALE,,34,HEAVY_SLAM
750,MUDSDALE,,40,EARTHQUAKE
750,MUDSDALE,,46,MEGA_KICK
750,MUDSDALE,,52,SUPERPOWER
751,DEWPIDER,,1,WATER_GUN
751,DEWPIDER,,1,INFESTATION
751,DEWPIDER,,1,WATER_SPORT
751,DEWPIDER,,4,BUG_BITE
751,DEWPIDER,,8,BITE
751,DEWPIDER,,12,BUBBLE_BEAM
751,DEWPIDER,,16,AQUA_RING
751,DEWPIDER,,20,HEADBUTT
751,DEWPIDER,,24,CRUNCH
751,DEWPIDER,,28,SOAK
751,DEWPIDER,,32,ENTRAINMENT
751,DEWPIDER,,36,LUNGE
751,DEWPIDER,,40,LIQUIDATION
751,DEWPIDER,,44,LEECH_LIFE
751,DEWPIDER,,48,MIRROR_COAT
752,ARAQUANID,,1,BITE
752,ARAQUANID,,1,WATER_GUN
752,ARAQUANID,,1,BUG_BITE
752,ARAQUANID,,1,WIDE_GUARD
752,ARAQUANID,,1,INFESTATION
752,ARAQUANID,,1,WATER_SPORT
752,ARAQUANID,,1,SPIDER_WEB
752,ARAQUANID,,12,BUBBLE_BEAM
752,ARAQUANID,,16,AQUA_RING
752,ARAQUANID,,20,HEADBUTT
752,ARAQUANID,,26,CRUNCH
752,ARAQUANID,,32,SOAK
752,ARAQUANID,,38,ENTRAINMENT
752,ARAQUANID,,44,LUNGE
752,ARAQUANID,,50,LIQUIDATION
752,ARAQUANID,,56,LEECH_LIFE
752,ARAQUANID,,62,MIRROR_COAT
753,FOMANTIS,,1,FURY_CUTTER
753,FOMANTIS,,1,LEAFAGE
753,FOMANTIS,,5,GROWTH
753,FOMANTIS,,10,INGRAIN
753,FOMANTIS,,15,RAZOR_LEAF
753,FOMANTIS,,20,SWEET_SCENT
753,FOMANTIS,,25,SLASH
753,FOMANTIS,,30,X_SCISSOR
753,FOMANTIS,,35,SYNTHESIS
753,FOMANTIS,,40,LEAF_BLADE
753,FOMANTIS,,45,SUNNY_DAY
753,FOMANTIS,,50,SOLAR_BEAM
754,LURANTIS,,EVOLVE_MOVE,PETAL_BLIZZARD
754,LURANTIS,,1,GROWTH
754,LURANTIS,,1,SOLAR_BEAM
754,LURANTIS,,1,FURY_CUTTER
754,LURANTIS,,1,INGRAIN
754,LURANTIS,,1,NIGHT_SLASH
754,LURANTIS,,1,LEAFAGE
754,LURANTIS,,1,DUAL_CHOP
754,LURANTIS,,15,RAZOR_LEAF
754,LURANTIS,,20,SWEET_SCENT
754,LURANTIS,,25,SLASH
754,LURANTIS,,30,X_SCISSOR
754,LURANTIS,,37,SYNTHESIS
754,LURANTIS,,44,LEAF_BLADE
754,LURANTIS,,51,SUNNY_DAY
754,LURANTIS,,63,SOLAR_BLADE
755,MORELULL,,1,ABSORB
755,MORELULL,,1,ASTONISH
755,MORELULL,,4,CONFUSE_RAY
755,MORELULL,,8,INGRAIN
755,MORELULL,,12,MEGA_DRAIN
755,MORELULL,,16,SLEEP_POWDER
755,MORELULL,,20,MOONLIGHT
755,MORELULL,,25,STRENGTH_SAP
755,MORELULL,,28,GIGA_DRAIN
755,MORELULL,,32,DAZZLING_GLEAM
755,MORELULL,,36,SPORE
755,MORELULL,,40,MOONBLAST
755,MORELULL,,44,DREAM_EATER
756,SHIINOTIC,,1,ABSORB
756,SHIINOTIC,,1,CONFUSE_RAY
756,SHIINOTIC,,1,INGRAIN
756,SHIINOTIC,,1,ASTONISH
756,SHIINOTIC,,1,FLASH
756,SHIINOTIC,,12,MEGA_DRAIN
756,SHIINOTIC,,16,SLEEP_POWDER
756,SHIINOTIC,,20,MOONLIGHT
756,SHIINOTIC,,27,STRENGTH_SAP
756,SHIINOTIC,,32,GIGA_DRAIN
756,SHIINOTIC,,38,DAZZLING_GLEAM
756,SHIINOTIC,,44,SPORE
756,SHIINOTIC,,50,MOONBLAST
756,SHIINOTIC,,56,DREAM_EATER
757,SALANDIT,,1,SCRATCH
757,SALANDIT,,1,POISON_GAS
757,SALANDIT,,5,SMOG
757,SALANDIT,,10,EMBER
757,SALANDIT,,15,POISON_FANG
757,SALANDIT,,20,SWEET_SCENT
757,SALANDIT,,25,NASTY_PLOT
757,SALANDIT,,30,INCINERATE
757,SALANDIT,,35,VENOSHOCK
757,SALANDIT,,40,DRAGON_PULSE
757,SALANDIT,,45,FLAMETHROWER
757,SALANDIT,,50,TOXIC
757,SALANDIT,,55,ENDEAVOR
758,SALAZZLE,,EVOLVE_MOVE,FIRE_LASH
758,SALAZZLE,,1,POUND
758,SALAZZLE,,1,SCRATCH
758,SALAZZLE,,1,DISABLE
758,SALAZZLE,,1,EMBER
758,SALAZZLE,,1,SMOG
758,SALAZZLE,,1,POISON_GAS
758,SALAZZLE,,1,SWAGGER
758,SALAZZLE,,1,ENCORE
758,SALAZZLE,,1,TORMENT
758,SALAZZLE,,1,KNOCK_OFF
758,SALAZZLE,,1,ENDEAVOR
758,SALAZZLE,,1,CAPTIVATE
758,SALAZZLE,,15,POISON_FANG
758,SALAZZLE,,20,SWEET_SCENT
758,SALAZZLE,,25,NASTY_PLOT
758,SALAZZLE,,30,INCINERATE
758,SALAZZLE,,37,VENOSHOCK
758,SALAZZLE,,44,DRAGON_PULSE
758,SALAZZLE,,51,FLAMETHROWER
758,SALAZZLE,,58,TOXIC
759,STUFFUL,,1,TACKLE
759,STUFFUL,,1,LEER
759,STUFFUL,,4,BABY_DOLL_EYES
759,STUFFUL,,8,PAYBACK
759,STUFFUL,,12,BRUTAL_SWING
759,STUFFUL,,16,ENDURE
759,STUFFUL,,20,STRENGTH
759,STUFFUL,,24,TAKE_DOWN
759,STUFFUL,,28,FLAIL
759,STUFFUL,,32,HAMMER_ARM
759,STUFFUL,,36,THRASH
759,STUFFUL,,40,PAIN_SPLIT
759,STUFFUL,,44,DOUBLE_EDGE
759,STUFFUL,,48,SUPERPOWER
760,BEWEAR,,EVOLVE_MOVE,BIND
760,BEWEAR,,1,TACKLE
760,BEWEAR,,1,LEER
760,BEWEAR,,1,PAYBACK
760,BEWEAR,,1,BABY_DOLL_EYES
760,BEWEAR,,12,BRUTAL_SWING
760,BEWEAR,,16,ENDURE
760,BEWEAR,,20,STRENGTH
760,BEWEAR,,24,TAKE_DOWN
760,BEWEAR,,30,FLAIL
760,BEWEAR,,36,HAMMER_ARM
760,BEWEAR,,42,THRASH
760,BEWEAR,,48,PAIN_SPLIT
760,BEWEAR,,54,DOUBLE_EDGE
760,BEWEAR,,60,SUPERPOWER
761,BOUNSWEET,,1,SPLASH
761,BOUNSWEET,,1,LEAFAGE
761,BOUNSWEET,,4,PLAY_NICE
761,BOUNSWEET,,8,RAPID_SPIN
761,BOUNSWEET,,12,RAZOR_LEAF
761,BOUNSWEET,,16,SWEET_SCENT
761,BOUNSWEET,,20,MAGICAL_LEAF
761,BOUNSWEET,,24,FLAIL
761,BOUNSWEET,,28,TEETER_DANCE
761,BOUNSWEET,,32,AROMATIC_MIST
762,STEENEE,,1,LEAFAGE
762,STEENEE,,1,RAZOR_LEAF
762,STEENEE,,1,SPLASH
762,STEENEE,,1,FLAIL
762,STEENEE,,1,RAPID_SPIN
762,STEENEE,,1,PLAY_NICE
762,STEENEE,,16,SWEET_SCENT
762,STEENEE,,22,MAGICAL_LEAF
762,STEENEE,,28,STOMP
762,STEENEE,,34,TEETER_DANCE
762,STEENEE,,40,AROMATIC_MIST
762,STEENEE,,46,LEAF_STORM
763,TSAREENA,,EVOLVE_MOVE,TROP_KICK
763,TSAREENA,,1,LEAFAGE
763,TSAREENA,,1,RAZOR_LEAF
763,TSAREENA,,1,SPLASH
763,TSAREENA,,1,FLAIL
763,TSAREENA,,1,SWAGGER
763,TSAREENA,,1,RAPID_SPIN
763,TSAREENA,,1,POWER_WHIP
763,TSAREENA,,1,PLAY_NICE
763,TSAREENA,,1,PUNISHMENT
763,TSAREENA,,16,SWEET_SCENT
763,TSAREENA,,22,MAGICAL_LEAF
763,TSAREENA,,28,STOMP
763,TSAREENA,,34,TEETER_DANCE
763,TSAREENA,,40,AROMATIC_MIST
763,TSAREENA,,46,LEAF_STORM
763,TSAREENA,,58,HIGH_JUMP_KICK
764,COMFEY,,1,WRAP
764,COMFEY,,1,GROWTH
764,COMFEY,,3,VINE_WHIP
764,COMFEY,,6,HELPING_HAND
764,COMFEY,,9,DRAINING_KISS
764,COMFEY,,12,FLOWER_SHIELD
764,COMFEY,,15,MAGICAL_LEAF
764,COMFEY,,18,SYNTHESIS
764,COMFEY,,21,LEECH_SEED
764,COMFEY,,24,GRASS_KNOT
764,COMFEY,,27,SWEET_KISS
764,COMFEY,,30,FLORAL_HEALING
764,COMFEY,,33,PETAL_BLIZZARD
764,COMFEY,,36,AROMATHERAPY
764,COMFEY,,39,PLAY_ROUGH
764,COMFEY,,42,SWEET_SCENT
764,COMFEY,,45,PETAL_DANCE
764,COMFEY,,48,GRASSY_TERRAIN
765,ORANGURU,,1,CONFUSION
765,ORANGURU,,1,TAUNT
765,ORANGURU,,5,AFTER_YOU
765,ORANGURU,,10,CALM_MIND
765,ORANGURU,,15,STORED_POWER
765,ORANGURU,,20,PSYCH_UP
765,ORANGURU,,25,QUASH
765,ORANGURU,,30,NASTY_PLOT
765,ORANGURU,,35,ZEN_HEADBUTT
765,ORANGURU,,40,TRICK_ROOM
765,ORANGURU,,45,PSYCHIC
765,ORANGURU,,50,INSTRUCT
765,ORANGURU,,55,FOUL_PLAY
765,ORANGURU,,60,FUTURE_SIGHT
766,PASSIMIAN,,1,TACKLE
766,PASSIMIAN,,1,LEER
766,PASSIMIAN,,5,ROCK_SMASH
766,PASSIMIAN,,10,FOCUS_ENERGY
766,PASSIMIAN,,15,BEAT_UP
766,PASSIMIAN,,20,SCARY_FACE
766,PASSIMIAN,,25,TAKE_DOWN
766,PASSIMIAN,,30,FLING
766,PASSIMIAN,,35,BULK_UP
766,PASSIMIAN,,40,THRASH
766,PASSIMIAN,,45,DOUBLE_EDGE
766,PASSIMIAN,,50,CLOSE_COMBAT
766,PASSIMIAN,,55,REVERSAL
766,PASSIMIAN,,60,GIGA_IMPACT
767,WIMPOD,,1,SAND_ATTACK
767,WIMPOD,,1,DEFENSE_CURL
767,WIMPOD,,1,STRUGGLE_BUG
768,GOLISOPOD,,EVOLVE_MOVE,FIRST_IMPRESSION
768,GOLISOPOD,,1,SAND_ATTACK
768,GOLISOPOD,,1,DEFENSE_CURL
768,GOLISOPOD,,1,SPITE
768,GOLISOPOD,,1,STRUGGLE_BUG
768,GOLISOPOD,,4,ROCK_SMASH
768,GOLISOPOD,,8,FURY_CUTTER
768,GOLISOPOD,,12,MUD_SHOT
768,GOLISOPOD,,16,BUG_BITE
768,GOLISOPOD,,20,IRON_DEFENSE
768,GOLISOPOD,,24,SUCKER_PUNCH
768,GOLISOPOD,,28,SLASH
768,GOLISOPOD,,32,RAZOR_SHELL
768,GOLISOPOD,,36,PIN_MISSILE
768,GOLISOPOD,,40,SWORDS_DANCE
768,GOLISOPOD,,44,LIQUIDATION
769,SANDYGAST,,1,ABSORB
769,SANDYGAST,,1,HARDEN
769,SANDYGAST,,5,ASTONISH
769,SANDYGAST,,10,SAND_TOMB
769,SANDYGAST,,15,MEGA_DRAIN
769,SANDYGAST,,20,SAND_ATTACK
769,SANDYGAST,,25,BULLDOZE
769,SANDYGAST,,30,HYPNOSIS
769,SANDYGAST,,35,GIGA_DRAIN
769,SANDYGAST,,40,IRON_DEFENSE
769,SANDYGAST,,45,SHADOW_BALL
769,SANDYGAST,,50,EARTH_POWER
769,SANDYGAST,,55,SHORE_UP
769,SANDYGAST,,60,SANDSTORM
770,PALOSSAND,,1,ABSORB
770,PALOSSAND,,1,HARDEN
770,PALOSSAND,,1,ASTONISH
770,PALOSSAND,,1,SAND_TOMB
770,PALOSSAND,,15,MEGA_DRAIN
770,PALOSSAND,,20,SAND_ATTACK
770,PALOSSAND,,25,BULLDOZE
770,PALOSSAND,,30,HYPNOSIS
770,PALOSSAND,,35,GIGA_DRAIN
770,PALOSSAND,,40,IRON_DEFENSE
770,PALOSSAND,,47,SHADOW_BALL
770,PALOSSAND,,54,EARTH_POWER
770,PALOSSAND,,61,SHORE_UP
770,PALOSSAND,,68,SANDSTORM
771,PYUKUMUKU,,1,COUNTER
771,PYUKUMUKU,,1,HARDEN
771,PYUKUMUKU,,1,BATON_PASS
771,PYUKUMUKU,,1,BIDE
771,PYUKUMUKU,,1,MUD_SPORT
771,PYUKUMUKU,,1,WATER_SPORT
771,PYUKUMUKU,,5,HELPING_HAND
771,PYUKUMUKU,,10,TAUNT
771,PYUKUMUKU,,15,SAFEGUARD
771,PYUKUMUKU,,20,MIRROR_COAT
771,PYUKUMUKU,,25,PURIFY
771,PYUKUMUKU,,30,CURSE
771,PYUKUMUKU,,35,GASTRO_ACID
771,PYUKUMUKU,,40,PAIN_SPLIT
771,PYUKUMUKU,,45,RECOVER
771,PYUKUMUKU,,50,SOAK
771,PYUKUMUKU,,55,TOXIC
771,PYUKUMUKU,,60,MEMENTO
772,TYPE_NULL,,1,TACKLE
772,TYPE_NULL,,1,IMPRISON
772,TYPE_NULL,,5,AERIAL_ACE
772,TYPE_NULL,,10,SCARY_FACE
772,TYPE_NULL,,15,DOUBLE_HIT
772,TYPE_NULL,,20,METAL_SOUND
772,TYPE_NULL,,25,CRUSH_CLAW
772,TYPE_NULL,,30,AIR_SLASH
772,TYPE_NULL,,35,TRI_ATTACK
772,TYPE_NULL,,40,X_SCISSOR
772,TYPE_NULL,,45,IRON_HEAD
772,TYPE_NULL,,50,TAKE_DOWN
772,TYPE_NULL,,55,DOUBLE_EDGE
772,TYPE_NULL,,60,HEAL_BLOCK
773,SILVALLY,,EVOLVE_MOVE,MULTI_ATTACK
773,SILVALLY,,1,TACKLE
773,SILVALLY,,1,BITE
773,SILVALLY,,1,EXPLOSION
773,SILVALLY,,1,SCARY_FACE
773,SILVALLY,,1,IMPRISON
773,SILVALLY,,1,POISON_FANG
773,SILVALLY,,1,AERIAL_ACE
773,SILVALLY,,1,THUNDER_FANG
773,SILVALLY,,1,ICE_FANG
773,SILVALLY,,1,FIRE_FANG
773,SILVALLY,,1,IRON_HEAD
773,SILVALLY,,1,HEAL_BLOCK
773,SILVALLY,,15,DOUBLE_HIT
773,SILVALLY,,20,METAL_SOUND
773,SILVALLY,,25,CRUSH_CLAW
773,SILVALLY,,30,AIR_SLASH
773,SILVALLY,,35,TRI_ATTACK
773,SILVALLY,,40,X_SCISSOR
773,SILVALLY,,45,CRUNCH
773,SILVALLY,,50,TAKE_DOWN
773,SILVALLY,,55,DOUBLE_EDGE
773,SILVALLY,,60,PARTING_SHOT
774,MINIOR,,1,TACKLE
774,MINIOR,,3,DEFENSE_CURL
774,MINIOR,,8,ROLLOUT
774,MINIOR,,10,CONFUSE_RAY
774,MINIOR,,15,SWIFT
774,MINIOR,,17,ANCIENT_POWER
774,MINIOR,,22,SELF_DESTRUCT
774,MINIOR,,24,STEALTH_ROCK
774,MINIOR,,29,TAKE_DOWN
774,MINIOR,,31,AUTOTOMIZE
774,MINIOR,,36,COSMIC_POWER
774,MINIOR,,38,POWER_GEM
774,MINIOR,,43,DOUBLE_EDGE
774,MINIOR,,45,SHELL_SMASH
774,MINIOR,,50,EXPLOSION
775,KOMALA,,1,DEFENSE_CURL
775,KOMALA,,1,ROLLOUT
775,KOMALA,,6,STOCKPILE
775,KOMALA,,6,SPIT_UP
775,KOMALA,,6,SWALLOW
775,KOMALA,,11,RAPID_SPIN
775,KOMALA,,16,YAWN
775,KOMALA,,21,SLAM
775,KOMALA,,26,FLAIL
775,KOMALA,,31,SUCKER_PUNCH
775,KOMALA,,36,PSYCH_UP
775,KOMALA,,41,WOOD_HAMMER
775,KOMALA,,46,THRASH
776,TURTONATOR,,1,TACKLE
776,TURTONATOR,,1,SMOG
776,TURTONATOR,,4,EMBER
776,TURTONATOR,,8,PROTECT
776,TURTONATOR,,12,ENDURE
776,TURTONATOR,,16,FLAIL
776,TURTONATOR,,20,INCINERATE
776,TURTONATOR,,24,IRON_DEFENSE
776,TURTONATOR,,28,DRAGON_PULSE
776,TURTONATOR,,32,BODY_SLAM
776,TURTONATOR,,36,FLAMETHROWER
776,TURTONATOR,,40,SHELL_TRAP
776,TURTONATOR,,44,SHELL_SMASH
776,TURTONATOR,,48,OVERHEAT
776,TURTONATOR,,52,EXPLOSION
777,TOGEDEMARU,,1,TACKLE
777,TOGEDEMARU,,1,NUZZLE
777,TOGEDEMARU,,5,DEFENSE_CURL
777,TOGEDEMARU,,10,CHARGE
777,TOGEDEMARU,,15,THUNDER_SHOCK
777,TOGEDEMARU,,20,FELL_STINGER
777,TOGEDEMARU,,25,SPARK
777,TOGEDEMARU,,30,PIN_MISSILE
777,TOGEDEMARU,,35,MAGNET_RISE
777,TOGEDEMARU,,40,ZING_ZAP
777,TOGEDEMARU,,45,DISCHARGE
777,TOGEDEMARU,,50,ELECTRIC_TERRAIN
777,TOGEDEMARU,,55,WILD_CHARGE
777,TOGEDEMARU,,60,SPIKY_SHIELD
778,MIMIKYU,,1,SCRATCH
778,MIMIKYU,,1,SPLASH
778,MIMIKYU,,1,ASTONISH
778,MIMIKYU,,1,COPYCAT
778,MIMIKYU,,1,WOOD_HAMMER
778,MIMIKYU,,6,SHADOW_SNEAK
778,MIMIKYU,,12,DOUBLE_TEAM
778,MIMIKYU,,18,BABY_DOLL_EYES
778,MIMIKYU,,24,MIMIC
778,MIMIKYU,,30,HONE_CLAWS
778,MIMIKYU,,36,SLASH
778,MIMIKYU,,42,SHADOW_CLAW
778,MIMIKYU,,48,CHARM
778,MIMIKYU,,54,PLAY_ROUGH
778,MIMIKYU,,60,PAIN_SPLIT
779,BRUXISH,,1,WATER_GUN
779,BRUXISH,,4,ASTONISH
779,BRUXISH,,9,CONFUSION
779,BRUXISH,,12,BITE
779,BRUXISH,,17,AQUA_JET
779,BRUXISH,,20,DISABLE
779,BRUXISH,,25,PSYSHOCK
779,BRUXISH,,28,CRUNCH
779,BRUXISH,,33,AQUA_TAIL
779,BRUXISH,,36,SCREECH
779,BRUXISH,,41,PSYCHIC_FANGS
779,BRUXISH,,44,WAVE_CRASH
780,DRAMPA,,1,ECHOED_VOICE
780,DRAMPA,,1,PLAY_NICE
780,DRAMPA,,5,TWISTER
780,DRAMPA,,10,PROTECT
780,DRAMPA,,15,GLARE
780,DRAMPA,,20,SAFEGUARD
780,DRAMPA,,25,DRAGON_BREATH
780,DRAMPA,,30,EXTRASENSORY
780,DRAMPA,,35,DRAGON_PULSE
780,DRAMPA,,40,LIGHT_SCREEN
780,DRAMPA,,45,FLY
780,DRAMPA,,50,HYPER_VOICE
780,DRAMPA,,55,OUTRAGE
781,DHELMISE,,1,ABSORB
781,DHELMISE,,1,RAPID_SPIN
781,DHELMISE,,4,ASTONISH
781,DHELMISE,,8,WRAP
781,DHELMISE,,12,MEGA_DRAIN
781,DHELMISE,,16,GROWTH
781,DHELMISE,,20,GYRO_BALL
781,DHELMISE,,24,SWITCHEROO
781,DHELMISE,,28,GIGA_DRAIN
781,DHELMISE,,32,WHIRLPOOL
781,DHELMISE,,36,HEAVY_SLAM
781,DHELMISE,,40,SLAM
781,DHELMISE,,44,SHADOW_BALL
781,DHELMISE,,48,METAL_SOUND
781,DHELMISE,,52,ANCHOR_SHOT
781,DHELMISE,,56,ENERGY_BALL
781,DHELMISE,,60,PHANTOM_FORCE
781,DHELMISE,,64,POWER_WHIP
782,JANGMO_O,,1,TACKLE
782,JANGMO_O,,1,LEER
782,JANGMO_O,,4,PROTECT
782,JANGMO_O,,8,DRAGON_TAIL
782,JANGMO_O,,12,SCARY_FACE
782,JANGMO_O,,16,HEADBUTT
782,JANGMO_O,,20,WORK_UP
782,JANGMO_O,,24,SCREECH
782,JANGMO_O,,28,IRON_DEFENSE
782,JANGMO_O,,32,DRAGON_CLAW
782,JANGMO_O,,36,NOBLE_ROAR
782,JANGMO_O,,40,DRAGON_DANCE
782,JANGMO_O,,44,OUTRAGE
783,HAKAMO_O,,EVOLVE_MOVE,SKY_UPPERCUT
783,HAKAMO_O,,1,TACKLE
783,HAKAMO_O,,1,LEER
783,HAKAMO_O,,1,PROTECT
783,HAKAMO_O,,1,DRAGON_TAIL
783,HAKAMO_O,,1,BIDE
783,HAKAMO_O,,12,SCARY_FACE
783,HAKAMO_O,,16,HEADBUTT
783,HAKAMO_O,,20,WORK_UP
783,HAKAMO_O,,24,SCREECH
783,HAKAMO_O,,28,IRON_DEFENSE
783,HAKAMO_O,,32,DRAGON_CLAW
783,HAKAMO_O,,38,NOBLE_ROAR
783,HAKAMO_O,,44,DRAGON_DANCE
783,HAKAMO_O,,50,OUTRAGE
783,HAKAMO_O,,56,CLOSE_COMBAT
784,KOMMO_O,,EVOLVE_MOVE,CLANGING_SCALES
784,KOMMO_O,,RELEARN_MOVE,BELLY_DRUM
784,KOMMO_O,,1,TACKLE
784,KOMMO_O,,1,LEER
784,KOMMO_O,,1,PROTECT
784,KOMMO_O,,1,DRAGON_TAIL
784,KOMMO_O,,1,BIDE
784,KOMMO_O,,1,SKY_UPPERCUT
784,KOMMO_O,,12,SCARY_FACE
784,KOMMO_O,,16,HEADBUTT
784,KOMMO_O,,20,WORK_UP
784,KOMMO_O,,24,SCREECH
784,KOMMO_O,,28,IRON_DEFENSE
784,KOMMO_O,,32,DRAGON_CLAW
784,KOMMO_O,,38,NOBLE_ROAR
784,KOMMO_O,,44,DRAGON_DANCE
784,KOMMO_O,,52,OUTRAGE
784,KOMMO_O,,60,CLOSE_COMBAT
784,KOMMO_O,,68,CLANGOROUS_SOUL
784,KOMMO_O,,76,BOOMBURST
785,TAPU_KOKO,,1,THUNDER_SHOCK
785,TAPU_KOKO,,1,QUICK_ATTACK
785,TAPU_KOKO,,5,WITHDRAW
785,TAPU_KOKO,,10,FAIRY_WIND
785,TAPU_KOKO,,15,FALSE_SWIPE
785,TAPU_KOKO,,20,SPARK
785,TAPU_KOKO,,25,SHOCK_WAVE
785,TAPU_KOKO,,30,CHARGE
785,TAPU_KOKO,,35,AGILITY
785,TAPU_KOKO,,40,SCREECH
785,TAPU_KOKO,,45,DISCHARGE
785,TAPU_KOKO,,50,MEAN_LOOK
785,TAPU_KOKO,,55,NATURES_MADNESS
785,TAPU_KOKO,,60,WILD_CHARGE
785,TAPU_KOKO,,65,BRAVE_BIRD
785,TAPU_KOKO,,70,POWER_SWAP
785,TAPU_KOKO,,75,ELECTRIC_TERRAIN
786,TAPU_LELE,,1,CONFUSION
786,TAPU_LELE,,1,ASTONISH
786,TAPU_LELE,,5,WITHDRAW
786,TAPU_LELE,,10,AROMATHERAPY
786,TAPU_LELE,,15,DRAINING_KISS
786,TAPU_LELE,,20,PSYBEAM
786,TAPU_LELE,,25,FLATTER
786,TAPU_LELE,,30,AROMATIC_MIST
786,TAPU_LELE,,35,SWEET_SCENT
786,TAPU_LELE,,40,EXTRASENSORY
786,TAPU_LELE,,45,PSYSHOCK
786,TAPU_LELE,,50,MEAN_LOOK
786,TAPU_LELE,,55,NATURES_MADNESS
786,TAPU_LELE,,60,MOONBLAST
786,TAPU_LELE,,65,TICKLE
786,TAPU_LELE,,70,SKILL_SWAP
786,TAPU_LELE,,75,PSYCHIC_TERRAIN
787,TAPU_BULU,,1,ROCK_SMASH
787,TAPU_BULU,,1,LEAFAGE
787,TAPU_BULU,,5,WITHDRAW
787,TAPU_BULU,,10,DISABLE
787,TAPU_BULU,,15,LEECH_SEED
787,TAPU_BULU,,20,MEGA_DRAIN
787,TAPU_BULU,,25,WHIRLWIND
787,TAPU_BULU,,30,HORN_ATTACK
787,TAPU_BULU,,35,SCARY_FACE
787,TAPU_BULU,,40,HORN_LEECH
787,TAPU_BULU,,45,ZEN_HEADBUTT
787,TAPU_BULU,,50,MEAN_LOOK
787,TAPU_BULU,,55,NATURES_MADNESS
787,TAPU_BULU,,60,WOOD_HAMMER
787,TAPU_BULU,,65,MEGAHORN
787,TAPU_BULU,,70,SKULL_BASH
787,TAPU_BULU,,75,GRASSY_TERRAIN
788,TAPU_FINI,,1,WATER_GUN
788,TAPU_FINI,,1,DISARMING_VOICE
788,TAPU_FINI,,5,WITHDRAW
788,TAPU_FINI,,10,MIST
788,TAPU_FINI,,10,HAZE
788,TAPU_FINI,,15,AQUA_RING
788,TAPU_FINI,,20,WATER_PULSE
788,TAPU_FINI,,25,BRINE
788,TAPU_FINI,,30,DEFOG
788,TAPU_FINI,,35,HEAL_PULSE
788,TAPU_FINI,,40,SURF
788,TAPU_FINI,,45,MUDDY_WATER
788,TAPU_FINI,,50,MEAN_LOOK
788,TAPU_FINI,,55,NATURES_MADNESS
788,TAPU_FINI,,60,MOONBLAST
788,TAPU_FINI,,65,HYDRO_PUMP
788,TAPU_FINI,,70,SOAK
788,TAPU_FINI,,75,MISTY_TERRAIN
789,COSMOG,,1,TELEPORT
789,COSMOG,,1,SPLASH
789,COSMOG,,1,STORED_POWER
790,COSMOEM,,EVOLVE_MOVE,COSMIC_POWER
790,COSMOEM,,1,TELEPORT
790,COSMOEM,,1,SPLASH
790,COSMOEM,,1,STORED_POWER
791,SOLGALEO,,EVOLVE_MOVE,SUNSTEEL_STRIKE
791,SOLGALEO,,1,TELEPORT
791,SOLGALEO,,1,SPLASH
791,SOLGALEO,,1,STORED_POWER
791,SOLGALEO,,1,METAL_CLAW
791,SOLGALEO,,1,COSMIC_POWER
791,SOLGALEO,,1,NOBLE_ROAR
791,SOLGALEO,,1,WAKE_UP_SLAP
791,SOLGALEO,,7,IRON_HEAD
791,SOLGALEO,,14,METAL_SOUND
791,SOLGALEO,,21,ZEN_HEADBUTT
791,SOLGALEO,,28,FLASH_CANNON
791,SOLGALEO,,35,MORNING_SUN
791,SOLGALEO,,42,CRUNCH
791,SOLGALEO,,49,METAL_BURST
791,SOLGALEO,,56,WILD_CHARGE
791,SOLGALEO,,63,SOLAR_BEAM
791,SOLGALEO,,70,FLARE_BLITZ
791,SOLGALEO,,77,WIDE_GUARD
791,SOLGALEO,,84,GIGA_IMPACT
792,LUNALA,,EVOLVE_MOVE,MOONGEIST_BEAM
792,LUNALA,,1,CONFUSION
792,LUNALA,,1,HYPNOSIS
792,LUNALA,,1,TELEPORT
792,LUNALA,,1,SPLASH
792,LUNALA,,1,STORED_POWER
792,LUNALA,,1,COSMIC_POWER
792,LUNALA,,7,NIGHT_SHADE
792,LUNALA,,14,CONFUSE_RAY
792,LUNALA,,21,AIR_SLASH
792,LUNALA,,28,SHADOW_BALL
792,LUNALA,,35,MOONLIGHT
792,LUNALA,,42,NIGHT_DAZE
792,LUNALA,,49,MAGIC_COAT
792,LUNALA,,56,MOONBLAST
792,LUNALA,,63,PHANTOM_FORCE
792,LUNALA,,70,DREAM_EATER
792,LUNALA,,77,WIDE_GUARD
792,LUNALA,,84,HYPER_BEAM
793,NIHILEGO,,1,POUND
793,NIHILEGO,,1,WRAP
793,NIHILEGO,,1,CONSTRICT
793,NIHILEGO,,5,ACID
793,NIHILEGO,,10,TICKLE
793,NIHILEGO,,15,ACID_SPRAY
793,NIHILEGO,,20,CLEAR_SMOG
793,NIHILEGO,,25,GUARD_SPLIT
793,NIHILEGO,,25,POWER_SPLIT
793,NIHILEGO,,30,VENOSHOCK
793,NIHILEGO,,35,HEADBUTT
793,NIHILEGO,,40,TOXIC_SPIKES
793,NIHILEGO,,45,VENOM_DRENCH
793,NIHILEGO,,50,POWER_GEM
793,NIHILEGO,,55,STEALTH_ROCK
793,NIHILEGO,,60,MIRROR_COAT
793,NIHILEGO,,65,WONDER_ROOM
793,NIHILEGO,,70,HEAD_SMASH
794,BUZZWOLE,,1,HARDEN
794,BUZZWOLE,,1,POWER_UP_PUNCH
794,BUZZWOLE,,5,TAUNT
794,BUZZWOLE,,10,FELL_STINGER
794,BUZZWOLE,,15,VITAL_THROW
794,BUZZWOLE,,20,BULK_UP
794,BUZZWOLE,,25,ENDURE
794,BUZZWOLE,,30,REVERSAL
794,BUZZWOLE,,35,MEGA_PUNCH
794,BUZZWOLE,,40,LUNGE
794,BUZZWOLE,,45,FOCUS_ENERGY
794,BUZZWOLE,,50,DYNAMIC_PUNCH
794,BUZZWOLE,,55,COUNTER
794,BUZZWOLE,,60,HAMMER_ARM
794,BUZZWOLE,,65,SUPERPOWER
794,BUZZWOLE,,70,FOCUS_PUNCH
795,PHEROMOSA,,1,RAPID_SPIN
795,PHEROMOSA,,1,FEINT
795,PHEROMOSA,,5,LEER
795,PHEROMOSA,,10,QUICK_GUARD
795,PHEROMOSA,,15,BUG_BITE
795,PHEROMOSA,,20,LOW_KICK
795,PHEROMOSA,,25,DOUBLE_KICK
795,PHEROMOSA,,30,TRIPLE_KICK
795,PHEROMOSA,,35,STOMP
795,PHEROMOSA,,40,AGILITY
795,PHEROMOSA,,45,LUNGE
795,PHEROMOSA,,50,BOUNCE
795,PHEROMOSA,,55,SPEED_SWAP
795,PHEROMOSA,,60,BUG_BUZZ
795,PHEROMOSA,,65,QUIVER_DANCE
795,PHEROMOSA,,70,HIGH_JUMP_KICK
796,XURKITREE,,1,WRAP
796,XURKITREE,,1,THUNDER_SHOCK
796,XURKITREE,,5,CHARGE
796,XURKITREE,,10,THUNDER_WAVE
796,XURKITREE,,15,INGRAIN
796,XURKITREE,,20,SPARK
796,XURKITREE,,25,SHOCK_WAVE
796,XURKITREE,,30,HYPNOSIS
796,XURKITREE,,35,EERIE_IMPULSE
796,XURKITREE,,40,THUNDER_PUNCH
796,XURKITREE,,45,DISCHARGE
796,XURKITREE,,50,MAGNET_RISE
796,XURKITREE,,55,THUNDERBOLT
796,XURKITREE,,60,ELECTRIC_TERRAIN
796,XURKITREE,,65,POWER_WHIP
796,XURKITREE,,70,ZAP_CANNON
797,CELESTEELA,,1,TACKLE
797,CELESTEELA,,1,ABSORB
797,CELESTEELA,,5,HARDEN
797,CELESTEELA,,10,WIDE_GUARD
797,CELESTEELA,,15,MEGA_DRAIN
797,CELESTEELA,,20,SMACK_DOWN
797,CELESTEELA,,25,INGRAIN
797,CELESTEELA,,30,AUTOTOMIZE
797,CELESTEELA,,35,GIGA_DRAIN
797,CELESTEELA,,40,FLASH_CANNON
797,CELESTEELA,,45,METAL_SOUND
797,CELESTEELA,,50,IRON_DEFENSE
797,CELESTEELA,,55,LEECH_SEED
797,CELESTEELA,,60,HEAVY_SLAM
797,CELESTEELA,,65,DOUBLE_EDGE
797,CELESTEELA,,70,SKULL_BASH
798,KARTANA,,1,FURY_CUTTER
798,KARTANA,,1,VACUUM_WAVE
798,KARTANA,,5,RAZOR_LEAF
798,KARTANA,,10,FALSE_SWIPE
798,KARTANA,,15,CUT
798,KARTANA,,20,AIR_CUTTER
798,KARTANA,,25,AERIAL_ACE
798,KARTANA,,30,DETECT
798,KARTANA,,35,NIGHT_SLASH
798,KARTANA,,40,SYNTHESIS
798,KARTANA,,45,LASER_FOCUS
798,KARTANA,,50,DEFOG
798,KARTANA,,55,LEAF_BLADE
798,KARTANA,,60,SACRED_SWORD
798,KARTANA,,65,SWORDS_DANCE
798,KARTANA,,70,GUILLOTINE
799,GUZZLORD,,1,BITE
799,GUZZLORD,,1,DRAGON_TAIL
799,GUZZLORD,,5,STOCKPILE
799,GUZZLORD,,5,SWALLOW
799,GUZZLORD,,10,KNOCK_OFF
799,GUZZLORD,,15,STOMP
799,GUZZLORD,,20,STOMPING_TANTRUM
799,GUZZLORD,,25,WIDE_GUARD
799,GUZZLORD,,30,CRUNCH
799,GUZZLORD,,35,BODY_SLAM
799,GUZZLORD,,40,GASTRO_ACID
799,GUZZLORD,,45,HAMMER_ARM
799,GUZZLORD,,50,HEAVY_SLAM
799,GUZZLORD,,55,DRAGON_RUSH
799,GUZZLORD,,60,BELCH
799,GUZZLORD,,65,THRASH
799,GUZZLORD,,70,GIGA_IMPACT
800,NECROZMA,,1,CONFUSION
800,NECROZMA,,1,METAL_CLAW
800,NECROZMA,,1,MORNING_SUN
800,NECROZMA,,1,MOONLIGHT
800,NECROZMA,,1,GRAVITY
800,NECROZMA,,1,CHARGE_BEAM
800,NECROZMA,,8,STEALTH_ROCK
800,NECROZMA,,16,SLASH
800,NECROZMA,,24,NIGHT_SLASH
800,NECROZMA,,32,PSYCHO_CUT
800,NECROZMA,,40,STORED_POWER
800,NECROZMA,,48,ROCK_BLAST
800,NECROZMA,,56,IRON_DEFENSE
800,NECROZMA,,64,POWER_GEM
800,NECROZMA,,72,PHOTON_GEYSER
800,NECROZMA,,80,AUTOTOMIZE
800,NECROZMA,,88,PRISMATIC_LASER
800,NECROZMA,,1,MIRROR_SHOT
800,NECROZMA,dusk-mane,EVOLVE_MOVE,SUNSTEEL_STRIKE
800,NECROZMA,dawn-wings,EVOLVE_MOVE,MOONGEIST_BEAM
800,NECROZMA,ultra,EVOLVE_MOVE,SUNSTEEL_STRIKE
800,NECROZMA,ultra,EVOLVE_MOVE,MOONGEIST_BEAM
801,MAGEARNA,,1,HELPING_HAND
801,MAGEARNA,,1,GYRO_BALL
801,MAGEARNA,,1,DISARMING_VOICE
801,MAGEARNA,,1,CRAFTY_SHIELD
801,MAGEARNA,,1,GEAR_UP
801,MAGEARNA,,6,DEFENSE_CURL
801,MAGEARNA,,12,ROLLOUT
801,MAGEARNA,,18,IRON_DEFENSE
801,MAGEARNA,,24,MAGNETIC_FLUX
801,MAGEARNA,,30,PSYBEAM
801,MAGEARNA,,36,AURORA_BEAM
801,MAGEARNA,,42,LOCK_ON
801,MAGEARNA,,48,SHIFT_GEAR
801,MAGEARNA,,54,TRICK
801,MAGEARNA,,60,IRON_HEAD
801,MAGEARNA,,66,AURA_SPHERE
801,MAGEARNA,,72,FLASH_CANNON
801,MAGEARNA,,78,PAIN_SPLIT
801,MAGEARNA,,84,ZAP_CANNON
801,MAGEARNA,,90,FLEUR_CANNON
802,MARSHADOW,,1,FIRE_PUNCH
802,MARSHADOW,,1,ICE_PUNCH
802,MARSHADOW,,1,THUNDER_PUNCH
802,MARSHADOW,,1,COUNTER
802,MARSHADOW,,1,FEINT
802,MARSHADOW,,1,COPYCAT
802,MARSHADOW,,1,SHADOW_SNEAK
802,MARSHADOW,,1,PURSUIT
802,MARSHADOW,,9,ROLE_PLAY
802,MARSHADOW,,18,SHADOW_PUNCH
802,MARSHADOW,,27,FORCE_PALM
802,MARSHADOW,,36,ASSURANCE
802,MARSHADOW,,45,SUCKER_PUNCH
802,MARSHADOW,,54,DRAIN_PUNCH
802,MARSHADOW,,63,PSYCH_UP
802,MARSHADOW,,72,SPECTRAL_THIEF
802,MARSHADOW,,81,LASER_FOCUS
802,MARSHADOW,,90,ENDEAVOR
802,MARSHADOW,,99,CLOSE_COMBAT
803,POIPOLE,,RELEARN_MOVE,DRAGON_PULSE
803,POIPOLE,,1,GROWL
803,POIPOLE,,1,ACID
803,POIPOLE,,1,PECK
803,POIPOLE,,1,HELPING_HAND
803,POIPOLE,,7,FURY_ATTACK
803,POIPOLE,,14,FELL_STINGER
803,POIPOLE,,21,CHARM
803,POIPOLE,,28,VENOSHOCK
803,POIPOLE,,35,VENOM_DRENCH
803,POIPOLE,,42,NASTY_PLOT
803,POIPOLE,,49,POISON_JAB
803,POIPOLE,,56,GASTRO_ACID
803,POIPOLE,,63,TOXIC
804,NAGANADEL,,EVOLVE_MOVE,AIR_CUTTER
804,NAGANADEL,,1,GROWL
804,NAGANADEL,,1,ACID
804,NAGANADEL,,1,PECK
804,NAGANADEL,,1,HELPING_HAND
804,NAGANADEL,,1,AIR_SLASH
804,NAGANADEL,,1,DRAGON_PULSE
804,NAGANADEL,,7,FURY_ATTACK
804,NAGANADEL,,14,FELL_STINGER
804,NAGANADEL,,21,CHARM
804,NAGANADEL,,28,VENOSHOCK
804,NAGANADEL,,35,VENOM_DRENCH
804,NAGANADEL,,42,NASTY_PLOT
804,NAGANADEL,,49,POISON_JAB
804,NAGANADEL,,56,GASTRO_ACID
804,NAGANADEL,,63,TOXIC
804,NAGANADEL,,70,DRAGON_RUSH
805,STAKATAKA,,1,TACKLE
805,STAKATAKA,,1,HARDEN
805,STAKATAKA,,5,ROCK_THROW
805,STAKATAKA,,10,PROTECT
805,STAKATAKA,,15,STOMP
805,STAKATAKA,,20,BLOCK
805,STAKATAKA,,25,ROCK_SLIDE
805,STAKATAKA,,30,WIDE_GUARD
805,STAKATAKA,,35,AUTOTOMIZE
805,STAKATAKA,,40,ROCK_BLAST
805,STAKATAKA,,45,MAGNET_RISE
805,STAKATAKA,,50,IRON_DEFENSE
805,STAKATAKA,,55,IRON_HEAD
805,STAKATAKA,,60,TAKE_DOWN
805,STAKATAKA,,65,STEALTH_ROCK
805,STAKATAKA,,70,DOUBLE_EDGE
806,BLACEPHALON,,1,FIRE_SPIN
806,BLACEPHALON,,1,ASTONISH
806,BLACEPHALON,,5,LIGHT_SCREEN
806,BLACEPHALON,,10,EMBER
806,BLACEPHALON,,15,NIGHT_SHADE
806,BLACEPHALON,,20,CONFUSE_RAY
806,BLACEPHALON,,25,MAGIC_COAT
806,BLACEPHALON,,30,INCINERATE
806,BLACEPHALON,,35,HYPNOSIS
806,BLACEPHALON,,40,MYSTICAL_FIRE
806,BLACEPHALON,,45,SHADOW_BALL
806,BLACEPHALON,,50,CALM_MIND
806,BLACEPHALON,,55,WILL_O_WISP
806,BLACEPHALON,,60,TRICK
806,BLACEPHALON,,65,FIRE_BLAST
806,BLACEPHALON,,70,MIND_BLOWN
807,ZERAORA,,1,SCRATCH
807,ZERAORA,,1,QUICK_ATTACK
807,ZERAORA,,1,SPARK
807,ZERAORA,,1,FAKE_OUT
807,ZERAORA,,1,SNARL
807,ZERAORA,,1,POWER_UP_PUNCH
807,ZERAORA,,8,FURY_SWIPES
807,ZERAORA,,16,QUICK_GUARD
807,ZERAORA,,24,SLASH
807,ZERAORA,,32,VOLT_SWITCH
807,ZERAORA,,40,CHARGE
807,ZERAORA,,48,THUNDER_PUNCH
807,ZERAORA,,56,HONE_CLAWS
807,ZERAORA,,64,DISCHARGE
807,ZERAORA,,72,WILD_CHARGE
807,ZERAORA,,80,AGILITY
807,ZERAORA,,88,PLASMA_FISTS
807,ZERAORA,,96,CLOSE_COMBAT
808,MELTAN,,1,THUNDER_SHOCK
808,MELTAN,,1,HARDEN
808,MELTAN,,8,TAIL_WHIP
808,MELTAN,,16,HEADBUTT
808,MELTAN,,24,THUNDER_WAVE
808,MELTAN,,32,ACID_ARMOR
808,MELTAN,,40,FLASH_CANNON
809,MELMETAL,,EVOLVE_MOVE,THUNDER_PUNCH
809,MELMETAL,,1,HEADBUTT
809,MELMETAL,,1,TAIL_WHIP
809,MELMETAL,,1,THUNDER_SHOCK
809,MELMETAL,,1,HARDEN
809,MELMETAL,,24,THUNDER_WAVE
809,MELMETAL,,32,ACID_ARMOR
809,MELMETAL,,40,FLASH_CANNON
809,MELMETAL,,48,MEGA_PUNCH
809,MELMETAL,,56,PROTECT
809,MELMETAL,,64,DISCHARGE
809,MELMETAL,,72,DYNAMIC_PUNCH
809,MELMETAL,,80,SUPERPOWER
809,MELMETAL,,88,DOUBLE_IRON_BASH
809,MELMETAL,,96,HYPER_BEAM
810,GROOKEY,,1,SCRATCH
810,GROOKEY,,1,GROWL
810,GROOKEY,,5,BRANCH_POKE
810,GROOKEY,,8,TAUNT
810,GROOKEY,,12,RAZOR_LEAF
810,GROOKEY,,17,SCREECH
810,GROOKEY,,20,KNOCK_OFF
810,GROOKEY,,24,SLAM
810,GROOKEY,,28,UPROAR
810,GROOKEY,,32,WOOD_HAMMER
810,GROOKEY,,36,ENDEAVOR
811,THWACKEY,,EVOLVE_MOVE,DOUBLE_HIT
811,THWACKEY,,1,SCRATCH
811,THWACKEY,,1,GROWL
811,THWACKEY,,1,TAUNT
811,THWACKEY,,1,BRANCH_POKE
811,THWACKEY,,12,RAZOR_LEAF
811,THWACKEY,,19,SCREECH
811,THWACKEY,,24,KNOCK_OFF
811,THWACKEY,,30,SLAM
811,THWACKEY,,36,UPROAR
811,THWACKEY,,42,WOOD_HAMMER
811,THWACKEY,,48,ENDEAVOR
812,RILLABOOM,,EVOLVE_MOVE,DRUM_BEATING
812,RILLABOOM,,1,SCRATCH
812,RILLABOOM,,1,GROWL
812,RILLABOOM,,1,TAUNT
812,RILLABOOM,,1,DOUBLE_HIT
812,RILLABOOM,,1,NOBLE_ROAR
812,RILLABOOM,,1,GRASSY_TERRAIN
812,RILLABOOM,,1,BRANCH_POKE
812,RILLABOOM,,12,RAZOR_LEAF
812,RILLABOOM,,19,SCREECH
812,RILLABOOM,,24,KNOCK_OFF
812,RILLABOOM,,30,SLAM
812,RILLABOOM,,38,UPROAR
812,RILLABOOM,,46,WOOD_HAMMER
812,RILLABOOM,,54,ENDEAVOR
812,RILLABOOM,,62,BOOMBURST
813,SCORBUNNY,,1,TACKLE
813,SCORBUNNY,,1,GROWL
813,SCORBUNNY,,5,EMBER
813,SCORBUNNY,,8,QUICK_ATTACK
813,SCORBUNNY,,12,DOUBLE_KICK
813,SCORBUNNY,,17,FLAME_CHARGE
813,SCORBUNNY,,20,AGILITY
813,SCORBUNNY,,24,HEADBUTT
813,SCORBUNNY,,28,COUNTER
813,SCORBUNNY,,32,BOUNCE
813,SCORBUNNY,,36,DOUBLE_EDGE
814,RABOOT,,1,TACKLE
814,RABOOT,,1,GROWL
814,RABOOT,,1,EMBER
814,RABOOT,,1,QUICK_ATTACK
814,RABOOT,,12,DOUBLE_KICK
814,RABOOT,,19,FLAME_CHARGE
814,RABOOT,,24,AGILITY
814,RABOOT,,30,HEADBUTT
814,RABOOT,,36,COUNTER
814,RABOOT,,42,BOUNCE
814,RABOOT,,48,DOUBLE_EDGE
815,CINDERACE,,EVOLVE_MOVE,PYRO_BALL
815,CINDERACE,,1,TACKLE
815,CINDERACE,,1,GROWL
815,CINDERACE,,1,EMBER
815,CINDERACE,,1,QUICK_ATTACK
815,CINDERACE,,1,FEINT
815,CINDERACE,,12,DOUBLE_KICK
815,CINDERACE,,19,FLAME_CHARGE
815,CINDERACE,,24,AGILITY
815,CINDERACE,,30,HEADBUTT
815,CINDERACE,,38,COUNTER
815,CINDERACE,,46,BOUNCE
815,CINDERACE,,54,DOUBLE_EDGE
815,CINDERACE,,62,COURT_CHANGE
816,SOBBLE,,1,POUND
816,SOBBLE,,1,GROWL
816,SOBBLE,,5,WATER_GUN
816,SOBBLE,,8,BIND
816,SOBBLE,,12,WATER_PULSE
816,SOBBLE,,17,TEARFUL_LOOK
816,SOBBLE,,20,SUCKER_PUNCH
816,SOBBLE,,24,U_TURN
816,SOBBLE,,28,LIQUIDATION
816,SOBBLE,,32,SOAK
816,SOBBLE,,36,RAIN_DANCE
817,DRIZZILE,,1,POUND
817,DRIZZILE,,1,BIND
817,DRIZZILE,,1,GROWL
817,DRIZZILE,,1,WATER_GUN
817,DRIZZILE,,12,WATER_PULSE
817,DRIZZILE,,19,TEARFUL_LOOK
817,DRIZZILE,,24,SUCKER_PUNCH
817,DRIZZILE,,30,U_TURN
817,DRIZZILE,,36,LIQUIDATION
817,DRIZZILE,,42,SOAK
817,DRIZZILE,,48,RAIN_DANCE
818,INTELEON,,EVOLVE_MOVE,SNIPE_SHOT
818,INTELEON,,1,POUND
818,INTELEON,,1,BIND
818,INTELEON,,1,GROWL
818,INTELEON,,1,WATER_GUN
818,INTELEON,,1,ACROBATICS
818,INTELEON,,12,WATER_PULSE
818,INTELEON,,19,TEARFUL_LOOK
818,INTELEON,,24,SUCKER_PUNCH
818,INTELEON,,30,U_TURN
818,INTELEON,,38,LIQUIDATION
818,INTELEON,,46,SOAK
818,INTELEON,,54,RAIN_DANCE
818,INTELEON,,62,HYDRO_PUMP
819,SKWOVET,,1,TACKLE
819,SKWOVET,,1,TAIL_WHIP
819,SKWOVET,,5,BITE
819,SKWOVET,,10,STUFF_CHEEKS
819,SKWOVET,,15,STOCKPILE
819,SKWOVET,,15,SPIT_UP
819,SKWOVET,,15,SWALLOW
819,SKWOVET,,20,BODY_SLAM
819,SKWOVET,,25,REST
819,SKWOVET,,30,COUNTER
819,SKWOVET,,35,BULLET_SEED
819,SKWOVET,,40,SUPER_FANG
819,SKWOVET,,45,BELCH
820,GREEDENT,,EVOLVE_MOVE,COVET
820,GREEDENT,,1,TACKLE
820,GREEDENT,,1,TAIL_WHIP
820,GREEDENT,,1,BITE
820,GREEDENT,,1,STUFF_CHEEKS
820,GREEDENT,,15,STOCKPILE
820,GREEDENT,,15,SPIT_UP
820,GREEDENT,,15,SWALLOW
820,GREEDENT,,20,BODY_SLAM
820,GREEDENT,,27,REST
820,GREEDENT,,34,COUNTER
820,GREEDENT,,41,BULLET_SEED
820,GREEDENT,,48,SUPER_FANG
820,GREEDENT,,55,BELCH
821,ROOKIDEE,,1,LEER
821,ROOKIDEE,,1,PECK
821,ROOKIDEE,,4,POWER_TRIP
821,ROOKIDEE,,8,HONE_CLAWS
821,ROOKIDEE,,12,FURY_ATTACK
821,ROOKIDEE,,16,PLUCK
821,ROOKIDEE,,20,TAUNT
821,ROOKIDEE,,24,SCARY_FACE
821,ROOKIDEE,,28,DRILL_PECK
821,ROOKIDEE,,32,SWAGGER
821,ROOKIDEE,,36,BRAVE_BIRD
822,CORVISQUIRE,,1,LEER
822,CORVISQUIRE,,1,PECK
822,CORVISQUIRE,,1,HONE_CLAWS
822,CORVISQUIRE,,1,POWER_TRIP
822,CORVISQUIRE,,12,FURY_ATTACK
822,CORVISQUIRE,,16,PLUCK
822,CORVISQUIRE,,22,TAUNT
822,CORVISQUIRE,,28,SCARY_FACE
822,CORVISQUIRE,,34,DRILL_PECK
822,CORVISQUIRE,,40,SWAGGER
822,CORVISQUIRE,,46,BRAVE_BIRD
823,CORVIKNIGHT,,EVOLVE_MOVE,STEEL_WING
823,CORVIKNIGHT,,1,LEER
823,CORVIKNIGHT,,1,PECK
823,CORVIKNIGHT,,1,SCREECH
823,CORVIKNIGHT,,1,METAL_SOUND
823,CORVIKNIGHT,,1,IRON_DEFENSE
823,CORVIKNIGHT,,1,HONE_CLAWS
823,CORVIKNIGHT,,1,POWER_TRIP
823,CORVIKNIGHT,,12,FURY_ATTACK
823,CORVIKNIGHT,,16,PLUCK
823,CORVIKNIGHT,,22,TAUNT
823,CORVIKNIGHT,,28,SCARY_FACE
823,CORVIKNIGHT,,34,DRILL_PECK
823,CORVIKNIGHT,,42,SWAGGER
823,CORVIKNIGHT,,50,BRAVE_BIRD
824,BLIPBUG,,1,STRUGGLE_BUG
825,DOTTLER,,EVOLVE_MOVE,CONFUSION
825,DOTTLER,,EVOLVE_MOVE,LIGHT_SCREEN
825,DOTTLER,,EVOLVE_MOVE,REFLECT
825,DOTTLER,,1,CONFUSION
825,DOTTLER,,1,LIGHT_SCREEN
825,DOTTLER,,1,REFLECT
825,DOTTLER,,1,STRUGGLE_BUG
826,ORBEETLE,,1,CONFUSION
826,ORBEETLE,,1,LIGHT_SCREEN
826,ORBEETLE,,1,REFLECT
826,ORBEETLE,,1,STRUGGLE_BUG
826,ORBEETLE,,4,CONFUSE_RAY
826,ORBEETLE,,8,MAGIC_COAT
826,ORBEETLE,,12,AGILITY
826,ORBEETLE,,16,PSYBEAM
826,ORBEETLE,,20,HYPNOSIS
826,ORBEETLE,,24,ALLY_SWITCH
826,ORBEETLE,,28,BUG_BUZZ
826,ORBEETLE,,32,MIRROR_COAT
826,ORBEETLE,,36,PSYCHIC
826,ORBEETLE,,40,AFTER_YOU
826,ORBEETLE,,44,CALM_MIND
826,ORBEETLE,,48,PSYCHIC_TERRAIN
827,NICKIT,,1,TAIL_WHIP
827,NICKIT,,1,QUICK_ATTACK
827,NICKIT,,4,BEAT_UP
827,NICKIT,,8,HONE_CLAWS
827,NICKIT,,12,SNARL
827,NICKIT,,16,ASSURANCE
827,NICKIT,,20,NASTY_PLOT
827,NICKIT,,24,SUCKER_PUNCH
827,NICKIT,,28,NIGHT_SLASH
827,NICKIT,,32,TAIL_SLAP
827,NICKIT,,36,FOUL_PLAY
828,THIEVUL,,EVOLVE_MOVE,THIEF
828,THIEVUL,,1,TAIL_WHIP
828,THIEVUL,,1,QUICK_ATTACK
828,THIEVUL,,1,BEAT_UP
828,THIEVUL,,1,HONE_CLAWS
828,THIEVUL,,12,SNARL
828,THIEVUL,,16,ASSURANCE
828,THIEVUL,,22,NASTY_PLOT
828,THIEVUL,,28,SUCKER_PUNCH
828,THIEVUL,,34,NIGHT_SLASH
828,THIEVUL,,40,TAIL_SLAP
828,THIEVUL,,46,FOUL_PLAY
828,THIEVUL,,52,PARTING_SHOT
829,GOSSIFLEUR,,1,SING
829,GOSSIFLEUR,,1,LEAFAGE
829,GOSSIFLEUR,,4,RAPID_SPIN
829,GOSSIFLEUR,,8,SWEET_SCENT
829,GOSSIFLEUR,,12,RAZOR_LEAF
829,GOSSIFLEUR,,16,ROUND
829,GOSSIFLEUR,,21,LEAF_TORNADO
829,GOSSIFLEUR,,24,SYNTHESIS
829,GOSSIFLEUR,,28,HYPER_VOICE
829,GOSSIFLEUR,,32,AROMATHERAPY
829,GOSSIFLEUR,,36,LEAF_STORM
830,ELDEGOSS,,EVOLVE_MOVE,COTTON_SPORE
830,ELDEGOSS,,1,SING
830,ELDEGOSS,,1,RAPID_SPIN
830,ELDEGOSS,,1,SWEET_SCENT
830,ELDEGOSS,,1,LEAFAGE
830,ELDEGOSS,,12,RAZOR_LEAF
830,ELDEGOSS,,16,ROUND
830,ELDEGOSS,,23,LEAF_TORNADO
830,ELDEGOSS,,28,SYNTHESIS
830,ELDEGOSS,,34,HYPER_VOICE
830,ELDEGOSS,,40,AROMATHERAPY
830,ELDEGOSS,,46,LEAF_STORM
830,ELDEGOSS,,52,COTTON_GUARD
831,WOOLOO,,1,TACKLE
831,WOOLOO,,1,GROWL
831,WOOLOO,,4,DEFENSE_CURL
831,WOOLOO,,8,COPYCAT
831,WOOLOO,,12,GUARD_SPLIT
831,WOOLOO,,16,DOUBLE_KICK
831,WOOLOO,,21,HEADBUTT
831,WOOLOO,,25,TAKE_DOWN
831,WOOLOO,,28,GUARD_SWAP
831,WOOLOO,,32,REVERSAL
831,WOOLOO,,36,COTTON_GUARD
831,WOOLOO,,40,DOUBLE_EDGE
832,DUBWOOL,,1,TACKLE
832,DUBWOOL,,1,GROWL
832,DUBWOOL,,1,DEFENSE_CURL
832,DUBWOOL,,1,COPYCAT
832,DUBWOOL,,12,GUARD_SPLIT
832,DUBWOOL,,16,DOUBLE_KICK
832,DUBWOOL,,21,HEADBUTT
832,DUBWOOL,,27,TAKE_DOWN
832,DUBWOOL,,32,GUARD_SWAP
832,DUBWOOL,,38,REVERSAL
832,DUBWOOL,,44,COTTON_GUARD
832,DUBWOOL,,50,DOUBLE_EDGE
832,DUBWOOL,,56,LAST_RESORT
833,CHEWTLE,,1,TACKLE
833,CHEWTLE,,1,WATER_GUN
833,CHEWTLE,,7,BITE
833,CHEWTLE,,14,PROTECT
833,CHEWTLE,,21,HEADBUTT
833,CHEWTLE,,28,COUNTER
833,CHEWTLE,,35,JAW_LOCK
833,CHEWTLE,,42,LIQUIDATION
833,CHEWTLE,,49,BODY_SLAM
834,DREDNAW,,EVOLVE_MOVE,ROCK_TOMB
834,DREDNAW,,1,TACKLE
834,DREDNAW,,1,BITE
834,DREDNAW,,1,WATER_GUN
834,DREDNAW,,1,PROTECT
834,DREDNAW,,1,CRUNCH
834,DREDNAW,,1,ROCK_POLISH
834,DREDNAW,,1,RAZOR_SHELL
834,DREDNAW,,21,HEADBUTT
834,DREDNAW,,30,COUNTER
834,DREDNAW,,39,JAW_LOCK
834,DREDNAW,,48,LIQUIDATION
834,DREDNAW,,57,BODY_SLAM
834,DREDNAW,,66,HEAD_SMASH
835,YAMPER,,1,TACKLE
835,YAMPER,,1,TAIL_WHIP
835,YAMPER,,5,NUZZLE
835,YAMPER,,10,BITE
835,YAMPER,,15,ROAR
835,YAMPER,,20,SPARK
835,YAMPER,,26,CHARM
835,YAMPER,,30,CRUNCH
835,YAMPER,,35,CHARGE
835,YAMPER,,40,WILD_CHARGE
835,YAMPER,,45,PLAY_ROUGH
836,BOLTUND,,1,TACKLE
836,BOLTUND,,1,TAIL_WHIP
836,BOLTUND,,1,BITE
836,BOLTUND,,1,ELECTRIFY
836,BOLTUND,,1,NUZZLE
836,BOLTUND,,15,ROAR
836,BOLTUND,,20,SPARK
836,BOLTUND,,28,CHARM
836,BOLTUND,,34,CRUNCH
836,BOLTUND,,41,CHARGE
836,BOLTUND,,48,WILD_CHARGE
836,BOLTUND,,55,PLAY_ROUGH
836,BOLTUND,,62,ELECTRIC_TERRAIN
837,ROLYCOLY,,1,TACKLE
837,ROLYCOLY,,1,SMOKESCREEN
837,ROLYCOLY,,5,RAPID_SPIN
837,ROLYCOLY,,10,SMACK_DOWN
837,ROLYCOLY,,15,ROCK_POLISH
837,ROLYCOLY,,20,ANCIENT_POWER
837,ROLYCOLY,,25,INCINERATE
837,ROLYCOLY,,30,STEALTH_ROCK
837,ROLYCOLY,,35,HEAT_CRASH
837,ROLYCOLY,,40,ROCK_BLAST
838,CARKOL,,EVOLVE_MOVE,FLAME_CHARGE
838,CARKOL,,1,TACKLE
838,CARKOL,,1,SMOKESCREEN
838,CARKOL,,1,RAPID_SPIN
838,CARKOL,,1,SMACK_DOWN
838,CARKOL,,15,ROCK_POLISH
838,CARKOL,,20,ANCIENT_POWER
838,CARKOL,,27,INCINERATE
838,CARKOL,,35,STEALTH_ROCK
838,CARKOL,,41,HEAT_CRASH
838,CARKOL,,48,ROCK_BLAST
838,CARKOL,,55,STONE_EDGE
839,COALOSSAL,,EVOLVE_MOVE,TAR_SHOT
839,COALOSSAL,,1,TACKLE
839,COALOSSAL,,1,SMOKESCREEN
839,COALOSSAL,,1,RAPID_SPIN
839,COALOSSAL,,1,SMACK_DOWN
839,COALOSSAL,,1,FLAME_CHARGE
839,COALOSSAL,,15,ROCK_POLISH
839,COALOSSAL,,20,ANCIENT_POWER
839,COALOSSAL,,27,INCINERATE
839,COALOSSAL,,37,STEALTH_ROCK
839,COALOSSAL,,45,HEAT_CRASH
839,COALOSSAL,,54,ROCK_BLAST
839,COALOSSAL,,63,STONE_EDGE
840,APPLIN,,1,WITHDRAW
840,APPLIN,,1,ASTONISH
840,APPLIN,,1,LEAFAGE
841,FLAPPLE,,EVOLVE_MOVE,WING_ATTACK
841,FLAPPLE,,1,LEAFAGE
841,FLAPPLE,,1,GROWTH
841,FLAPPLE,,1,WITHDRAW
841,FLAPPLE,,1,TWISTER
841,FLAPPLE,,1,RECYCLE
841,FLAPPLE,,1,ASTONISH
841,FLAPPLE,,4,ACID_SPRAY
841,FLAPPLE,,8,ACROBATICS
841,FLAPPLE,,12,LEECH_SEED
841,FLAPPLE,,16,PROTECT
841,FLAPPLE,,20,DRAGON_BREATH
841,FLAPPLE,,24,DRAGON_DANCE
841,FLAPPLE,,28,DRAGON_PULSE
841,FLAPPLE,,32,GRAV_APPLE
841,FLAPPLE,,36,IRON_DEFENSE
841,FLAPPLE,,40,FLY
841,FLAPPLE,,44,DRAGON_RUSH
842,APPLETUN,,EVOLVE_MOVE,HEADBUTT
842,APPLETUN,,1,LEAFAGE
842,APPLETUN,,1,GROWTH
842,APPLETUN,,1,WITHDRAW
842,APPLETUN,,1,SWEET_SCENT
842,APPLETUN,,1,RECYCLE
842,APPLETUN,,1,ASTONISH
842,APPLETUN,,4,CURSE
842,APPLETUN,,8,STOMP
842,APPLETUN,,12,LEECH_SEED
842,APPLETUN,,16,PROTECT
842,APPLETUN,,20,BULLET_SEED
842,APPLETUN,,24,RECOVER
842,APPLETUN,,28,APPLE_ACID
842,APPLETUN,,32,BODY_SLAM
842,APPLETUN,,36,IRON_DEFENSE
842,APPLETUN,,40,DRAGON_PULSE
842,APPLETUN,,44,ENERGY_BALL
843,SILICOBRA,,1,SAND_ATTACK
843,SILICOBRA,,1,WRAP
843,SILICOBRA,,1,MUD_SLAP
843,SILICOBRA,,5,MINIMIZE
843,SILICOBRA,,10,BRUTAL_SWING
843,SILICOBRA,,15,BULLDOZE
843,SILICOBRA,,20,HEADBUTT
843,SILICOBRA,,25,GLARE
843,SILICOBRA,,30,DIG
843,SILICOBRA,,35,SANDSTORM
843,SILICOBRA,,40,SLAM
843,SILICOBRA,,45,COIL
843,SILICOBRA,,50,SAND_TOMB
844,SANDACONDA,,1,SAND_ATTACK
844,SANDACONDA,,1,WRAP
844,SANDACONDA,,1,MUD_SLAP
844,SANDACONDA,,1,MINIMIZE
844,SANDACONDA,,1,BRUTAL_SWING
844,SANDACONDA,,15,BULLDOZE
844,SANDACONDA,,20,HEADBUTT
844,SANDACONDA,,25,GLARE
844,SANDACONDA,,30,DIG
844,SANDACONDA,,35,SANDSTORM
844,SANDACONDA,,42,SLAM
844,SANDACONDA,,49,COIL
844,SANDACONDA,,51,SAND_TOMB
845,CRAMORANT,,RELEARN_MOVE,BELCH
845,CRAMORANT,,1,PECK
845,CRAMORANT,,1,STOCKPILE
845,CRAMORANT,,1,SPIT_UP
845,CRAMORANT,,1,SWALLOW
845,CRAMORANT,,7,WATER_GUN
845,CRAMORANT,,14,FURY_ATTACK
845,CRAMORANT,,21,PLUCK
845,CRAMORANT,,28,DIVE
845,CRAMORANT,,35,DRILL_PECK
845,CRAMORANT,,42,AMNESIA
845,CRAMORANT,,49,THRASH
845,CRAMORANT,,56,HYDRO_PUMP
846,ARROKUDA,,1,PECK
846,ARROKUDA,,1,AQUA_JET
846,ARROKUDA,,6,FURY_ATTACK
846,ARROKUDA,,12,BITE
846,ARROKUDA,,18,AGILITY
846,ARROKUDA,,24,DIVE
846,ARROKUDA,,30,FOCUS_ENERGY
846,ARROKUDA,,36,CRUNCH
846,ARROKUDA,,42,LIQUIDATION
846,ARROKUDA,,48,DOUBLE_EDGE
847,BARRASKEWDA,,1,FURY_ATTACK
847,BARRASKEWDA,,1,BITE
847,BARRASKEWDA,,1,PECK
847,BARRASKEWDA,,1,AQUA_JET
847,BARRASKEWDA,,1,THROAT_CHOP
847,BARRASKEWDA,,18,AGILITY
847,BARRASKEWDA,,24,DIVE
847,BARRASKEWDA,,32,FOCUS_ENERGY
847,BARRASKEWDA,,40,CRUNCH
847,BARRASKEWDA,,48,LIQUIDATION
847,BARRASKEWDA,,56,DOUBLE_EDGE
848,TOXEL,,1,GROWL
848,TOXEL,,1,ACID
848,TOXEL,,1,FLAIL
848,TOXEL,,1,BELCH
848,TOXEL,,1,NUZZLE
848,TOXEL,,1,TEARFUL_LOOK
849,TOXTRICITY,,EVOLVE_MOVE,SPARK
849,TOXTRICITY,,1,LEER
849,TOXTRICITY,,1,GROWL
849,TOXTRICITY,,1,ACID
849,TOXTRICITY,,1,THUNDER_SHOCK
849,TOXTRICITY,,1,FLAIL
849,TOXTRICITY,,1,ACID_SPRAY
849,TOXTRICITY,,1,BELCH
849,TOXTRICITY,,1,NOBLE_ROAR
849,TOXTRICITY,,1,NUZZLE
849,TOXTRICITY,,1,TEARFUL_LOOK
849,TOXTRICITY,,4,CHARGE
849,TOXTRICITY,,8,SHOCK_WAVE
849,TOXTRICITY,,12,SCARY_FACE
849,TOXTRICITY,,16,TAUNT
849,TOXTRICITY,,24,SCREECH
849,TOXTRICITY,,28,SWAGGER
849,TOXTRICITY,,32,TOXIC
849,TOXTRICITY,,36,DISCHARGE
849,TOXTRICITY,,40,POISON_JAB
849,TOXTRICITY,,44,OVERDRIVE
849,TOXTRICITY,,48,BOOMBURST
849,TOXTRICITY,amped,52,SHIFT_GEAR
849,TOXTRICITY,lowkey,52,MAGNETIC_FLUX
849,TOXTRICITY,gigantamax,52,SHIFT_GEAR
850,SIZZLIPEDE,,1,EMBER
850,SIZZLIPEDE,,1,SMOKESCREEN
850,SIZZLIPEDE,,5,WRAP
850,SIZZLIPEDE,,10,BITE
850,SIZZLIPEDE,,15,FLAME_WHEEL
850,SIZZLIPEDE,,20,BUG_BITE
850,SIZZLIPEDE,,25,COIL
850,SIZZLIPEDE,,30,SLAM
850,SIZZLIPEDE,,35,FIRE_SPIN
850,SIZZLIPEDE,,40,CRUNCH
850,SIZZLIPEDE,,45,FIRE_LASH
850,SIZZLIPEDE,,50,LUNGE
850,SIZZLIPEDE,,55,BURN_UP
851,CENTISKORCH,,1,WRAP
851,CENTISKORCH,,1,BITE
851,CENTISKORCH,,1,EMBER
851,CENTISKORCH,,1,SMOKESCREEN
851,CENTISKORCH,,1,INFERNO
851,CENTISKORCH,,15,FLAME_WHEEL
851,CENTISKORCH,,20,BUG_BITE
851,CENTISKORCH,,25,COIL
851,CENTISKORCH,,32,SLAM
851,CENTISKORCH,,39,FIRE_SPIN
851,CENTISKORCH,,46,CRUNCH
851,CENTISKORCH,,53,FIRE_LASH
851,CENTISKORCH,,60,LUNGE
851,CENTISKORCH,,67,BURN_UP
852,CLOBBOPUS,,1,LEER
852,CLOBBOPUS,,1,ROCK_SMASH
852,CLOBBOPUS,,5,FEINT
852,CLOBBOPUS,,10,BIND
852,CLOBBOPUS,,15,DETECT
852,CLOBBOPUS,,20,BRICK_BREAK
852,CLOBBOPUS,,25,BULK_UP
852,CLOBBOPUS,,30,SUBMISSION
852,CLOBBOPUS,,35,TAUNT
852,CLOBBOPUS,,40,REVERSAL
852,CLOBBOPUS,,45,SUPERPOWER
853,GRAPPLOCT,,EVOLVE_MOVE,OCTOLOCK
853,GRAPPLOCT,,1,BIND
853,GRAPPLOCT,,1,LEER
853,GRAPPLOCT,,1,OCTAZOOKA
853,GRAPPLOCT,,1,ROCK_SMASH
853,GRAPPLOCT,,1,FEINT
853,GRAPPLOCT,,15,DETECT
853,GRAPPLOCT,,20,BRICK_BREAK
853,GRAPPLOCT,,25,BULK_UP
853,GRAPPLOCT,,30,SUBMISSION
853,GRAPPLOCT,,35,TAUNT
853,GRAPPLOCT,,40,REVERSAL
853,GRAPPLOCT,,45,SUPERPOWER
853,GRAPPLOCT,,50,TOPSY_TURVY
854,SINISTEA,,1,WITHDRAW
854,SINISTEA,,1,ASTONISH
854,SINISTEA,,1,ABSORB
854,SINISTEA,,6,AROMATIC_MIST
854,SINISTEA,,12,MEGA_DRAIN
854,SINISTEA,,24,SUCKER_PUNCH
854,SINISTEA,,30,SWEET_SCENT
854,SINISTEA,,36,GIGA_DRAIN
854,SINISTEA,,42,NASTY_PLOT
854,SINISTEA,,48,SHADOW_BALL
854,SINISTEA,,54,MEMENTO
854,SINISTEA,,60,SHELL_SMASH
855,POLTEAGEIST,,EVOLVE_MOVE,TEATIME
855,POLTEAGEIST,,1,ABSORB
855,POLTEAGEIST,,1,MEGA_DRAIN
855,POLTEAGEIST,,1,WITHDRAW
855,POLTEAGEIST,,1,ASTONISH
855,POLTEAGEIST,,1,AROMATIC_MIST
855,POLTEAGEIST,,1,STRENGTH_SAP
855,POLTEAGEIST,,18,PROTECT
855,POLTEAGEIST,,24,SUCKER_PUNCH
855,POLTEAGEIST,,30,SWEET_SCENT
855,POLTEAGEIST,,36,GIGA_DRAIN
855,POLTEAGEIST,,42,NASTY_PLOT
855,POLTEAGEIST,,48,SHADOW_BALL
855,POLTEAGEIST,,54,MEMENTO
855,POLTEAGEIST,,60,SHELL_SMASH
855,POLTEAGEIST,,66,CURSE
856,HATENNA,,1,CONFUSION
856,HATENNA,,1,PLAY_NICE
856,HATENNA,,5,LIFE_DEW
856,HATENNA,,10,DISARMING_VOICE
856,HATENNA,,15,AROMATIC_MIST
856,HATENNA,,20,PSYBEAM
856,HATENNA,,25,HEAL_PULSE
856,HATENNA,,30,DAZZLING_GLEAM
856,HATENNA,,35,CALM_MIND
856,HATENNA,,40,PSYCHIC
856,HATENNA,,45,HEALING_WISH
857,HATTREM,,EVOLVE_MOVE,BRUTAL_SWING
857,HATTREM,,1,CONFUSION
857,HATTREM,,1,DISARMING_VOICE
857,HATTREM,,1,PLAY_NICE
857,HATTREM,,1,LIFE_DEW
857,HATTREM,,15,AROMATIC_MIST
857,HATTREM,,20,PSYBEAM
857,HATTREM,,25,HEAL_PULSE
857,HATTREM,,30,DAZZLING_GLEAM
857,HATTREM,,37,CALM_MIND
857,HATTREM,,44,PSYCHIC
857,HATTREM,,51,HEALING_WISH
858,HATTERENE,,EVOLVE_MOVE,PSYCHO_CUT
858,HATTERENE,,1,CONFUSION
858,HATTERENE,,1,DISARMING_VOICE
858,HATTERENE,,1,PLAY_NICE
858,HATTERENE,,1,BRUTAL_SWING
858,HATTERENE,,1,LIFE_DEW
858,HATTERENE,,15,AROMATIC_MIST
858,HATTERENE,,20,PSYBEAM
858,HATTERENE,,25,HEAL_PULSE
858,HATTERENE,,30,DAZZLING_GLEAM
858,HATTERENE,,37,CALM_MIND
858,HATTERENE,,46,PSYCHIC
858,HATTERENE,,55,HEALING_WISH
858,HATTERENE,,64,MAGIC_POWDER
859,IMPIDIMP,,1,FAKE_OUT
859,IMPIDIMP,,1,CONFIDE
859,IMPIDIMP,,4,BITE
859,IMPIDIMP,,8,FLATTER
859,IMPIDIMP,,12,FAKE_TEARS
859,IMPIDIMP,,16,ASSURANCE
859,IMPIDIMP,,20,SWAGGER
859,IMPIDIMP,,24,SUCKER_PUNCH
859,IMPIDIMP,,28,TORMENT
859,IMPIDIMP,,33,DARK_PULSE
859,IMPIDIMP,,36,NASTY_PLOT
859,IMPIDIMP,,40,PLAY_ROUGH
859,IMPIDIMP,,44,FOUL_PLAY
860,MORGREM,,EVOLVE_MOVE,FALSE_SURRENDER
860,MORGREM,,1,BITE
860,MORGREM,,1,FAKE_OUT
860,MORGREM,,1,FLATTER
860,MORGREM,,1,CONFIDE
860,MORGREM,,12,FAKE_TEARS
860,MORGREM,,16,ASSURANCE
860,MORGREM,,20,SWAGGER
860,MORGREM,,24,SUCKER_PUNCH
860,MORGREM,,28,TORMENT
860,MORGREM,,35,DARK_PULSE
860,MORGREM,,40,NASTY_PLOT
860,MORGREM,,46,PLAY_ROUGH
860,MORGREM,,52,FOUL_PLAY
861,GRIMMSNARL,,EVOLVE_MOVE,SPIRIT_BREAK
861,GRIMMSNARL,,1,BITE
861,GRIMMSNARL,,1,FAKE_OUT
861,GRIMMSNARL,,1,FLATTER
861,GRIMMSNARL,,1,BULK_UP
861,GRIMMSNARL,,1,CONFIDE
861,GRIMMSNARL,,1,FALSE_SURRENDER
861,GRIMMSNARL,,12,FAKE_TEARS
861,GRIMMSNARL,,16,ASSURANCE
861,GRIMMSNARL,,20,SWAGGER
861,GRIMMSNARL,,24,SUCKER_PUNCH
861,GRIMMSNARL,,28,TORMENT
861,GRIMMSNARL,,35,DARK_PULSE
861,GRIMMSNARL,,40,NASTY_PLOT
861,GRIMMSNARL,,48,PLAY_ROUGH
861,GRIMMSNARL,,56,FOUL_PLAY
861,GRIMMSNARL,,64,HAMMER_ARM
862,OBSTAGOON,,EVOLVE_MOVE,OBSTRUCT
862,OBSTAGOON,,1,SAND_ATTACK
862,OBSTAGOON,,1,TACKLE
862,OBSTAGOON,,1,PIN_MISSILE
862,OBSTAGOON,,1,LEER
862,OBSTAGOON,,1,SUBMISSION
862,OBSTAGOON,,1,LICK
862,OBSTAGOON,,1,CROSS_CHOP
862,OBSTAGOON,,1,NIGHT_SLASH
862,OBSTAGOON,,1,SWITCHEROO
862,OBSTAGOON,,1,BABY_DOLL_EYES
862,OBSTAGOON,,9,SNARL
862,OBSTAGOON,,12,HEADBUTT
862,OBSTAGOON,,15,HONE_CLAWS
862,OBSTAGOON,,18,FURY_SWIPES
862,OBSTAGOON,,23,REST
862,OBSTAGOON,,28,TAKE_DOWN
862,OBSTAGOON,,35,SCARY_FACE
862,OBSTAGOON,,42,COUNTER
862,OBSTAGOON,,49,TAUNT
862,OBSTAGOON,,56,DOUBLE_EDGE
863,PERRSERKER,,EVOLVE_MOVE,IRON_HEAD
863,PERRSERKER,,1,SCRATCH
863,PERRSERKER,,1,GROWL
863,PERRSERKER,,1,FAKE_OUT
863,PERRSERKER,,1,IRON_DEFENSE
863,PERRSERKER,,1,METAL_BURST
863,PERRSERKER,,1,HONE_CLAWS
863,PERRSERKER,,12,PAY_DAY
863,PERRSERKER,,16,METAL_CLAW
863,PERRSERKER,,20,TAUNT
863,PERRSERKER,,24,SWAGGER
863,PERRSERKER,,31,FURY_SWIPES
863,PERRSERKER,,36,SCREECH
863,PERRSERKER,,42,SLASH
863,PERRSERKER,,48,METAL_SOUND
863,PERRSERKER,,54,THRASH
864,CURSOLA,,1,TACKLE
864,CURSOLA,,1,DISABLE
864,CURSOLA,,1,HARDEN
864,CURSOLA,,1,PERISH_SONG
864,CURSOLA,,1,ASTONISH
864,CURSOLA,,15,SPITE
864,CURSOLA,,20,ANCIENT_POWER
864,CURSOLA,,25,HEX
864,CURSOLA,,30,CURSE
864,CURSOLA,,35,STRENGTH_SAP
864,CURSOLA,,40,POWER_GEM
864,CURSOLA,,45,NIGHT_SHADE
864,CURSOLA,,50,GRUDGE
864,CURSOLA,,55,MIRROR_COAT
865,SIRFETCHD,,EVOLVE_MOVE,IRON_DEFENSE
865,SIRFETCHD,,1,SAND_ATTACK
865,SIRFETCHD,,1,LEER
865,SIRFETCHD,,1,PECK
865,SIRFETCHD,,1,FURY_CUTTER
865,SIRFETCHD,,1,FIRST_IMPRESSION
865,SIRFETCHD,,15,ROCK_SMASH
865,SIRFETCHD,,20,BRUTAL_SWING
865,SIRFETCHD,,25,DETECT
865,SIRFETCHD,,30,KNOCK_OFF
865,SIRFETCHD,,35,DEFOG
865,SIRFETCHD,,40,BRICK_BREAK
865,SIRFETCHD,,45,SWORDS_DANCE
865,SIRFETCHD,,50,SLAM
865,SIRFETCHD,,55,LEAF_BLADE
865,SIRFETCHD,,60,FINAL_GAMBIT
865,SIRFETCHD,,65,BRAVE_BIRD
865,SIRFETCHD,,70,METEOR_ASSAULT
866,MR_RIME,,1,POUND
866,MR_RIME,,1,BARRIER
866,MR_RIME,,1,TICKLE
866,MR_RIME,,1,MIMIC
866,MR_RIME,,1,LIGHT_SCREEN
866,MR_RIME,,1,REFLECT
866,MR_RIME,,1,PROTECT
866,MR_RIME,,1,SAFEGUARD
866,MR_RIME,,1,BATON_PASS
866,MR_RIME,,1,ENCORE
866,MR_RIME,,1,RAPID_SPIN
866,MR_RIME,,1,ROLE_PLAY
866,MR_RIME,,1,RECYCLE
866,MR_RIME,,1,SLACK_OFF
866,MR_RIME,,1,FAKE_TEARS
866,MR_RIME,,1,BLOCK
866,MR_RIME,,1,COPYCAT
866,MR_RIME,,1,ICE_SHARD
866,MR_RIME,,1,AFTER_YOU
866,MR_RIME,,1,MISTY_TERRAIN
866,MR_RIME,,1,DAZZLING_GLEAM
866,MR_RIME,,12,CONFUSION
866,MR_RIME,,16,ALLY_SWITCH
866,MR_RIME,,20,ICY_WIND
866,MR_RIME,,24,DOUBLE_KICK
866,MR_RIME,,28,PSYBEAM
866,MR_RIME,,32,HYPNOSIS
866,MR_RIME,,36,MIRROR_COAT
866,MR_RIME,,40,SUCKER_PUNCH
866,MR_RIME,,44,FREEZE_DRY
866,MR_RIME,,48,PSYCHIC
866,MR_RIME,,52,TEETER_DANCE
867,RUNERIGUS,,EVOLVE_MOVE,SHADOW_CLAW
867,RUNERIGUS,,1,NIGHT_SHADE
867,RUNERIGUS,,1,HAZE
867,RUNERIGUS,,1,PROTECT
867,RUNERIGUS,,1,SCARY_FACE
867,RUNERIGUS,,1,ASTONISH
867,RUNERIGUS,,12,DISABLE
867,RUNERIGUS,,16,BRUTAL_SWING
867,RUNERIGUS,,20,CRAFTY_SHIELD
867,RUNERIGUS,,24,HEX
867,RUNERIGUS,,28,MEAN_LOOK
867,RUNERIGUS,,32,SLAM
867,RUNERIGUS,,38,CURSE
867,RUNERIGUS,,44,SHADOW_BALL
867,RUNERIGUS,,50,EARTHQUAKE
867,RUNERIGUS,,56,GUARD_SPLIT
867,RUNERIGUS,,56,POWER_SPLIT
867,RUNERIGUS,,62,DESTINY_BOND
868,MILCERY,,1,TACKLE
868,MILCERY,,1,AROMATIC_MIST
868,MILCERY,,5,SWEET_KISS
868,MILCERY,,10,SWEET_SCENT
868,MILCERY,,15,DRAINING_KISS
868,MILCERY,,20,AROMATHERAPY
868,MILCERY,,25,ATTRACT
868,MILCERY,,30,ACID_ARMOR
868,MILCERY,,35,DAZZLING_GLEAM
868,MILCERY,,40,RECOVER
868,MILCERY,,45,MISTY_TERRAIN
868,MILCERY,,50,ENTRAINMENT
869,ALCREMIE,,EVOLVE_MOVE,DECORATE
869,ALCREMIE,,1,TACKLE
869,ALCREMIE,,1,SWEET_KISS
869,ALCREMIE,,1,SWEET_SCENT
869,ALCREMIE,,1,AROMATIC_MIST
869,ALCREMIE,,15,DRAINING_KISS
869,ALCREMIE,,20,AROMATHERAPY
869,ALCREMIE,,25,ATTRACT
869,ALCREMIE,,30,ACID_ARMOR
869,ALCREMIE,,35,DAZZLING_GLEAM
869,ALCREMIE,,40,RECOVER
869,ALCREMIE,,45,MISTY_TERRAIN
869,ALCREMIE,,50,ENTRAINMENT
870,FALINKS,,1,TACKLE
870,FALINKS,,1,PROTECT
870,FALINKS,,5,ROCK_SMASH
870,FALINKS,,10,FOCUS_ENERGY
870,FALINKS,,15,HEADBUTT
870,FALINKS,,20,BULK_UP
870,FALINKS,,25,ENDURE
870,FALINKS,,30,REVERSAL
870,FALINKS,,35,FIRST_IMPRESSION
870,FALINKS,,40,NO_RETREAT
870,FALINKS,,45,IRON_DEFENSE
870,FALINKS,,50,CLOSE_COMBAT
870,FALINKS,,55,MEGAHORN
870,FALINKS,,60,COUNTER
871,PINCURCHIN,,1,PECK
871,PINCURCHIN,,1,THUNDER_SHOCK
871,PINCURCHIN,,5,WATER_GUN
871,PINCURCHIN,,10,CHARGE
871,PINCURCHIN,,15,FURY_ATTACK
871,PINCURCHIN,,20,SPARK
871,PINCURCHIN,,25,BUBBLE_BEAM
871,PINCURCHIN,,30,RECOVER
871,PINCURCHIN,,35,CURSE
871,PINCURCHIN,,40,ELECTRIC_TERRAIN
871,PINCURCHIN,,45,POISON_JAB
871,PINCURCHIN,,50,ZING_ZAP
871,PINCURCHIN,,55,ACUPRESSURE
871,PINCURCHIN,,60,DISCHARGE
872,SNOM,,1,POWDER_SNOW
872,SNOM,,1,STRUGGLE_BUG
873,FROSMOTH,,EVOLVE_MOVE,ICY_WIND
873,FROSMOTH,,1,POWDER_SNOW
873,FROSMOTH,,1,ATTRACT
873,FROSMOTH,,1,HELPING_HAND
873,FROSMOTH,,1,STRUGGLE_BUG
873,FROSMOTH,,4,STUN_SPORE
873,FROSMOTH,,8,INFESTATION
873,FROSMOTH,,12,MIST
873,FROSMOTH,,16,DEFOG
873,FROSMOTH,,21,FEATHER_DANCE
873,FROSMOTH,,24,AURORA_BEAM
873,FROSMOTH,,28,SNOWSCAPE
873,FROSMOTH,,32,BUG_BUZZ
873,FROSMOTH,,36,AURORA_VEIL
873,FROSMOTH,,40,BLIZZARD
873,FROSMOTH,,44,TAILWIND
873,FROSMOTH,,48,WIDE_GUARD
873,FROSMOTH,,52,QUIVER_DANCE
874,STONJOURNER,,1,ROCK_THROW
874,STONJOURNER,,1,BLOCK
874,STONJOURNER,,6,ROCK_POLISH
874,STONJOURNER,,12,ROCK_TOMB
874,STONJOURNER,,18,GRAVITY
874,STONJOURNER,,24,STOMP
874,STONJOURNER,,30,STEALTH_ROCK
874,STONJOURNER,,36,ROCK_SLIDE
874,STONJOURNER,,42,BODY_SLAM
874,STONJOURNER,,48,WIDE_GUARD
874,STONJOURNER,,54,HEAVY_SLAM
874,STONJOURNER,,60,STONE_EDGE
874,STONJOURNER,,66,MEGA_KICK
875,EISCUE,,1,TACKLE
875,EISCUE,,1,POWDER_SNOW
875,EISCUE,,6,MIST
875,EISCUE,,12,WEATHER_BALL
875,EISCUE,,18,ICY_WIND
875,EISCUE,,24,HEADBUTT
875,EISCUE,,30,AMNESIA
875,EISCUE,,36,FREEZE_DRY
875,EISCUE,,42,SNOWSCAPE
875,EISCUE,,48,AURORA_VEIL
875,EISCUE,,54,SURF
875,EISCUE,,60,BLIZZARD
876,INDEEDEE,,1,STORED_POWER
876,INDEEDEE,,1,PLAY_NICE
876,INDEEDEE,,10,DISARMING_VOICE
876,INDEEDEE,,15,PSYBEAM
876,INDEEDEE,,20,HELPING_HAND
876,INDEEDEE,,30,HEALING_WISH
876,INDEEDEE,,35,PSYCHIC
876,INDEEDEE,,40,CALM_MIND
876,INDEEDEE,,50,PSYCHIC_TERRAIN
876,INDEEDEE,male,5,ENCORE
876,INDEEDEE,male,25,AFTER_YOU
876,INDEEDEE,male,45,POWER_SPLIT
876,INDEEDEE,male,55,LAST_RESORT
876,INDEEDEE,female,5,BATON_PASS
876,INDEEDEE,female,25,FOLLOW_ME
876,INDEEDEE,female,45,GUARD_SPLIT
877,MORPEKO,,1,TAIL_WHIP
877,MORPEKO,,1,THUNDER_SHOCK
877,MORPEKO,,5,LEER
877,MORPEKO,,10,POWER_TRIP
877,MORPEKO,,15,QUICK_ATTACK
877,MORPEKO,,20,FLATTER
877,MORPEKO,,25,BITE
877,MORPEKO,,30,SPARK
877,MORPEKO,,35,TORMENT
877,MORPEKO,,40,AGILITY
877,MORPEKO,,45,BULLET_SEED
877,MORPEKO,,50,CRUNCH
877,MORPEKO,,55,AURA_WHEEL
877,MORPEKO,,60,THRASH
878,CUFANT,,1,TACKLE
878,CUFANT,,1,GROWL
878,CUFANT,,5,ROLLOUT
878,CUFANT,,10,ROCK_SMASH
878,CUFANT,,15,BULLDOZE
878,CUFANT,,20,STOMP
878,CUFANT,,25,IRON_DEFENSE
878,CUFANT,,30,DIG
878,CUFANT,,35,STRENGTH
878,CUFANT,,40,IRON_HEAD
878,CUFANT,,45,PLAY_ROUGH
878,CUFANT,,50,HIGH_HORSEPOWER
878,CUFANT,,55,SUPERPOWER
879,COPPERAJAH,,EVOLVE_MOVE,HEAVY_SLAM
879,COPPERAJAH,,1,TACKLE
879,COPPERAJAH,,1,GROWL
879,COPPERAJAH,,1,ROLLOUT
879,COPPERAJAH,,1,ROCK_SMASH
879,COPPERAJAH,,15,BULLDOZE
879,COPPERAJAH,,20,STOMP
879,COPPERAJAH,,25,IRON_DEFENSE
879,COPPERAJAH,,30,DIG
879,COPPERAJAH,,37,STRENGTH
879,COPPERAJAH,,44,IRON_HEAD
879,COPPERAJAH,,51,PLAY_ROUGH
879,COPPERAJAH,,58,HIGH_HORSEPOWER
879,COPPERAJAH,,65,SUPERPOWER
880,DRACOZOLT,,1,TACKLE
880,DRACOZOLT,,1,THUNDER_SHOCK
880,DRACOZOLT,,7,CHARGE
880,DRACOZOLT,,14,AERIAL_ACE
880,DRACOZOLT,,21,ANCIENT_POWER
880,DRACOZOLT,,28,PLUCK
880,DRACOZOLT,,35,DRAGON_TAIL
880,DRACOZOLT,,42,STOMP
880,DRACOZOLT,,49,SLAM
880,DRACOZOLT,,56,DISCHARGE
880,DRACOZOLT,,63,BOLT_BEAK
880,DRACOZOLT,,70,DRAGON_PULSE
880,DRACOZOLT,,77,DRAGON_RUSH
881,ARCTOZOLT,,1,THUNDER_SHOCK
881,ARCTOZOLT,,1,POWDER_SNOW
881,ARCTOZOLT,,7,CHARGE
881,ARCTOZOLT,,14,ECHOED_VOICE
881,ARCTOZOLT,,21,ANCIENT_POWER
881,ARCTOZOLT,,28,PLUCK
881,ARCTOZOLT,,35,AVALANCHE
881,ARCTOZOLT,,42,FREEZE_DRY
881,ARCTOZOLT,,49,SLAM
881,ARCTOZOLT,,56,DISCHARGE
881,ARCTOZOLT,,63,BOLT_BEAK
881,ARCTOZOLT,,70,ICICLE_CRASH
881,ARCTOZOLT,,77,BLIZZARD
882,DRACOVISH,,1,TACKLE
882,DRACOVISH,,1,WATER_GUN
882,DRACOVISH,,7,PROTECT
882,DRACOVISH,,14,BRUTAL_SWING
882,DRACOVISH,,21,ANCIENT_POWER
882,DRACOVISH,,28,BITE
882,DRACOVISH,,35,DRAGON_BREATH
882,DRACOVISH,,42,STOMP
882,DRACOVISH,,49,SUPER_FANG
882,DRACOVISH,,56,CRUNCH
882,DRACOVISH,,63,FISHIOUS_REND
882,DRACOVISH,,70,DRAGON_PULSE
882,DRACOVISH,,77,DRAGON_RUSH
883,ARCTOVISH,,1,WATER_GUN
883,ARCTOVISH,,1,POWDER_SNOW
883,ARCTOVISH,,7,PROTECT
883,ARCTOVISH,,14,ICY_WIND
883,ARCTOVISH,,21,ANCIENT_POWER
883,ARCTOVISH,,28,BITE
883,ARCTOVISH,,35,AURORA_VEIL
883,ARCTOVISH,,42,FREEZE_DRY
883,ARCTOVISH,,49,SUPER_FANG
883,ARCTOVISH,,56,CRUNCH
883,ARCTOVISH,,63,FISHIOUS_REND
883,ARCTOVISH,,70,ICICLE_CRASH
883,ARCTOVISH,,77,BLIZZARD
884,DURALUDON,,1,LEER
884,DURALUDON,,1,METAL_CLAW
884,DURALUDON,,6,ROCK_SMASH
884,DURALUDON,,12,HONE_CLAWS
884,DURALUDON,,18,METAL_SOUND
884,DURALUDON,,24,BREAKING_SWIPE
884,DURALUDON,,30,DRAGON_TAIL
884,DURALUDON,,36,IRON_DEFENSE
884,DURALUDON,,42,LASER_FOCUS
884,DURALUDON,,48,DRAGON_CLAW
884,DURALUDON,,54,FLASH_CANNON
884,DURALUDON,,60,METAL_BURST
884,DURALUDON,,66,HYPER_BEAM
885,DREEPY,,1,BITE
885,DREEPY,,1,QUICK_ATTACK
885,DREEPY,,1,ASTONISH
885,DREEPY,,1,INFESTATION
886,DRAKLOAK,,EVOLVE_MOVE,DRAGON_PULSE
886,DRAKLOAK,,1,BITE
886,DRAKLOAK,,1,QUICK_ATTACK
886,DRAKLOAK,,1,ASTONISH
886,DRAKLOAK,,1,INFESTATION
886,DRAKLOAK,,6,LOCK_ON
886,DRAKLOAK,,12,ASSURANCE
886,DRAKLOAK,,18,HEX
886,DRAKLOAK,,24,AGILITY
886,DRAKLOAK,,30,DOUBLE_HIT
886,DRAKLOAK,,36,U_TURN
886,DRAKLOAK,,42,DRAGON_DANCE
886,DRAKLOAK,,48,PHANTOM_FORCE
886,DRAKLOAK,,54,TAKE_DOWN
886,DRAKLOAK,,61,DRAGON_RUSH
886,DRAKLOAK,,66,DOUBLE_EDGE
886,DRAKLOAK,,72,LAST_RESORT
887,DRAGAPULT,,EVOLVE_MOVE,DRAGON_DARTS
887,DRAGAPULT,,RELEARN_MOVE,DRAGON_PULSE
887,DRAGAPULT,,1,BITE
887,DRAGAPULT,,1,QUICK_ATTACK
887,DRAGAPULT,,1,DRAGON_BREATH
887,DRAGAPULT,,1,ASTONISH
887,DRAGAPULT,,1,INFESTATION
887,DRAGAPULT,,6,LOCK_ON
887,DRAGAPULT,,12,ASSURANCE
887,DRAGAPULT,,18,HEX
887,DRAGAPULT,,24,AGILITY
887,DRAGAPULT,,30,DOUBLE_HIT
887,DRAGAPULT,,36,U_TURN
887,DRAGAPULT,,42,DRAGON_DANCE
887,DRAGAPULT,,48,PHANTOM_FORCE
887,DRAGAPULT,,54,TAKE_DOWN
887,DRAGAPULT,,63,DRAGON_RUSH
887,DRAGAPULT,,70,DOUBLE_EDGE
887,DRAGAPULT,,78,LAST_RESORT
888,ZACIAN,,1,BITE
888,ZACIAN,,1,QUICK_ATTACK
888,ZACIAN,,1,METAL_CLAW
888,ZACIAN,,1,HOWL
888,ZACIAN,,1,QUICK_GUARD
888,ZACIAN,,1,SACRED_SWORD
888,ZACIAN,,11,SLASH
888,ZACIAN,,22,SWORDS_DANCE
888,ZACIAN,,33,IRON_HEAD
888,ZACIAN,,44,NOBLE_ROAR
888,ZACIAN,,55,CRUNCH
888,ZACIAN,,66,MOONBLAST
888,ZACIAN,,77,CLOSE_COMBAT
888,ZACIAN,,88,GIGA_IMPACT
888,ZACIAN,crowned,EVOLVE_MOVE,BEHEMOTH_BLADE
889,ZAMAZENTA,,1,BITE
889,ZAMAZENTA,,1,QUICK_ATTACK
889,ZAMAZENTA,,1,METAL_CLAW
889,ZAMAZENTA,,1,HOWL
889,ZAMAZENTA,,1,WIDE_GUARD
889,ZAMAZENTA,,11,SLASH
889,ZAMAZENTA,,22,IRON_DEFENSE
889,ZAMAZENTA,,33,IRON_HEAD
889,ZAMAZENTA,,44,METAL_BURST
889,ZAMAZENTA,,55,CRUNCH
889,ZAMAZENTA,,66,MOONBLAST
889,ZAMAZENTA,,77,CLOSE_COMBAT
889,ZAMAZENTA,,88,GIGA_IMPACT
889,ZAMAZENTA,crowned,EVOLVE_MOVE,BEHEMOTH_BASH
890,ETERNATUS,,1,AGILITY
890,ETERNATUS,,1,CONFUSE_RAY
890,ETERNATUS,,1,POISON_TAIL
890,ETERNATUS,,1,DRAGON_TAIL
890,ETERNATUS,,8,TOXIC
890,ETERNATUS,,16,VENOSHOCK
890,ETERNATUS,,24,DRAGON_DANCE
890,ETERNATUS,,32,CROSS_POISON
890,ETERNATUS,,40,DRAGON_PULSE
890,ETERNATUS,,48,FLAMETHROWER
890,ETERNATUS,,56,DYNAMAX_CANNON
890,ETERNATUS,,64,COSMIC_POWER
890,ETERNATUS,,72,RECOVER
890,ETERNATUS,,80,HYPER_BEAM
890,ETERNATUS,,88,OUTRAGE
890,ETERNATUS,eternamax,88,ETERNABEAM
891,KUBFU,,1,LEER
891,KUBFU,,1,ROCK_SMASH
891,KUBFU,,4,ENDURE
891,KUBFU,,8,FOCUS_ENERGY
891,KUBFU,,12,AERIAL_ACE
891,KUBFU,,16,SCARY_FACE
891,KUBFU,,20,HEADBUTT
891,KUBFU,,24,BRICK_BREAK
891,KUBFU,,28,DETECT
891,KUBFU,,32,BULK_UP
891,KUBFU,,36,IRON_HEAD
891,KUBFU,,40,DYNAMIC_PUNCH
891,KUBFU,,44,COUNTER
891,KUBFU,,48,CLOSE_COMBAT
891,KUBFU,,52,FOCUS_PUNCH
892,URSHIFU,,1,LEER
892,URSHIFU,,1,FOCUS_ENERGY
892,URSHIFU,,1,ENDURE
892,URSHIFU,,1,ROCK_SMASH
892,URSHIFU,,12,AERIAL_ACE
892,URSHIFU,,16,SCARY_FACE
892,URSHIFU,,20,HEADBUTT
892,URSHIFU,,24,BRICK_BREAK
892,URSHIFU,,28,DETECT
892,URSHIFU,,32,BULK_UP
892,URSHIFU,,36,IRON_HEAD
892,URSHIFU,,40,DYNAMIC_PUNCH
892,URSHIFU,,44,COUNTER
892,URSHIFU,,48,CLOSE_COMBAT
892,URSHIFU,,52,FOCUS_PUNCH
892,URSHIFU,single-strike,EVOLVE_MOVE,WICKED_BLOW
892,URSHIFU,single-strike,1,SUCKER_PUNCH
892,URSHIFU,rapid-strike,EVOLVE_MOVE,SURGING_STRIKES
892,URSHIFU,rapid-strike,1,AQUA_JET
892,URSHIFU,gigantamax-single,EVOLVE_MOVE,WICKED_BLOW
892,URSHIFU,gigantamax-single,1,SUCKER_PUNCH
892,URSHIFU,gigantamax-rapid,EVOLVE_MOVE,SURGING_STRIKES
892,URSHIFU,gigantamax-rapid,1,AQUA_JET
893,ZARUDE,,1,SCRATCH
893,ZARUDE,,1,BIND
893,ZARUDE,,6,LEER
893,ZARUDE,,12,VINE_WHIP
893,ZARUDE,,18,GROWTH
893,ZARUDE,,24,FURY_SWIPES
893,ZARUDE,,30,SCARY_FACE
893,ZARUDE,,36,GRASS_KNOT
893,ZARUDE,,42,BITE
893,ZARUDE,,48,U_TURN
893,ZARUDE,,54,SWAGGER
893,ZARUDE,,60,ENERGY_BALL
893,ZARUDE,,66,SYNTHESIS
893,ZARUDE,,72,HAMMER_ARM
893,ZARUDE,,78,THRASH
893,ZARUDE,,84,POWER_WHIP
893,ZARUDE,,90,JUNGLE_HEALING
894,REGIELEKI,,1,THUNDER_SHOCK
894,REGIELEKI,,1,RAPID_SPIN
894,REGIELEKI,,6,ELECTROWEB
894,REGIELEKI,,12,ANCIENT_POWER
894,REGIELEKI,,18,SHOCK_WAVE
894,REGIELEKI,,24,THUNDER_WAVE
894,REGIELEKI,,30,EXTREME_SPEED
894,REGIELEKI,,36,THUNDER_CAGE
894,REGIELEKI,,42,THUNDERBOLT
894,REGIELEKI,,48,MAGNET_RISE
894,REGIELEKI,,54,THRASH
894,REGIELEKI,,60,LOCK_ON
894,REGIELEKI,,66,ZAP_CANNON
894,REGIELEKI,,72,HYPER_BEAM
894,REGIELEKI,,78,EXPLOSION
895,REGIDRAGO,,1,TWISTER
895,REGIDRAGO,,6,BITE
895,REGIDRAGO,,12,ANCIENT_POWER
895,REGIDRAGO,,18,DRAGON_BREATH
895,REGIDRAGO,,30,CRUNCH
895,REGIDRAGO,,36,DRAGON_CLAW
895,REGIDRAGO,,42,HAMMER_ARM
895,REGIDRAGO,,48,DRAGON_DANCE
895,REGIDRAGO,,54,THRASH
895,REGIDRAGO,,60,FOCUS_ENERGY
895,REGIDRAGO,,66,DRAGON_ENERGY
895,REGIDRAGO,,72,HYPER_BEAM
895,REGIDRAGO,,78,EXPLOSION
896,GLASTRIER,,1,TACKLE
896,GLASTRIER,,1,TAIL_WHIP
896,GLASTRIER,,6,DOUBLE_KICK
896,GLASTRIER,,12,AVALANCHE
896,GLASTRIER,,18,STOMP
896,GLASTRIER,,24,TORMENT
896,GLASTRIER,,30,MIST
896,GLASTRIER,,36,ICICLE_CRASH
896,GLASTRIER,,42,TAKE_DOWN
896,GLASTRIER,,48,IRON_DEFENSE
896,GLASTRIER,,54,THRASH
896,GLASTRIER,,60,TAUNT
896,GLASTRIER,,66,DOUBLE_EDGE
896,GLASTRIER,,72,SWORDS_DANCE
897,SPECTRIER,,1,TACKLE
897,SPECTRIER,,1,TAIL_WHIP
897,SPECTRIER,,6,DOUBLE_KICK
897,SPECTRIER,,12,HEX
897,SPECTRIER,,18,STOMP
897,SPECTRIER,,24,CONFUSE_RAY
897,SPECTRIER,,30,HAZE
897,SPECTRIER,,36,SHADOW_BALL
897,SPECTRIER,,42,TAKE_DOWN
897,SPECTRIER,,48,AGILITY
897,SPECTRIER,,54,THRASH
897,SPECTRIER,,60,DISABLE
897,SPECTRIER,,66,DOUBLE_EDGE
897,SPECTRIER,,72,NASTY_PLOT
898,CALYREX,,1,POUND
898,CALYREX,,1,MEGA_DRAIN
898,CALYREX,,1,GROWTH
898,CALYREX,,1,CONFUSION
898,CALYREX,,8,LIFE_DEW
898,CALYREX,,16,GIGA_DRAIN
898,CALYREX,,24,PSYSHOCK
898,CALYREX,,32,HELPING_HAND
898,CALYREX,,40,GRASSY_TERRAIN
898,CALYREX,,48,ENERGY_BALL
898,CALYREX,,56,PSYCHIC
898,CALYREX,,64,LEECH_SEED
898,CALYREX,,72,HEAL_PULSE
898,CALYREX,,80,SOLAR_BEAM
898,CALYREX,,88,FUTURE_SIGHT
898,CALYREX,,40,PSYCHIC_TERRAIN
898,CALYREX,ice,1,SWORDS_DANCE
898,CALYREX,ice,1,STOMP
898,CALYREX,ice,1,DOUBLE_KICK
898,CALYREX,ice,1,TACKLE
898,CALYREX,ice,1,TAKE_DOWN
898,CALYREX,ice,1,THRASH
898,CALYREX,ice,1,DOUBLE_EDGE
898,CALYREX,ice,1,TAIL_WHIP
898,CALYREX,ice,1,MIST
898,CALYREX,ice,1,TORMENT
898,CALYREX,ice,1,TAUNT
898,CALYREX,ice,1,IRON_DEFENSE
898,CALYREX,ice,1,AVALANCHE
898,CALYREX,ice,1,ICICLE_CRASH
898,CALYREX,ice,1,GLACIAL_LANCE
898,CALYREX,ice,40,AROMATHERAPY
898,CALYREX,shadow,1,STOMP
898,CALYREX,shadow,1,DOUBLE_KICK
898,CALYREX,shadow,1,TACKLE
898,CALYREX,shadow,1,TAKE_DOWN
898,CALYREX,shadow,1,THRASH
898,CALYREX,shadow,1,DOUBLE_EDGE
898,CALYREX,shadow,1,TAIL_WHIP
898,CALYREX,shadow,1,DISABLE
898,CALYREX,shadow,1,AGILITY
898,CALYREX,shadow,1,CONFUSE_RAY
898,CALYREX,shadow,1,HAZE
898,CALYREX,shadow,1,SHADOW_BALL
898,CALYREX,shadow,1,NASTY_PLOT
898,CALYREX,shadow,1,HEX
898,CALYREX,shadow,1,ASTRAL_BARRAGE
898,CALYREX,shadow,40,PSYCHIC_TERRAIN
899,WYRDEER,,EVOLVE_MOVE,PSYSHIELD_BASH
899,WYRDEER,,1,TACKLE
899,WYRDEER,,1,ME_FIRST
899,WYRDEER,,3,LEER
899,WYRDEER,,7,ASTONISH
899,WYRDEER,,10,HYPNOSIS
899,WYRDEER,,13,STOMP
899,WYRDEER,,16,SAND_ATTACK
899,WYRDEER,,21,TAKE_DOWN
899,WYRDEER,,23,CONFUSE_RAY
899,WYRDEER,,27,CALM_MIND
899,WYRDEER,,32,ROLE_PLAY
899,WYRDEER,,37,ZEN_HEADBUTT
899,WYRDEER,,49,IMPRISON
899,WYRDEER,,55,DOUBLE_EDGE
899,WYRDEER,,62,MEGAHORN
900,KLEAVOR,,EVOLVE_MOVE,STONE_AXE
900,KLEAVOR,,1,WING_ATTACK
900,KLEAVOR,,1,AIR_SLASH
900,KLEAVOR,,1,LEER
900,KLEAVOR,,1,QUICK_ATTACK
900,KLEAVOR,,4,FURY_CUTTER
900,KLEAVOR,,8,FALSE_SWIPE
900,KLEAVOR,,12,SMACK_DOWN
900,KLEAVOR,,16,DOUBLE_TEAM
900,KLEAVOR,,20,DOUBLE_HIT
900,KLEAVOR,,24,SLASH
900,KLEAVOR,,28,FOCUS_ENERGY
900,KLEAVOR,,30,STEEL_WING
900,KLEAVOR,,32,AGILITY
900,KLEAVOR,,36,ROCK_SLIDE
900,KLEAVOR,,40,X_SCISSOR
900,KLEAVOR,,44,SWORDS_DANCE
901,URSALUNA,,EVOLVE_MOVE,HEADLONG_RUSH
901,URSALUNA,,1,SCRATCH
901,URSALUNA,,1,LEER
901,URSALUNA,,1,LICK
901,URSALUNA,,1,COVET
901,URSALUNA,,1,FLING
901,URSALUNA,,1,BABY_DOLL_EYES
901,URSALUNA,,1,FAKE_TEARS
901,URSALUNA,,1,CHARM
901,URSALUNA,,8,FURY_SWIPES
901,URSALUNA,,13,PAYBACK
901,URSALUNA,,17,SWEET_SCENT
901,URSALUNA,,22,SLASH
901,URSALUNA,,25,PLAY_NICE
901,URSALUNA,,29,PLAY_ROUGH
901,URSALUNA,,35,SCARY_FACE
901,URSALUNA,,41,REST
901,URSALUNA,,41,SNORE
901,URSALUNA,,48,HIGH_HORSEPOWER
901,URSALUNA,,56,THRASH
901,URSALUNA,,64,HAMMER_ARM
902,BASCULEGION,,RELEARN_MOVE,FINAL_GAMBIT
902,BASCULEGION,,1,TAIL_WHIP
902,BASCULEGION,,1,WATER_GUN
902,BASCULEGION,,1,SHADOW_BALL
902,BASCULEGION,,1,PHANTOM_FORCE
902,BASCULEGION,,4,TACKLE
902,BASCULEGION,,8,FLAIL
902,BASCULEGION,,12,AQUA_JET
902,BASCULEGION,,16,BITE
902,BASCULEGION,,20,SCARY_FACE
902,BASCULEGION,,24,HEADBUTT
902,BASCULEGION,,28,SOAK
902,BASCULEGION,,32,CRUNCH
902,BASCULEGION,,36,TAKE_DOWN
902,BASCULEGION,,40,UPROAR
902,BASCULEGION,,44,WAVE_CRASH
902,BASCULEGION,,48,THRASH
902,BASCULEGION,,52,DOUBLE_EDGE
902,BASCULEGION,,56,HEAD_SMASH
903,SNEASLER,,EVOLVE_MOVE,DIRE_CLAW
903,SNEASLER,,1,SCRATCH
903,SNEASLER,,1,LEER
903,SNEASLER,,1,ROCK_SMASH
903,SNEASLER,,1,FLING
903,SNEASLER,,6,TAUNT
903,SNEASLER,,12,QUICK_ATTACK
903,SNEASLER,,18,METAL_CLAW
903,SNEASLER,,24,POISON_JAB
903,SNEASLER,,30,BRICK_BREAK
903,SNEASLER,,36,HONE_CLAWS
903,SNEASLER,,42,SLASH
903,SNEASLER,,48,AGILITY
903,SNEASLER,,54,SCREECH
903,SNEASLER,,60,CLOSE_COMBAT
904,OVERQWIL,,1,TACKLE
904,OVERQWIL,,1,POISON_STING
904,OVERQWIL,,4,HARDEN
904,OVERQWIL,,8,BITE
904,OVERQWIL,,12,FELL_STINGER
904,OVERQWIL,,16,MINIMIZE
904,OVERQWIL,,20,SPIKES
904,OVERQWIL,,24,BRINE
904,OVERQWIL,,28,BARB_BARRAGE
904,OVERQWIL,,32,PIN_MISSILE
904,OVERQWIL,,36,TOXIC_SPIKES
904,OVERQWIL,,40,STOCKPILE
904,OVERQWIL,,40,SPIT_UP
904,OVERQWIL,,44,TOXIC
904,OVERQWIL,,48,CRUNCH
904,OVERQWIL,,52,ACUPRESSURE
904,OVERQWIL,,56,DESTINY_BOND
905,ENAMORUS,,1,ASTONISH
905,ENAMORUS,,1,FAIRY_WIND
905,ENAMORUS,,5,TORMENT
905,ENAMORUS,,10,FLATTER
905,ENAMORUS,,15,TWISTER
905,ENAMORUS,,20,DRAINING_KISS
905,ENAMORUS,,25,IRON_DEFENSE
905,ENAMORUS,,30,IMPRISON
905,ENAMORUS,,35,MYSTICAL_FIRE
905,ENAMORUS,,40,DAZZLING_GLEAM
905,ENAMORUS,,45,EXTRASENSORY
905,ENAMORUS,,50,UPROAR
905,ENAMORUS,,55,SUPERPOWER
905,ENAMORUS,,60,HEALING_WISH
905,ENAMORUS,,65,MOONBLAST
905,ENAMORUS,,70,OUTRAGE
905,ENAMORUS,,75,SPRINGTIDE_STORM
906,SPRIGATITO,,1,SCRATCH
906,SPRIGATITO,,1,TAIL_WHIP
906,SPRIGATITO,,1,LEAFAGE
906,SPRIGATITO,,7,BITE
906,SPRIGATITO,,10,HONE_CLAWS
906,SPRIGATITO,,13,MAGICAL_LEAF
906,SPRIGATITO,,15,QUICK_ATTACK
906,SPRIGATITO,,17,SEED_BOMB
906,SPRIGATITO,,21,U_TURN
906,SPRIGATITO,,25,WORRY_SEED
906,SPRIGATITO,,28,SLASH
906,SPRIGATITO,,32,ENERGY_BALL
906,SPRIGATITO,,36,PLAY_ROUGH
907,FLORAGATO,,1,SCRATCH
907,FLORAGATO,,1,TAIL_WHIP
907,FLORAGATO,,1,LEAFAGE
907,FLORAGATO,,7,BITE
907,FLORAGATO,,10,HONE_CLAWS
907,FLORAGATO,,13,MAGICAL_LEAF
907,FLORAGATO,,15,QUICK_ATTACK
907,FLORAGATO,,20,SEED_BOMB
907,FLORAGATO,,24,U_TURN
907,FLORAGATO,,28,WORRY_SEED
907,FLORAGATO,,33,SLASH
907,FLORAGATO,,38,ENERGY_BALL
907,FLORAGATO,,42,PLAY_ROUGH
907,FLORAGATO,,46,LEAF_STORM
908,MEOWSCARADA,,EVOLVE_MOVE,FLOWER_TRICK
908,MEOWSCARADA,,RELEARN_MOVE,DOUBLE_TEAM
908,MEOWSCARADA,,RELEARN_MOVE,TRICK
908,MEOWSCARADA,,1,SCRATCH
908,MEOWSCARADA,,1,TAIL_WHIP
908,MEOWSCARADA,,1,LEAFAGE
908,MEOWSCARADA,,7,BITE
908,MEOWSCARADA,,10,HONE_CLAWS
908,MEOWSCARADA,,13,MAGICAL_LEAF
908,MEOWSCARADA,,15,QUICK_ATTACK
908,MEOWSCARADA,,20,SEED_BOMB
908,MEOWSCARADA,,24,U_TURN
908,MEOWSCARADA,,29,WORRY_SEED
908,MEOWSCARADA,,33,SLASH
908,MEOWSCARADA,,38,NIGHT_SLASH
908,MEOWSCARADA,,42,ENERGY_BALL
908,MEOWSCARADA,,47,PLAY_ROUGH
908,MEOWSCARADA,,52,KNOCK_OFF
908,MEOWSCARADA,,58,GRASSY_TERRAIN
908,MEOWSCARADA,,64,LEAF_STORM
909,FUECOCO,,1,TACKLE
909,FUECOCO,,1,LEER
909,FUECOCO,,1,EMBER
909,FUECOCO,,7,ROUND
909,FUECOCO,,12,BITE
909,FUECOCO,,15,INCINERATE
909,FUECOCO,,17,YAWN
909,FUECOCO,,21,SNARL
909,FUECOCO,,25,ROAR
909,FUECOCO,,28,FLAMETHROWER
909,FUECOCO,,32,HYPER_VOICE
909,FUECOCO,,36,FIRE_BLAST
910,CROCALOR,,1,TACKLE
910,CROCALOR,,1,LEER
910,CROCALOR,,1,EMBER
910,CROCALOR,,7,LICK
910,CROCALOR,,10,ROUND
910,CROCALOR,,12,BITE
910,CROCALOR,,15,YAWN
910,CROCALOR,,17,INCINERATE
910,CROCALOR,,24,SNARL
910,CROCALOR,,28,ROAR
910,CROCALOR,,32,FLAMETHROWER
910,CROCALOR,,38,HYPER_VOICE
910,CROCALOR,,42,WILL_O_WISP
910,CROCALOR,,47,FIRE_BLAST
911,SKELEDIRGE,,EVOLVE_MOVE,TORCH_SONG
911,SKELEDIRGE,,RELEARN_MOVE,SING
911,SKELEDIRGE,,RELEARN_MOVE,YAWN
911,SKELEDIRGE,,1,TACKLE
911,SKELEDIRGE,,1,LEER
911,SKELEDIRGE,,1,EMBER
911,SKELEDIRGE,,7,LICK
911,SKELEDIRGE,,10,ROUND
911,SKELEDIRGE,,12,SCARY_FACE
911,SKELEDIRGE,,15,BITE
911,SKELEDIRGE,,17,INCINERATE
911,SKELEDIRGE,,24,SNARL
911,SKELEDIRGE,,28,ROAR
911,SKELEDIRGE,,32,FLAMETHROWER
911,SKELEDIRGE,,38,SHADOW_BALL
911,SKELEDIRGE,,42,HYPER_VOICE
911,SKELEDIRGE,,47,WILL_O_WISP
911,SKELEDIRGE,,47,HEX
911,SKELEDIRGE,,58,FIRE_BLAST
911,SKELEDIRGE,,64,OVERHEAT
912,QUAXLY,,1,POUND
912,QUAXLY,,1,GROWL
912,QUAXLY,,1,WATER_GUN
912,QUAXLY,,7,WORK_UP
912,QUAXLY,,10,WING_ATTACK
912,QUAXLY,,13,AQUA_JET
912,QUAXLY,,17,DOUBLE_HIT
912,QUAXLY,,21,AQUA_CUTTER
912,QUAXLY,,24,AIR_SLASH
912,QUAXLY,,28,FOCUS_ENERGY
912,QUAXLY,,31,ACROBATICS
912,QUAXLY,,35,LIQUIDATION
913,QUAXWELL,,1,POUND
913,QUAXWELL,,1,GROWL
913,QUAXWELL,,1,WATER_GUN
913,QUAXWELL,,1,DOUBLE_HIT
913,QUAXWELL,,7,WORK_UP
913,QUAXWELL,,10,WING_ATTACK
913,QUAXWELL,,13,AQUA_JET
913,QUAXWELL,,17,WATER_PULSE
913,QUAXWELL,,19,LOW_SWEEP
913,QUAXWELL,,23,AQUA_CUTTER
913,QUAXWELL,,27,AIR_SLASH
913,QUAXWELL,,32,FOCUS_ENERGY
913,QUAXWELL,,38,ACROBATICS
913,QUAXWELL,,43,LIQUIDATION
913,QUAXWELL,,48,FEATHER_DANCE
914,QUAQUAVAL,,EVOLVE_MOVE,AQUA_STEP
914,QUAQUAVAL,,RELEARN_MOVE,COUNTER
914,QUAQUAVAL,,1,POUND
914,QUAQUAVAL,,1,GROWL
914,QUAQUAVAL,,1,WATER_GUN
914,QUAQUAVAL,,1,DOUBLE_HIT
914,QUAQUAVAL,,7,WORK_UP
914,QUAQUAVAL,,10,WING_ATTACK
914,QUAQUAVAL,,13,AQUA_JET
914,QUAQUAVAL,,17,WATER_PULSE
914,QUAQUAVAL,,17,LOW_SWEEP
914,QUAQUAVAL,,21,AQUA_CUTTER
914,QUAQUAVAL,,27,AIR_SLASH
914,QUAQUAVAL,,32,FOCUS_ENERGY
914,QUAQUAVAL,,38,MEGA_KICK
914,QUAQUAVAL,,43,ACROBATICS
914,QUAQUAVAL,,47,LIQUIDATION
914,QUAQUAVAL,,52,FEATHER_DANCE
914,QUAQUAVAL,,58,CLOSE_COMBAT
914,QUAQUAVAL,,64,WAVE_CRASH
915,LECHONK,,1,TACKLE
915,LECHONK,,1,TAIL_WHIP
915,LECHONK,,5,DISARMING_VOICE
915,LECHONK,,8,ECHOED_VOICE
915,LECHONK,,12,MUD_SHOT
915,LECHONK,,15,COVET
915,LECHONK,,17,DIG
915,LECHONK,,21,HEADBUTT
915,LECHONK,,24,YAWN
915,LECHONK,,27,TAKE_DOWN
915,LECHONK,,30,WORK_UP
915,LECHONK,,32,UPROAR
915,LECHONK,,35,DOUBLE_EDGE
916,OINKOLOGNE,,1,TACKLE
916,OINKOLOGNE,,1,TAIL_WHIP
916,OINKOLOGNE,male,5,DISARMING_VOICE
916,OINKOLOGNE,male,8,ECHOED_VOICE
916,OINKOLOGNE,male,12,MUD_SHOT
916,OINKOLOGNE,male,15,COVET
916,OINKOLOGNE,male,17,DIG
916,OINKOLOGNE,male,23,HEADBUTT
916,OINKOLOGNE,male,26,TAKE_DOWN
916,OINKOLOGNE,male,27,YAWN
916,OINKOLOGNE,male,34,WORK_UP
916,OINKOLOGNE,male,38,UPROAR
916,OINKOLOGNE,male,42,DOUBLE_EDGE
916,OINKOLOGNE,male,48,EARTH_POWER
916,OINKOLOGNE,male,54,BELCH
916,OINKOLOGNE,female,3,DISARMING_VOICE
916,OINKOLOGNE,female,6,ECHOED_VOICE
916,OINKOLOGNE,female,9,MUD_SHOT
916,OINKOLOGNE,female,12,COVET
916,OINKOLOGNE,female,15,DIG
916,OINKOLOGNE,female,17,HEADBUTT
916,OINKOLOGNE,female,23,YAWN
916,OINKOLOGNE,female,28,TAKE_DOWN
916,OINKOLOGNE,female,30,WORK_UP
916,OINKOLOGNE,female,34,UPROAR
916,OINKOLOGNE,female,39,DOUBLE_EDGE
916,OINKOLOGNE,female,45,EARTH_POWER
916,OINKOLOGNE,female,51,BELCH
917,TAROUNTULA,,1,TACKLE
917,TAROUNTULA,,1,STRING_SHOT
917,TAROUNTULA,,5,STRUGGLE_BUG
917,TAROUNTULA,,8,ASSURANCE
917,TAROUNTULA,,11,FEINT
917,TAROUNTULA,,14,BUG_BITE
917,TAROUNTULA,,18,BLOCK
917,TAROUNTULA,,22,COUNTER
917,TAROUNTULA,,25,HEADBUTT
917,TAROUNTULA,,29,STICKY_WEB
917,TAROUNTULA,,33,GASTRO_ACID
917,TAROUNTULA,,36,CIRCLE_THROW
917,TAROUNTULA,,40,THROAT_CHOP
917,TAROUNTULA,,44,SKITTER_SMACK
918,SPIDOPS,,EVOLVE_MOVE,SILK_TRAP
918,SPIDOPS,,1,TACKLE
918,SPIDOPS,,1,STRING_SHOT
918,SPIDOPS,,5,STRUGGLE_BUG
918,SPIDOPS,,8,ASSURANCE
918,SPIDOPS,,11,FEINT
918,SPIDOPS,,14,BUG_BITE
918,SPIDOPS,,19,BLOCK
918,SPIDOPS,,24,COUNTER
918,SPIDOPS,,28,HEADBUTT
918,SPIDOPS,,33,STICKY_WEB
918,SPIDOPS,,37,GASTRO_ACID
918,SPIDOPS,,41,CIRCLE_THROW
918,SPIDOPS,,45,THROAT_CHOP
918,SPIDOPS,,49,SKITTER_SMACK
919,NYMBLE,,1,TACKLE
919,NYMBLE,,1,LEER
919,NYMBLE,,4,STRUGGLE_BUG
919,NYMBLE,,6,ASTONISH
919,NYMBLE,,9,ASSURANCE
919,NYMBLE,,11,DOUBLE_KICK
919,NYMBLE,,14,SCREECH
919,NYMBLE,,18,ENDURE
919,NYMBLE,,22,BUG_BITE
919,NYMBLE,,26,FEINT
919,NYMBLE,,30,AGILITY
919,NYMBLE,,38,SUCKER_PUNCH
919,NYMBLE,,41,FIRST_IMPRESSION
920,LOKIX,,EVOLVE_MOVE,LUNGE
920,LOKIX,,1,TACKLE
920,LOKIX,,1,LEER
920,LOKIX,,1,LOW_KICK
920,LOKIX,,1,DETECT
920,LOKIX,,4,STRUGGLE_BUG
920,LOKIX,,6,ASTONISH
920,LOKIX,,9,ASSURANCE
920,LOKIX,,11,DOUBLE_KICK
920,LOKIX,,14,SCREECH
920,LOKIX,,18,ENDURE
920,LOKIX,,22,BUG_BITE
920,LOKIX,,28,FEINT
920,LOKIX,,32,AGILITY
920,LOKIX,,36,THROAT_CHOP
920,LOKIX,,40,SUCKER_PUNCH
920,LOKIX,,44,FIRST_IMPRESSION
920,LOKIX,,48,BOUNCE
920,LOKIX,,53,AXE_KICK
921,PAWMI,,1,SCRATCH
921,PAWMI,,1,GROWL
921,PAWMI,,3,THUNDER_SHOCK
921,PAWMI,,6,QUICK_ATTACK
921,PAWMI,,8,CHARGE
921,PAWMI,,12,NUZZLE
921,PAWMI,,15,DIG
921,PAWMI,,19,BITE
921,PAWMI,,23,SPARK
921,PAWMI,,27,THUNDER_WAVE
921,PAWMI,,31,ENTRAINMENT
921,PAWMI,,35,SLAM
921,PAWMI,,38,DISCHARGE
921,PAWMI,,40,AGILITY
921,PAWMI,,44,WILD_CHARGE
922,PAWMO,,EVOLVE_MOVE,ARM_THRUST
922,PAWMO,,1,SCRATCH
922,PAWMO,,1,GROWL
922,PAWMO,,3,THUNDER_SHOCK
922,PAWMO,,6,QUICK_ATTACK
922,PAWMO,,8,CHARGE
922,PAWMO,,12,NUZZLE
922,PAWMO,,15,DIG
922,PAWMO,,19,BITE
922,PAWMO,,23,SPARK
922,PAWMO,,27,THUNDER_WAVE
922,PAWMO,,32,SLAM
922,PAWMO,,38,ENTRAINMENT
922,PAWMO,,42,DISCHARGE
922,PAWMO,,46,AGILITY
922,PAWMO,,52,WILD_CHARGE
923,PAWMOT,,EVOLVE_MOVE,REVIVAL_BLESSING
923,PAWMOT,,1,SCRATCH
923,PAWMOT,,1,GROWL
923,PAWMOT,,1,WILD_CHARGE
923,PAWMOT,,3,THUNDER_SHOCK
923,PAWMOT,,6,QUICK_ATTACK
923,PAWMOT,,8,CHARGE
923,PAWMOT,,12,NUZZLE
923,PAWMOT,,15,DIG
923,PAWMOT,,19,BITE
923,PAWMOT,,23,SPARK
923,PAWMOT,,25,ARM_THRUST
923,PAWMOT,,29,THUNDER_WAVE
923,PAWMOT,,33,SLAM
923,PAWMOT,,39,ENTRAINMENT
923,PAWMOT,,44,CLOSE_COMBAT
923,PAWMOT,,49,DISCHARGE
923,PAWMOT,,54,AGILITY
923,PAWMOT,,60,DOUBLE_SHOCK
924,TANDEMAUS,,1,POUND
924,TANDEMAUS,,1,BABY_DOLL_EYES
924,TANDEMAUS,,5,ECHOED_VOICE
924,TANDEMAUS,,8,HELPING_HAND
924,TANDEMAUS,,11,SUPER_FANG
924,TANDEMAUS,,14,DOUBLE_HIT
924,TANDEMAUS,,18,BULLET_SEED
924,TANDEMAUS,,22,ENCORE
924,TANDEMAUS,,26,PLAY_ROUGH
924,TANDEMAUS,,30,HYPER_VOICE
924,TANDEMAUS,,33,CHARM
924,TANDEMAUS,,37,BEAT_UP
924,TANDEMAUS,,41,COPYCAT
924,TANDEMAUS,,46,POPULATION_BOMB
925,MAUSHOLD,,1,POUND
925,MAUSHOLD,,1,FOLLOW_ME
925,MAUSHOLD,,1,BABY_DOLL_EYES
925,MAUSHOLD,,1,TIDY_UP
925,MAUSHOLD,,5,ECHOED_VOICE
925,MAUSHOLD,,8,HELPING_HAND
925,MAUSHOLD,,11,SUPER_FANG
925,MAUSHOLD,,14,DOUBLE_HIT
925,MAUSHOLD,,18,BULLET_SEED
925,MAUSHOLD,,22,ENCORE
925,MAUSHOLD,,29,PLAY_ROUGH
925,MAUSHOLD,,33,HYPER_VOICE
925,MAUSHOLD,,37,CHARM
925,MAUSHOLD,,41,BEAT_UP
925,MAUSHOLD,,46,COPYCAT
925,MAUSHOLD,,53,POPULATION_BOMB
926,FIDOUGH,,1,TACKLE
926,FIDOUGH,,1,GROWL
926,FIDOUGH,,3,LICK
926,FIDOUGH,,6,TAIL_WHIP
926,FIDOUGH,,8,COVET
926,FIDOUGH,,11,BITE
926,FIDOUGH,,15,BABY_DOLL_EYES
926,FIDOUGH,,18,PLAY_ROUGH
926,FIDOUGH,,22,WORK_UP
926,FIDOUGH,,26,BATON_PASS
926,FIDOUGH,,30,ROAR
926,FIDOUGH,,33,DOUBLE_EDGE
926,FIDOUGH,,36,CHARM
926,FIDOUGH,,40,CRUNCH
926,FIDOUGH,,45,LAST_RESORT
927,DACHSBUN,,1,TACKLE
927,DACHSBUN,,1,GROWL
927,DACHSBUN,,3,LICK
927,DACHSBUN,,6,TAIL_WHIP
927,DACHSBUN,,8,COVET
927,DACHSBUN,,11,BITE
927,DACHSBUN,,15,BABY_DOLL_EYES
927,DACHSBUN,,18,PLAY_ROUGH
927,DACHSBUN,,22,WORK_UP
927,DACHSBUN,,29,BATON_PASS
927,DACHSBUN,,33,ROAR
927,DACHSBUN,,38,DOUBLE_EDGE
927,DACHSBUN,,42,CHARM
927,DACHSBUN,,47,CRUNCH
927,DACHSBUN,,53,LAST_RESORT
928,SMOLIV,,1,TACKLE
928,SMOLIV,,1,SWEET_SCENT
928,SMOLIV,,5,ABSORB
928,SMOLIV,,7,GROWTH
928,SMOLIV,,10,RAZOR_LEAF
928,SMOLIV,,13,HELPING_HAND
928,SMOLIV,,16,FLAIL
928,SMOLIV,,20,MEGA_DRAIN
928,SMOLIV,,23,GRASSY_TERRAIN
928,SMOLIV,,27,SEED_BOMB
928,SMOLIV,,30,ENERGY_BALL
928,SMOLIV,,34,LEECH_SEED
928,SMOLIV,,38,TERRAIN_PULSE
929,DOLLIV,,1,TACKLE
929,DOLLIV,,1,SWEET_SCENT
929,DOLLIV,,5,ABSORB
929,DOLLIV,,7,GROWTH
929,DOLLIV,,10,RAZOR_LEAF
929,DOLLIV,,13,HELPING_HAND
929,DOLLIV,,16,FLAIL
929,DOLLIV,,20,MEGA_DRAIN
929,DOLLIV,,23,GRASSY_TERRAIN
929,DOLLIV,,29,SEED_BOMB
929,DOLLIV,,34,ENERGY_BALL
929,DOLLIV,,37,LEECH_SEED
929,DOLLIV,,42,TERRAIN_PULSE
930,ARBOLIVA,,1,TACKLE
930,ARBOLIVA,,1,SAFEGUARD
930,ARBOLIVA,,1,SWEET_SCENT
930,ARBOLIVA,,1,MIRROR_COAT
930,ARBOLIVA,,5,ABSORB
930,ARBOLIVA,,7,GROWTH
930,ARBOLIVA,,10,RAZOR_LEAF
930,ARBOLIVA,,13,HELPING_HAND
930,ARBOLIVA,,16,FLAIL
930,ARBOLIVA,,20,MEGA_DRAIN
930,ARBOLIVA,,23,GRASSY_TERRAIN
930,ARBOLIVA,,29,SEED_BOMB
930,ARBOLIVA,,34,ENERGY_BALL
930,ARBOLIVA,,39,LEECH_SEED
930,ARBOLIVA,,46,TERRAIN_PULSE
930,ARBOLIVA,,52,PETAL_BLIZZARD
930,ARBOLIVA,,58,PETAL_DANCE
931,SQUAWKABILLY,,1,GROWL
931,SQUAWKABILLY,,1,PECK
931,SQUAWKABILLY,,1,MIMIC
931,SQUAWKABILLY,,6,QUICK_ATTACK
931,SQUAWKABILLY,,10,TORMENT
931,SQUAWKABILLY,,13,AERIAL_ACE
931,SQUAWKABILLY,,17,FURY_ATTACK
931,SQUAWKABILLY,,20,TAUNT
931,SQUAWKABILLY,,24,UPROAR
931,SQUAWKABILLY,,27,COPYCAT
931,SQUAWKABILLY,,30,FLY
931,SQUAWKABILLY,,34,FACADE
931,SQUAWKABILLY,,38,SWAGGER
931,SQUAWKABILLY,,42,BRAVE_BIRD
931,SQUAWKABILLY,,47,ROOST
931,SQUAWKABILLY,,52,REVERSAL
932,NACLI,,1,TACKLE
932,NACLI,,1,HARDEN
932,NACLI,,5,ROCK_THROW
932,NACLI,,7,MUD_SHOT
932,NACLI,,10,SMACK_DOWN
932,NACLI,,13,ROCK_POLISH
932,NACLI,,16,HEADBUTT
932,NACLI,,20,IRON_DEFENSE
932,NACLI,,25,RECOVER
932,NACLI,,30,ROCK_SLIDE
932,NACLI,,33,STEALTH_ROCK
932,NACLI,,35,HEAVY_SLAM
932,NACLI,,40,EARTHQUAKE
932,NACLI,,45,STONE_EDGE
933,NACLSTACK,,EVOLVE_MOVE,SALT_CURE
933,NACLSTACK,,1,TACKLE
933,NACLSTACK,,1,HARDEN
933,NACLSTACK,,5,ROCK_THROW
933,NACLSTACK,,7,MUD_SHOT
933,NACLSTACK,,10,SMACK_DOWN
933,NACLSTACK,,13,ROCK_POLISH
933,NACLSTACK,,16,HEADBUTT
933,NACLSTACK,,20,IRON_DEFENSE
933,NACLSTACK,,30,RECOVER
933,NACLSTACK,,34,ROCK_SLIDE
933,NACLSTACK,,38,STEALTH_ROCK
933,NACLSTACK,,41,HEAVY_SLAM
933,NACLSTACK,,45,EARTHQUAKE
933,NACLSTACK,,51,STONE_EDGE
934,GARGANACL,,EVOLVE_MOVE,HAMMER_ARM
934,GARGANACL,,RELEARN_MOVE,IRON_DEFENSE
934,GARGANACL,,1,TACKLE
934,GARGANACL,,1,HARDEN
934,GARGANACL,,1,BLOCK
934,GARGANACL,,1,ROCK_BLAST
934,GARGANACL,,1,SMACK_DOWN
934,GARGANACL,,1,WIDE_GUARD
934,GARGANACL,,5,ROCK_THROW
934,GARGANACL,,7,MUD_SHOT
934,GARGANACL,,10,ROCK_TOMB
934,GARGANACL,,13,ROCK_POLISH
934,GARGANACL,,16,HEADBUTT
934,GARGANACL,,24,SALT_CURE
934,GARGANACL,,30,RECOVER
934,GARGANACL,,34,ROCK_SLIDE
934,GARGANACL,,40,STEALTH_ROCK
934,GARGANACL,,44,HEAVY_SLAM
934,GARGANACL,,49,EARTHQUAKE
934,GARGANACL,,54,STONE_EDGE
934,GARGANACL,,60,EXPLOSION
935,CHARCADET,,1,LEER
935,CHARCADET,,1,EMBER
935,CHARCADET,,1,ASTONISH
935,CHARCADET,,8,CLEAR_SMOG
935,CHARCADET,,12,FIRE_SPIN
935,CHARCADET,,16,WILL_O_WISP
935,CHARCADET,,20,NIGHT_SHADE
935,CHARCADET,,24,FLAME_CHARGE
935,CHARCADET,,28,INCINERATE
935,CHARCADET,,32,LAVA_PLUME
936,ARMAROUGE,,EVOLVE_MOVE,PSYSHOCK
936,ARMAROUGE,,1,LEER
936,ARMAROUGE,,1,EMBER
936,ARMAROUGE,,1,ASTONISH
936,ARMAROUGE,,1,WIDE_GUARD
936,ARMAROUGE,,1,MYSTICAL_FIRE
936,ARMAROUGE,,8,CLEAR_SMOG
936,ARMAROUGE,,12,FIRE_SPIN
936,ARMAROUGE,,16,WILL_O_WISP
936,ARMAROUGE,,20,NIGHT_SHADE
936,ARMAROUGE,,24,FLAME_CHARGE
936,ARMAROUGE,,28,INCINERATE
936,ARMAROUGE,,32,LAVA_PLUME
936,ARMAROUGE,,37,CALM_MIND
936,ARMAROUGE,,42,ALLY_SWITCH
936,ARMAROUGE,,48,FLAMETHROWER
936,ARMAROUGE,,56,EXPANDING_FORCE
936,ARMAROUGE,,62,ARMOR_CANNON
937,CERULEDGE,,EVOLVE_MOVE,SHADOW_CLAW
937,CERULEDGE,,RELEARN_MOVE,NIGHT_SLASH
937,CERULEDGE,,RELEARN_MOVE,SHADOW_SNEAK
937,CERULEDGE,,RELEARN_MOVE,QUICK_GUARD
937,CERULEDGE,,RELEARN_MOVE,SOLAR_BLADE
937,CERULEDGE,,1,EMBER
937,CERULEDGE,,1,LEER
937,CERULEDGE,,1,ASTONISH
937,CERULEDGE,,8,CLEAR_SMOG
937,CERULEDGE,,12,FIRE_SPIN
937,CERULEDGE,,16,WILL_O_WISP
937,CERULEDGE,,20,NIGHT_SHADE
937,CERULEDGE,,24,FLAME_CHARGE
937,CERULEDGE,,28,INCINERATE
937,CERULEDGE,,32,LAVA_PLUME
937,CERULEDGE,,37,SWORDS_DANCE
937,CERULEDGE,,42,ALLY_SWITCH
937,CERULEDGE,,48,BITTER_BLADE
937,CERULEDGE,,56,PSYCHO_CUT
937,CERULEDGE,,62,FLARE_BLITZ
938,TADBULB,,1,TACKLE
938,TADBULB,,1,MUD_SLAP
938,TADBULB,,7,THUNDER_SHOCK
938,TADBULB,,11,WATER_GUN
938,TADBULB,,17,CHARGE
938,TADBULB,,21,SPARK
938,TADBULB,,24,MUD_SHOT
938,TADBULB,,25,FLAIL
938,TADBULB,,32,DISCHARGE
938,TADBULB,,36,WEATHER_BALL
938,TADBULB,,40,ELECTRIC_TERRAIN
938,TADBULB,,45,SUCKER_PUNCH
938,TADBULB,,50,ZAP_CANNON
939,BELLIBOLT,,1,TACKLE
939,BELLIBOLT,,1,MUD_SLAP
939,BELLIBOLT,,1,SLACK_OFF
939,BELLIBOLT,,7,THUNDER_SHOCK
939,BELLIBOLT,,11,WATER_GUN
939,BELLIBOLT,,17,CHARGE
939,BELLIBOLT,,21,SPARK
939,BELLIBOLT,,24,MUD_SHOT
939,BELLIBOLT,,25,FLAIL
939,BELLIBOLT,,32,DISCHARGE
939,BELLIBOLT,,36,WEATHER_BALL
939,BELLIBOLT,,40,ELECTRIC_TERRAIN
939,BELLIBOLT,,45,SUCKER_PUNCH
939,BELLIBOLT,,50,ZAP_CANNON
940,WATTREL,,1,GROWL
940,WATTREL,,1,PECK
940,WATTREL,,4,THUNDER_SHOCK
940,WATTREL,,7,QUICK_ATTACK
940,WATTREL,,11,PLUCK
940,WATTREL,,15,SPARK
940,WATTREL,,19,UPROAR
940,WATTREL,,23,ROOST
940,WATTREL,,27,DUAL_WINGBEAT
940,WATTREL,,32,AGILITY
940,WATTREL,,37,VOLT_SWITCH
940,WATTREL,,43,DISCHARGE
941,KILOWATTREL,,EVOLVE_MOVE,ELECTRO_BALL
941,KILOWATTREL,,1,GROWL
941,KILOWATTREL,,1,PECK
941,KILOWATTREL,,4,THUNDER_SHOCK
941,KILOWATTREL,,7,QUICK_ATTACK
941,KILOWATTREL,,11,PLUCK
941,KILOWATTREL,,15,SPARK
941,KILOWATTREL,,19,UPROAR
941,KILOWATTREL,,24,ROOST
941,KILOWATTREL,,30,DUAL_WINGBEAT
941,KILOWATTREL,,36,AGILITY
941,KILOWATTREL,,43,VOLT_SWITCH
941,KILOWATTREL,,48,DISCHARGE
941,KILOWATTREL,,55,HURRICANE
942,MASCHIFF,,1,TACKLE
942,MASCHIFF,,1,LEER
942,MASCHIFF,,1,SCARY_FACE
942,MASCHIFF,,4,LICK
942,MASCHIFF,,7,SNARL
942,MASCHIFF,,10,HONE_CLAWS
942,MASCHIFF,,14,BITE
942,MASCHIFF,,18,ROAR
942,MASCHIFF,,22,HEADBUTT
942,MASCHIFF,,26,PAYBACK
942,MASCHIFF,,31,CRUNCH
942,MASCHIFF,,35,SWAGGER
942,MASCHIFF,,39,REVERSAL
942,MASCHIFF,,43,JAW_LOCK
942,MASCHIFF,,49,DOUBLE_EDGE
943,MABOSSTIFF,,EVOLVE_MOVE,COMEUPPANCE
943,MABOSSTIFF,,1,TACKLE
943,MABOSSTIFF,,1,LEER
943,MABOSSTIFF,,1,SCARY_FACE
943,MABOSSTIFF,,4,LICK
943,MABOSSTIFF,,7,SNARL
943,MABOSSTIFF,,10,HONE_CLAWS
943,MABOSSTIFF,,14,BITE
943,MABOSSTIFF,,18,ROAR
943,MABOSSTIFF,,22,HEADBUTT
943,MABOSSTIFF,,26,PAYBACK
943,MABOSSTIFF,,34,CRUNCH
943,MABOSSTIFF,,39,SWAGGER
943,MABOSSTIFF,,43,REVERSAL
943,MABOSSTIFF,,48,JAW_LOCK
943,MABOSSTIFF,,55,DOUBLE_EDGE
943,MABOSSTIFF,,60,OUTRAGE
944,SHROODLE,,1,SCRATCH
944,SHROODLE,,1,LEER
944,SHROODLE,,5,ACID_SPRAY
944,SHROODLE,,8,BITE
944,SHROODLE,,8,FURY_SWIPES
944,SHROODLE,,11,SWITCHEROO
944,SHROODLE,,14,POISON_FANG
944,SHROODLE,,18,FLATTER
944,SHROODLE,,21,SLASH
944,SHROODLE,,25,U_TURN
944,SHROODLE,,29,POISON_JAB
944,SHROODLE,,33,TAUNT
944,SHROODLE,,36,SUBSTITUTE
944,SHROODLE,,40,KNOCK_OFF
944,SHROODLE,,45,GUNK_SHOT
945,GRAFAIAI,,EVOLVE_MOVE,DOODLE
945,GRAFAIAI,,1,SCRATCH
945,GRAFAIAI,,1,LEER
945,GRAFAIAI,,1,BITE
945,GRAFAIAI,,5,ACID_SPRAY
945,GRAFAIAI,,8,FURY_SWIPES
945,GRAFAIAI,,11,SWITCHEROO
945,GRAFAIAI,,14,POISON_FANG
945,GRAFAIAI,,18,FLATTER
945,GRAFAIAI,,21,SLASH
945,GRAFAIAI,,25,U_TURN
945,GRAFAIAI,,33,POISON_JAB
945,GRAFAIAI,,37,TAUNT
945,GRAFAIAI,,40,SUBSTITUTE
945,GRAFAIAI,,45,KNOCK_OFF
945,GRAFAIAI,,51,GUNK_SHOT
946,BRAMBLIN,,1,DEFENSE_CURL
946,BRAMBLIN,,1,ROLLOUT
946,BRAMBLIN,,1,ASTONISH
946,BRAMBLIN,,5,ABSORB
946,BRAMBLIN,,9,RAPID_SPIN
946,BRAMBLIN,,13,BULLET_SEED
946,BRAMBLIN,,17,INFESTATION
946,BRAMBLIN,,21,HEX
946,BRAMBLIN,,25,MEGA_DRAIN
946,BRAMBLIN,,29,DISABLE
946,BRAMBLIN,,35,PHANTOM_FORCE
946,BRAMBLIN,,40,GIGA_DRAIN
946,BRAMBLIN,,45,CURSE
946,BRAMBLIN,,50,PAIN_SPLIT
946,BRAMBLIN,,55,POWER_WHIP
947,BRAMBLEGHAST,,1,DEFENSE_CURL
947,BRAMBLEGHAST,,1,ROLLOUT
947,BRAMBLEGHAST,,1,ASTONISH
947,BRAMBLEGHAST,,5,ABSORB
947,BRAMBLEGHAST,,9,RAPID_SPIN
947,BRAMBLEGHAST,,13,BULLET_SEED
947,BRAMBLEGHAST,,17,INFESTATION
947,BRAMBLEGHAST,,21,HEX
947,BRAMBLEGHAST,,25,MEGA_DRAIN
947,BRAMBLEGHAST,,29,DISABLE
947,BRAMBLEGHAST,,35,PHANTOM_FORCE
947,BRAMBLEGHAST,,40,GIGA_DRAIN
947,BRAMBLEGHAST,,45,CURSE
947,BRAMBLEGHAST,,50,PAIN_SPLIT
947,BRAMBLEGHAST,,55,POWER_WHIP
948,TOEDSCOOL,,1,WRAP
948,TOEDSCOOL,,1,MUD_SLAP
948,TOEDSCOOL,,4,ABSORB
948,TOEDSCOOL,,8,POISON_POWDER
948,TOEDSCOOL,,8,STUN_SPORE
948,TOEDSCOOL,,12,SUPERSONIC
948,TOEDSCOOL,,15,TACKLE
948,TOEDSCOOL,,16,MEGA_DRAIN
948,TOEDSCOOL,,20,SCREECH
948,TOEDSCOOL,,24,MUD_SHOT
948,TOEDSCOOL,,28,HEX
948,TOEDSCOOL,,32,SEED_BOMB
948,TOEDSCOOL,,36,SPORE
948,TOEDSCOOL,,40,GROWTH
948,TOEDSCOOL,,44,GIGA_DRAIN
948,TOEDSCOOL,,48,EARTH_POWER
948,TOEDSCOOL,,52,POWER_WHIP
949,TOEDSCRUEL,,1,WRAP
949,TOEDSCRUEL,,1,MUD_SLAP
949,TOEDSCRUEL,,1,REFLECT_TYPE
949,TOEDSCRUEL,,4,ABSORB
949,TOEDSCRUEL,,8,POISON_POWDER
949,TOEDSCRUEL,,8,STUN_SPORE
949,TOEDSCRUEL,,12,SUPERSONIC
949,TOEDSCRUEL,,15,TACKLE
949,TOEDSCRUEL,,16,MEGA_DRAIN
949,TOEDSCRUEL,,20,SCREECH
949,TOEDSCRUEL,,24,MUD_SHOT
949,TOEDSCRUEL,,28,HEX
949,TOEDSCRUEL,,34,SEED_BOMB
949,TOEDSCRUEL,,40,SPORE
949,TOEDSCRUEL,,44,GROWTH
949,TOEDSCRUEL,,48,GIGA_DRAIN
949,TOEDSCRUEL,,54,EARTH_POWER
949,TOEDSCRUEL,,58,POWER_WHIP
950,KLAWF,,1,ROCK_THROW
950,KLAWF,,6,HARDEN
950,KLAWF,,9,ROCK_SMASH
950,KLAWF,,13,ROCK_TOMB
950,KLAWF,,17,METAL_CLAW
950,KLAWF,,21,PROTECT
950,KLAWF,,24,ROCK_BLAST
950,KLAWF,,29,X_SCISSOR
950,KLAWF,,33,SWORDS_DANCE
950,KLAWF,,37,FLAIL
950,KLAWF,,42,ROCK_SLIDE
950,KLAWF,,47,HIGH_HORSEPOWER
950,KLAWF,,51,IRON_DEFENSE
950,KLAWF,,56,GUILLOTINE
951,CAPSAKID,,1,LEER
951,CAPSAKID,,1,LEAFAGE
951,CAPSAKID,,4,BITE
951,CAPSAKID,,10,GROWTH
951,CAPSAKID,,13,RAZOR_LEAF
951,CAPSAKID,,17,SUNNY_DAY
951,CAPSAKID,,21,BULLET_SEED
951,CAPSAKID,,24,HEADBUTT
951,CAPSAKID,,28,ZEN_HEADBUTT
951,CAPSAKID,,38,CRUNCH
951,CAPSAKID,,44,SEED_BOMB
951,CAPSAKID,,48,SOLAR_BEAM
952,SCOVILLAIN,,EVOLVE_MOVE,FLAMETHROWER
952,SCOVILLAIN,,EVOLVE_MOVE,SPICY_EXTRACT
952,SCOVILLAIN,,1,LEER
952,SCOVILLAIN,,1,FIRE_FANG
952,SCOVILLAIN,,1,LEAFAGE
952,SCOVILLAIN,,4,BITE
952,SCOVILLAIN,,10,GROWTH
952,SCOVILLAIN,,13,RAZOR_LEAF
952,SCOVILLAIN,,17,SUNNY_DAY
952,SCOVILLAIN,,21,BULLET_SEED
952,SCOVILLAIN,,24,HEADBUTT
952,SCOVILLAIN,,28,ZEN_HEADBUTT
952,SCOVILLAIN,,33,WORRY_SEED
952,SCOVILLAIN,,38,CRUNCH
952,SCOVILLAIN,,44,SEED_BOMB
952,SCOVILLAIN,,48,SOLAR_BEAM
952,SCOVILLAIN,,48,OVERHEAT
953,RELLOR,,1,TACKLE
953,RELLOR,,1,DEFENSE_CURL
953,RELLOR,,4,SAND_ATTACK
953,RELLOR,,7,STRUGGLE_BUG
953,RELLOR,,11,ROLLOUT
953,RELLOR,,15,MUD_SHOT
953,RELLOR,,20,BUG_BITE
953,RELLOR,,24,TAKE_DOWN
953,RELLOR,,29,DIG
953,RELLOR,,35,LUNGE
954,RABSCA,,EVOLVE_MOVE,REVIVAL_BLESSING
954,RABSCA,,RELEARN_MOVE,SAFEGUARD
954,RABSCA,,RELEARN_MOVE,PSYCH_UP
954,RABSCA,,1,TACKLE
954,RABSCA,,1,CONFUSION
954,RABSCA,,1,DEFENSE_CURL
954,RABSCA,,1,MUD_SHOT
954,RABSCA,,1,DIG
954,RABSCA,,4,SAND_ATTACK
954,RABSCA,,7,STRUGGLE_BUG
954,RABSCA,,11,ROLLOUT
954,RABSCA,,15,PSYBEAM
954,RABSCA,,20,BUG_BITE
954,RABSCA,,24,TAKE_DOWN
954,RABSCA,,29,EXTRASENSORY
954,RABSCA,,35,LUNGE
954,RABSCA,,40,POWER_SWAP
954,RABSCA,,40,GUARD_SWAP
954,RABSCA,,40,SPEED_SWAP
954,RABSCA,,45,BUG_BUZZ
954,RABSCA,,50,PSYCHIC
955,FLITTLE,,1,GROWL
955,FLITTLE,,1,PECK
955,FLITTLE,,5,CONFUSION
955,FLITTLE,,8,BABY_DOLL_EYES
955,FLITTLE,,11,DISARMING_VOICE
955,FLITTLE,,15,QUICK_ATTACK
955,FLITTLE,,19,PSYBEAM
955,FLITTLE,,24,PLUCK
955,FLITTLE,,29,AGILITY
955,FLITTLE,,34,UPROAR
956,ESPATHRA,,EVOLVE_MOVE,LUMINA_CRASH
956,ESPATHRA,,1,GROWL
956,ESPATHRA,,1,PECK
956,ESPATHRA,,1,DRILL_PECK
956,ESPATHRA,,1,FEATHER_DANCE
956,ESPATHRA,,5,CONFUSION
956,ESPATHRA,,8,BABY_DOLL_EYES
956,ESPATHRA,,11,DISARMING_VOICE
956,ESPATHRA,,15,QUICK_ATTACK
956,ESPATHRA,,19,PSYBEAM
956,ESPATHRA,,24,PLUCK
956,ESPATHRA,,29,AGILITY
956,ESPATHRA,,34,UPROAR
956,ESPATHRA,,43,DAZZLING_GLEAM
956,ESPATHRA,,49,PSYCHIC
956,ESPATHRA,,54,LAST_RESORT
957,TINKATINK,,1,ASTONISH
957,TINKATINK,,1,FAIRY_WIND
957,TINKATINK,,5,BABY_DOLL_EYES
957,TINKATINK,,8,METAL_CLAW
957,TINKATINK,,11,COVET
957,TINKATINK,,14,ROCK_SMASH
957,TINKATINK,,17,DRAINING_KISS
957,TINKATINK,,21,SWEET_KISS
957,TINKATINK,,24,BRUTAL_SWING
957,TINKATINK,,27,SLAM
957,TINKATINK,,31,FLASH_CANNON
957,TINKATINK,,35,PLAY_ROUGH
957,TINKATINK,,39,FAKE_OUT
957,TINKATINK,,43,FLATTER
957,TINKATINK,,47,SKITTER_SMACK
957,TINKATINK,,52,KNOCK_OFF
958,TINKATUFF,,1,ASTONISH
958,TINKATUFF,,1,FAIRY_WIND
958,TINKATUFF,,5,BABY_DOLL_EYES
958,TINKATUFF,,8,METAL_CLAW
958,TINKATUFF,,11,COVET
958,TINKATUFF,,14,ROCK_SMASH
958,TINKATUFF,,17,DRAINING_KISS
958,TINKATUFF,,21,SWEET_KISS
958,TINKATUFF,,24,BRUTAL_SWING
958,TINKATUFF,,27,SLAM
958,TINKATUFF,,31,FLASH_CANNON
958,TINKATUFF,,35,PLAY_ROUGH
958,TINKATUFF,,39,FAKE_OUT
958,TINKATUFF,,43,FLATTER
958,TINKATUFF,,47,SKITTER_SMACK
958,TINKATUFF,,52,KNOCK_OFF
959,TINKATON,,EVOLVE_MOVE,GIGATON_HAMMER
959,TINKATON,,1,ASTONISH
959,TINKATON,,1,FAIRY_WIND
959,TINKATON,,5,BABY_DOLL_EYES
959,TINKATON,,8,METAL_CLAW
959,TINKATON,,11,COVET
959,TINKATON,,14,ROCK_SMASH
959,TINKATON,,17,DRAINING_KISS
959,TINKATON,,21,SWEET_KISS
959,TINKATON,,24,BRUTAL_SWING
959,TINKATON,,27,SLAM
959,TINKATON,,31,FLASH_CANNON
959,TINKATON,,35,PLAY_ROUGH
959,TINKATON,,39,FAKE_OUT
959,TINKATON,,43,FLATTER
959,TINKATON,,47,SKITTER_SMACK
959,TINKATON,,52,KNOCK_OFF
960,WIGLETT,,1,SAND_ATTACK
960,WIGLETT,,1,WATER_GUN
960,WIGLETT,,4,MUD_SLAP
960,WIGLETT,,8,WRAP
960,WIGLETT,,12,AQUA_JET
960,WIGLETT,,20,SLAM
960,WIGLETT,,20,WATER_PULSE
960,WIGLETT,,24,HEADBUTT
960,WIGLETT,,28,DIG
960,WIGLETT,,32,SUCKER_PUNCH
960,WIGLETT,,36,THROAT_CHOP
960,WIGLETT,,40,LIQUIDATION
961,WUGTRIO,,1,SAND_ATTACK
961,WUGTRIO,,1,WRAP
961,WUGTRIO,,1,WATER_GUN
961,WUGTRIO,,1,MUD_SLAP
961,WUGTRIO,,12,AQUA_JET
961,WUGTRIO,,16,SLAM
961,WUGTRIO,,20,WATER_PULSE
961,WUGTRIO,,24,HEADBUTT
961,WUGTRIO,,30,TRIPLE_DIVE
961,WUGTRIO,,36,DIG
961,WUGTRIO,,42,SUCKER_PUNCH
961,WUGTRIO,,48,THROAT_CHOP
961,WUGTRIO,,54,LIQUIDATION
962,BOMBIRDIER,,1,WING_ATTACK
962,BOMBIRDIER,,1,LEER
962,BOMBIRDIER,,1,PECK
962,BOMBIRDIER,,1,MEMENTO
962,BOMBIRDIER,,1,HONE_CLAWS
962,BOMBIRDIER,,7,THIEF
962,BOMBIRDIER,,11,ROCK_THROW
962,BOMBIRDIER,,16,WHIRLWIND
962,BOMBIRDIER,,20,PLUCK
962,BOMBIRDIER,,24,TORMENT
962,BOMBIRDIER,,29,ROCK_TOMB
962,BOMBIRDIER,,36,PAYBACK
962,BOMBIRDIER,,42,DUAL_WINGBEAT
962,BOMBIRDIER,,47,ROCK_SLIDE
962,BOMBIRDIER,,53,KNOCK_OFF
962,BOMBIRDIER,,60,PARTING_SHOT
963,FINIZEN,,1,SUPERSONIC
963,FINIZEN,,1,WATER_GUN
963,FINIZEN,,7,ASTONISH
963,FINIZEN,,10,FOCUS_ENERGY
963,FINIZEN,,13,AQUA_JET
963,FINIZEN,,17,DOUBLE_HIT
963,FINIZEN,,21,DIVE
963,FINIZEN,,25,CHARM
963,FINIZEN,,29,ACROBATICS
963,FINIZEN,,34,ENCORE
963,FINIZEN,,39,AQUA_TAIL
963,FINIZEN,,44,MIST
963,FINIZEN,,50,HYDRO_PUMP
964,PALAFIN,,EVOLVE_MOVE,FLIP_TURN
964,PALAFIN,,1,SUPERSONIC
964,PALAFIN,,1,WATER_GUN
964,PALAFIN,,1,JET_PUNCH
964,PALAFIN,,7,ASTONISH
964,PALAFIN,,10,FOCUS_ENERGY
964,PALAFIN,,13,AQUA_JET
964,PALAFIN,,17,DOUBLE_HIT
964,PALAFIN,,21,DIVE
964,PALAFIN,,25,CHARM
964,PALAFIN,,29,ACROBATICS
964,PALAFIN,,34,ENCORE
964,PALAFIN,,39,AQUA_TAIL
964,PALAFIN,,44,MIST
964,PALAFIN,,50,HYDRO_PUMP
964,PALAFIN,,55,FOCUS_PUNCH
964,PALAFIN,,61,WAVE_CRASH
965,VAROOM,,1,LICK
965,VAROOM,,1,POISON_GAS
965,VAROOM,,4,SMOG
965,VAROOM,,7,TAUNT
965,VAROOM,,10,ASSURANCE
965,VAROOM,,13,SLUDGE
965,VAROOM,,17,GYRO_BALL
965,VAROOM,,21,HEADBUTT
965,VAROOM,,25,SCREECH
965,VAROOM,,28,IRON_HEAD
965,VAROOM,,32,SWAGGER
965,VAROOM,,36,POISON_JAB
965,VAROOM,,41,UPROAR
965,VAROOM,,46,SPIN_OUT
965,VAROOM,,50,GUNK_SHOT
966,REVAVROOM,,EVOLVE_MOVE,SHIFT_GEAR
966,REVAVROOM,,1,LICK
966,REVAVROOM,,1,POISON_GAS
966,REVAVROOM,,1,MAGNET_RISE
966,REVAVROOM,,4,SMOG
966,REVAVROOM,,7,TAUNT
966,REVAVROOM,,10,ASSURANCE
966,REVAVROOM,,13,SLUDGE
966,REVAVROOM,,17,GYRO_BALL
966,REVAVROOM,,21,HEADBUTT
966,REVAVROOM,,25,SCREECH
966,REVAVROOM,,28,IRON_HEAD
966,REVAVROOM,,32,SWAGGER
966,REVAVROOM,,36,POISON_JAB
966,REVAVROOM,,46,UPROAR
966,REVAVROOM,,52,SPIN_OUT
966,REVAVROOM,,58,GUNK_SHOT
966,REVAVROOM,segin-starmobile,EVOLVE_MOVE,WICKED_TORQUE
966,REVAVROOM,schedar-starmobile,EVOLVE_MOVE,BLAZING_TORQUE
966,REVAVROOM,navi-starmobile,EVOLVE_MOVE,NOXIOUS_TORQUE
966,REVAVROOM,ruchbah-starmobile,EVOLVE_MOVE,MAGICAL_TORQUE
966,REVAVROOM,caph-starmobile,EVOLVE_MOVE,COMBAT_TORQUE
967,CYCLIZAR,,1,TACKLE
967,CYCLIZAR,,1,GROWL
967,CYCLIZAR,,7,RAPID_SPIN
967,CYCLIZAR,,11,TAUNT
967,CYCLIZAR,,14,BREAKING_SWIPE
967,CYCLIZAR,,18,QUICK_ATTACK
967,CYCLIZAR,,23,BITE
967,CYCLIZAR,,27,U_TURN
967,CYCLIZAR,,31,SHED_TAIL
967,CYCLIZAR,,36,DRAGON_CLAW
967,CYCLIZAR,,40,SHIFT_GEAR
967,CYCLIZAR,,45,DRAGON_PULSE
967,CYCLIZAR,,51,DOUBLE_EDGE
967,CYCLIZAR,,57,DRAGON_RUSH
968,ORTHWORM,,1,TACKLE
968,ORTHWORM,,1,WRAP
968,ORTHWORM,,1,HARDEN
968,ORTHWORM,,7,MUD_SLAP
968,ORTHWORM,,12,SMACK_DOWN
968,ORTHWORM,,16,BULLDOZE
968,ORTHWORM,,21,IRON_HEAD
968,ORTHWORM,,26,TAKE_DOWN
968,ORTHWORM,,30,DIG
968,ORTHWORM,,34,SANDSTORM
968,ORTHWORM,,38,IRON_DEFENSE
968,ORTHWORM,,43,IRON_TAIL
968,ORTHWORM,,47,EARTHQUAKE
968,ORTHWORM,,52,SHED_TAIL
969,GLIMMET,,1,ROCK_THROW
969,GLIMMET,,1,HARDEN
969,GLIMMET,,1,SMACK_DOWN
969,GLIMMET,,7,ACID_SPRAY
969,GLIMMET,,11,ANCIENT_POWER
969,GLIMMET,,15,ROCK_POLISH
969,GLIMMET,,18,STEALTH_ROCK
969,GLIMMET,,22,VENOSHOCK
969,GLIMMET,,26,SANDSTORM
969,GLIMMET,,29,SELF_DESTRUCT
969,GLIMMET,,33,ROCK_SLIDE
969,GLIMMET,,37,POWER_GEM
969,GLIMMET,,41,ACID_ARMOR
969,GLIMMET,,46,SLUDGE_WAVE
970,GLIMMORA,,EVOLVE_MOVE,MORTAL_SPIN
970,GLIMMORA,,1,ROCK_THROW
970,GLIMMORA,,1,HARDEN
970,GLIMMORA,,1,TOXIC_SPIKES
970,GLIMMORA,,1,SMACK_DOWN
970,GLIMMORA,,1,SPIKY_SHIELD
970,GLIMMORA,,7,ACID_SPRAY
970,GLIMMORA,,11,ANCIENT_POWER
970,GLIMMORA,,15,ROCK_POLISH
970,GLIMMORA,,18,STEALTH_ROCK
970,GLIMMORA,,22,VENOSHOCK
970,GLIMMORA,,26,SANDSTORM
970,GLIMMORA,,29,SELF_DESTRUCT
970,GLIMMORA,,33,ROCK_SLIDE
970,GLIMMORA,,39,POWER_GEM
970,GLIMMORA,,44,ACID_ARMOR
970,GLIMMORA,,50,SLUDGE_WAVE
971,GREAVARD,,1,TACKLE
971,GREAVARD,,1,GROWL
971,GREAVARD,,3,LICK
971,GREAVARD,,6,TAIL_WHIP
971,GREAVARD,,6,BITE
971,GREAVARD,,9,ROAR
971,GREAVARD,,12,HEADBUTT
971,GREAVARD,,16,DIG
971,GREAVARD,,24,REST
971,GREAVARD,,28,CRUNCH
971,GREAVARD,,32,PLAY_ROUGH
971,GREAVARD,,37,HELPING_HAND
971,GREAVARD,,41,PHANTOM_FORCE
971,GREAVARD,,46,CHARM
971,GREAVARD,,52,DOUBLE_EDGE
972,HOUNDSTONE,,EVOLVE_MOVE,LAST_RESPECTS
972,HOUNDSTONE,,1,TACKLE
972,HOUNDSTONE,,1,GROWL
972,HOUNDSTONE,,3,LICK
972,HOUNDSTONE,,6,TAIL_WHIP
972,HOUNDSTONE,,6,BITE
972,HOUNDSTONE,,9,ROAR
972,HOUNDSTONE,,12,HEADBUTT
972,HOUNDSTONE,,16,DIG
972,HOUNDSTONE,,24,REST
972,HOUNDSTONE,,28,CRUNCH
972,HOUNDSTONE,,36,PLAY_ROUGH
972,HOUNDSTONE,,41,HELPING_HAND
972,HOUNDSTONE,,46,PHANTOM_FORCE
972,HOUNDSTONE,,51,CHARM
972,HOUNDSTONE,,58,DOUBLE_EDGE
973,FLAMIGO,,1,PECK
973,FLAMIGO,,1,COPYCAT
973,FLAMIGO,,5,DOUBLE_KICK
973,FLAMIGO,,9,DETECT
973,FLAMIGO,,12,WING_ATTACK
973,FLAMIGO,,15,FOCUS_ENERGY
973,FLAMIGO,,18,LOW_KICK
973,FLAMIGO,,21,FEINT
973,FLAMIGO,,27,PAYBACK
973,FLAMIGO,,31,ROOST
973,FLAMIGO,,35,AIR_SLASH
973,FLAMIGO,,39,MEGA_KICK
973,FLAMIGO,,44,WIDE_GUARD
973,FLAMIGO,,48,THROAT_CHOP
973,FLAMIGO,,54,BRAVE_BIRD
974,CETODDLE,,1,TACKLE
974,CETODDLE,,1,POWDER_SNOW
974,CETODDLE,,6,GROWL
974,CETODDLE,,9,ECHOED_VOICE
974,CETODDLE,,12,ICE_SHARD
974,CETODDLE,,15,REST
974,CETODDLE,,19,TAKE_DOWN
974,CETODDLE,,25,FLAIL
974,CETODDLE,,27,AVALANCHE
974,CETODDLE,,31,BOUNCE
974,CETODDLE,,36,BODY_SLAM
974,CETODDLE,,40,AMNESIA
974,CETODDLE,,44,ICE_SPINNER
974,CETODDLE,,49,DOUBLE_EDGE
974,CETODDLE,,53,BLIZZARD
975,CETITAN,,1,TACKLE
975,CETITAN,,1,POWDER_SNOW
975,CETITAN,,6,GROWL
975,CETITAN,,9,ECHOED_VOICE
975,CETITAN,,12,ICE_SHARD
975,CETITAN,,15,REST
975,CETITAN,,19,TAKE_DOWN
975,CETITAN,,25,FLAIL
975,CETITAN,,27,AVALANCHE
975,CETITAN,,31,BOUNCE
975,CETITAN,,36,BODY_SLAM
975,CETITAN,,40,AMNESIA
975,CETITAN,,44,ICE_SPINNER
975,CETITAN,,49,DOUBLE_EDGE
975,CETITAN,,53,BLIZZARD
976,VELUZA,,1,TACKLE
976,VELUZA,,1,AQUA_JET
976,VELUZA,,7,PLUCK
976,VELUZA,,11,WATER_PULSE
976,VELUZA,,15,FOCUS_ENERGY
976,VELUZA,,20,SLASH
976,VELUZA,,25,AQUA_CUTTER
976,VELUZA,,30,FILLET_AWAY
976,VELUZA,,35,NIGHT_SLASH
976,VELUZA,,40,PSYCHO_CUT
976,VELUZA,,45,LIQUIDATION
976,VELUZA,,50,CRUNCH
976,VELUZA,,55,FINAL_GAMBIT
977,DONDOZO,,1,TACKLE
977,DONDOZO,,1,SUPERSONIC
977,DONDOZO,,1,WATER_GUN
977,DONDOZO,,5,TICKLE
977,DONDOZO,,10,FLAIL
977,DONDOZO,,15,REST
977,DONDOZO,,15,SLEEP_TALK
977,DONDOZO,,20,DIVE
977,DONDOZO,,25,NOBLE_ROAR
977,DONDOZO,,30,SOAK
977,DONDOZO,,35,BODY_SLAM
977,DONDOZO,,40,AQUA_TAIL
977,DONDOZO,,45,RAIN_DANCE
977,DONDOZO,,50,ORDER_UP
977,DONDOZO,,55,HEAVY_SLAM
977,DONDOZO,,60,DOUBLE_EDGE
977,DONDOZO,,65,WAVE_CRASH
978,TATSUGIRI,,1,WATER_GUN
978,TATSUGIRI,,1,SPLASH
978,TATSUGIRI,,6,HARDEN
978,TATSUGIRI,,12,HELPING_HAND
978,TATSUGIRI,,17,WATER_PULSE
978,TATSUGIRI,,23,SOAK
978,TATSUGIRI,,28,TAUNT
978,TATSUGIRI,,34,MEMENTO
978,TATSUGIRI,,39,MUDDY_WATER
978,TATSUGIRI,,43,NASTY_PLOT
978,TATSUGIRI,,47,MIRROR_COAT
978,TATSUGIRI,,52,DRAGON_PULSE
979,ANNIHILAPE,,EVOLVE_MOVE,SHADOW_PUNCH
979,ANNIHILAPE,,1,SCRATCH
979,ANNIHILAPE,,1,LEER
979,ANNIHILAPE,,1,COUNTER
979,ANNIHILAPE,,1,FOCUS_ENERGY
979,ANNIHILAPE,,1,COVET
979,ANNIHILAPE,,1,FLING
979,ANNIHILAPE,,5,FURY_SWIPES
979,ANNIHILAPE,,8,LOW_KICK
979,ANNIHILAPE,,12,SEISMIC_TOSS
979,ANNIHILAPE,,17,SWAGGER
979,ANNIHILAPE,,22,CROSS_CHOP
979,ANNIHILAPE,,26,ASSURANCE
979,ANNIHILAPE,,30,THRASH
979,ANNIHILAPE,,35,RAGE_FIST
979,ANNIHILAPE,,39,CLOSE_COMBAT
979,ANNIHILAPE,,44,SCREECH
979,ANNIHILAPE,,48,STOMPING_TANTRUM
979,ANNIHILAPE,,53,OUTRAGE
979,ANNIHILAPE,,57,FINAL_GAMBIT
980,CLODSIRE,,EVOLVE_MOVE,AMNESIA
980,CLODSIRE,,1,TACKLE
980,CLODSIRE,,1,TAIL_WHIP
980,CLODSIRE,,1,POISON_STING
980,CLODSIRE,,4,TOXIC_SPIKES
980,CLODSIRE,,8,MUD_SHOT
980,CLODSIRE,,12,POISON_TAIL
980,CLODSIRE,,16,SLAM
980,CLODSIRE,,21,YAWN
980,CLODSIRE,,24,POISON_JAB
980,CLODSIRE,,30,SLUDGE_WAVE
980,CLODSIRE,,36,MEGAHORN
980,CLODSIRE,,40,TOXIC
980,CLODSIRE,,48,EARTHQUAKE
981,FARIGIRAF,,1,TACKLE
981,FARIGIRAF,,1,GROWL
981,FARIGIRAF,,1,ASTONISH
981,FARIGIRAF,,1,POWER_SWAP
981,FARIGIRAF,,1,GUARD_SWAP
981,FARIGIRAF,,5,CONFUSION
981,FARIGIRAF,,10,ASSURANCE
981,FARIGIRAF,,14,STOMP
981,FARIGIRAF,,19,PSYBEAM
981,FARIGIRAF,,23,AGILITY
981,FARIGIRAF,,28,DOUBLE_HIT
981,FARIGIRAF,,32,TWIN_BEAM
981,FARIGIRAF,,37,CRUNCH
981,FARIGIRAF,,41,BATON_PASS
981,FARIGIRAF,,46,NASTY_PLOT
981,FARIGIRAF,,50,PSYCHIC
982,DUDUNSPARCE,,1,DEFENSE_CURL
982,DUDUNSPARCE,,1,FLAIL
982,DUDUNSPARCE,,1,TACKLE
982,DUDUNSPARCE,,4,MUD_SLAP
982,DUDUNSPARCE,,8,ROLLOUT
982,DUDUNSPARCE,,12,GLARE
982,DUDUNSPARCE,,16,SCREECH
982,DUDUNSPARCE,,20,ANCIENT_POWER
982,DUDUNSPARCE,,24,DRILL_RUN
982,DUDUNSPARCE,,28,YAWN
982,DUDUNSPARCE,,32,HYPER_DRILL
982,DUDUNSPARCE,,36,ROOST
982,DUDUNSPARCE,,40,DRAGON_RUSH
982,DUDUNSPARCE,,44,COIL
982,DUDUNSPARCE,,48,DOUBLE_EDGE
982,DUDUNSPARCE,,52,ENDEAVOR
982,DUDUNSPARCE,,56,HURRICANE
982,DUDUNSPARCE,,62,BOOMBURST
983,KINGAMBIT,,EVOLVE_MOVE,KOWTOW_CLEAVE
983,KINGAMBIT,,1,SCRATCH
983,KINGAMBIT,,1,LEER
983,KINGAMBIT,,1,FURY_CUTTER
983,KINGAMBIT,,1,METAL_CLAW
983,KINGAMBIT,,1,METAL_BURST
983,KINGAMBIT,,15,TORMENT
983,KINGAMBIT,,20,SCARY_FACE
983,KINGAMBIT,,25,ASSURANCE
983,KINGAMBIT,,30,METAL_SOUND
983,KINGAMBIT,,35,SLASH
983,KINGAMBIT,,40,NIGHT_SLASH
983,KINGAMBIT,,45,IRON_DEFENSE
983,KINGAMBIT,,50,RETALIATE
983,KINGAMBIT,,57,IRON_HEAD
983,KINGAMBIT,,64,SWORDS_DANCE
983,KINGAMBIT,,71,GUILLOTINE
984,GREAT_TUSK,,1,HORN_ATTACK
984,GREAT_TUSK,,1,DEFENSE_CURL
984,GREAT_TUSK,,1,ROLLOUT
984,GREAT_TUSK,,1,SUNNY_DAY
984,GREAT_TUSK,,7,BULLDOZE
984,GREAT_TUSK,,14,TAUNT
984,GREAT_TUSK,,21,RAPID_SPIN
984,GREAT_TUSK,,28,BRICK_BREAK
984,GREAT_TUSK,,35,STOMPING_TANTRUM
984,GREAT_TUSK,,42,KNOCK_OFF
984,GREAT_TUSK,,49,EARTHQUAKE
984,GREAT_TUSK,,56,GIGA_IMPACT
984,GREAT_TUSK,,63,CLOSE_COMBAT
984,GREAT_TUSK,,70,ENDEAVOR
984,GREAT_TUSK,,77,MEGAHORN
984,GREAT_TUSK,,84,HEAD_SMASH
984,GREAT_TUSK,,91,HEADLONG_RUSH
985,SCREAM_TAIL,,RELEARN_MOVE,SUNNY_DAY
985,SCREAM_TAIL,,1,POUND
985,SCREAM_TAIL,,1,SING
985,SCREAM_TAIL,,1,DISABLE
985,SCREAM_TAIL,,7,HOWL
985,SCREAM_TAIL,,14,NOBLE_ROAR
985,SCREAM_TAIL,,21,BITE
985,SCREAM_TAIL,,28,BODY_SLAM
985,SCREAM_TAIL,,35,REST
985,SCREAM_TAIL,,42,PLAY_ROUGH
985,SCREAM_TAIL,,49,HYPER_VOICE
985,SCREAM_TAIL,,56,PSYCHIC_FANGS
985,SCREAM_TAIL,,63,CRUNCH
985,SCREAM_TAIL,,70,WISH
985,SCREAM_TAIL,,77,GYRO_BALL
985,SCREAM_TAIL,,84,PERISH_SONG
985,SCREAM_TAIL,,91,BOOMBURST
986,BRUTE_BONNET,,RELEARN_MOVE,SUNNY_DAY
986,BRUTE_BONNET,,1,ABSORB
986,BRUTE_BONNET,,1,GROWTH
986,BRUTE_BONNET,,1,ASTONISH
986,BRUTE_BONNET,,7,STUN_SPORE
986,BRUTE_BONNET,,14,MEGA_DRAIN
986,BRUTE_BONNET,,21,SYNTHESIS
986,BRUTE_BONNET,,28,CLEAR_SMOG
986,BRUTE_BONNET,,35,PAYBACK
986,BRUTE_BONNET,,42,THRASH
986,BRUTE_BONNET,,49,GIGA_DRAIN
986,BRUTE_BONNET,,56,SUCKER_PUNCH
986,BRUTE_BONNET,,63,SPORE
986,BRUTE_BONNET,,70,INGRAIN
986,BRUTE_BONNET,,77,RAGE_POWDER
986,BRUTE_BONNET,,91,SOLAR_BEAM
987,FLUTTER_MANE,,RELEARN_MOVE,SUNNY_DAY
987,FLUTTER_MANE,,1,CONFUSE_RAY
987,FLUTTER_MANE,,1,SPITE
987,FLUTTER_MANE,,1,ASTONISH
987,FLUTTER_MANE,,1,PSYBEAM
987,FLUTTER_MANE,,14,MEAN_LOOK
987,FLUTTER_MANE,,21,MEMENTO
987,FLUTTER_MANE,,28,WISH
987,FLUTTER_MANE,,35,DAZZLING_GLEAM
987,FLUTTER_MANE,,42,SHADOW_BALL
987,FLUTTER_MANE,,49,MYSTICAL_FIRE
987,FLUTTER_MANE,,56,POWER_GEM
987,FLUTTER_MANE,,63,PSYSHOCK
987,FLUTTER_MANE,,70,PHANTOM_FORCE
987,FLUTTER_MANE,,77,PAIN_SPLIT
987,FLUTTER_MANE,,84,MOONBLAST
987,FLUTTER_MANE,,91,PERISH_SONG
988,SLITHER_WING,,RELEARN_MOVE,SUNNY_DAY
988,SLITHER_WING,,1,GUST
988,SLITHER_WING,,1,EMBER
988,SLITHER_WING,,1,BUG_BITE
988,SLITHER_WING,,7,POISON_POWDER
988,SLITHER_WING,,7,STUN_SPORE
988,SLITHER_WING,,14,FLAME_CHARGE
988,SLITHER_WING,,21,STOMP
988,SLITHER_WING,,28,LOW_SWEEP
988,SLITHER_WING,,35,MORNING_SUN
988,SLITHER_WING,,42,LUNGE
988,SLITHER_WING,,49,SUPERPOWER
988,SLITHER_WING,,56,BULK_UP
988,SLITHER_WING,,63,DUAL_WINGBEAT
988,SLITHER_WING,,70,FIRST_IMPRESSION
988,SLITHER_WING,,77,WHIRLWIND
988,SLITHER_WING,,84,LEECH_LIFE
988,SLITHER_WING,,91,THRASH
989,SANDY_SHOCKS,,RELEARN_MOVE,SUNNY_DAY
989,SANDY_SHOCKS,,1,SUPERSONIC
989,SANDY_SHOCKS,,1,THUNDER_SHOCK
989,SANDY_SHOCKS,,1,THUNDER_WAVE
989,SANDY_SHOCKS,,1,ELECTRIC_TERRAIN
989,SANDY_SHOCKS,,7,SPARK
989,SANDY_SHOCKS,,14,BULLDOZE
989,SANDY_SHOCKS,,21,CHARGE_BEAM
989,SANDY_SHOCKS,,28,TRI_ATTACK
989,SANDY_SHOCKS,,35,SCREECH
989,SANDY_SHOCKS,,42,HEAVY_SLAM
989,SANDY_SHOCKS,,49,METAL_SOUND
989,SANDY_SHOCKS,,56,DISCHARGE
989,SANDY_SHOCKS,,63,EARTH_POWER
989,SANDY_SHOCKS,,70,MIRROR_COAT
989,SANDY_SHOCKS,,77,GRAVITY
989,SANDY_SHOCKS,,84,ZAP_CANNON
989,SANDY_SHOCKS,,91,MAGNETIC_FLUX
990,IRON_TREADS,,1,HORN_ATTACK
990,IRON_TREADS,,1,DEFENSE_CURL
990,IRON_TREADS,,1,ROLLOUT
990,IRON_TREADS,,1,ELECTRIC_TERRAIN
990,IRON_TREADS,,7,BULLDOZE
990,IRON_TREADS,,21,RAPID_SPIN
990,IRON_TREADS,,28,IRON_HEAD
990,IRON_TREADS,,35,STOMPING_TANTRUM
990,IRON_TREADS,,42,KNOCK_OFF
990,IRON_TREADS,,49,EARTHQUAKE
990,IRON_TREADS,,56,HEAVY_SLAM
990,IRON_TREADS,,63,WILD_CHARGE
990,IRON_TREADS,,70,ENDEAVOR
990,IRON_TREADS,,77,MEGAHORN
990,IRON_TREADS,,84,GIGA_IMPACT
990,IRON_TREADS,,91,STEEL_ROLLER
991,IRON_BUNDLE,,RELEARN_MOVE,ELECTRIC_TERRAIN
991,IRON_BUNDLE,,1,PRESENT
991,IRON_BUNDLE,,1,WATER_GUN
991,IRON_BUNDLE,,7,POWDER_SNOW
991,IRON_BUNDLE,,14,WHIRLPOOL
991,IRON_BUNDLE,,21,TAKE_DOWN
991,IRON_BUNDLE,,28,DRILL_PECK
991,IRON_BUNDLE,,35,HELPING_HAND
991,IRON_BUNDLE,,42,FREEZE_DRY
991,IRON_BUNDLE,,49,FLIP_TURN
991,IRON_BUNDLE,,56,ICE_BEAM
991,IRON_BUNDLE,,63,AGILITY
991,IRON_BUNDLE,,70,SNOWSCAPE
991,IRON_BUNDLE,,77,HYDRO_PUMP
991,IRON_BUNDLE,,84,AURORA_VEIL
991,IRON_BUNDLE,,91,BLIZZARD
992,IRON_HANDS,,RELEARN_MOVE,ELECTRIC_TERRAIN
992,IRON_HANDS,,1,SAND_ATTACK
992,IRON_HANDS,,1,TACKLE
992,IRON_HANDS,,1,FOCUS_ENERGY
992,IRON_HANDS,,1,ARM_THRUST
992,IRON_HANDS,,7,FAKE_OUT
992,IRON_HANDS,,14,WHIRLWIND
992,IRON_HANDS,,21,THUNDER_PUNCH
992,IRON_HANDS,,28,SLAM
992,IRON_HANDS,,35,FORCE_PALM
992,IRON_HANDS,,42,SEISMIC_TOSS
992,IRON_HANDS,,49,CHARGE
992,IRON_HANDS,,56,WILD_CHARGE
992,IRON_HANDS,,63,CLOSE_COMBAT
992,IRON_HANDS,,70,DETECT
992,IRON_HANDS,,77,HEAVY_SLAM
992,IRON_HANDS,,84,BELLY_DRUM
992,IRON_HANDS,,91,FOCUS_PUNCH
993,IRON_JUGULIS,,RELEARN_MOVE,ELECTRIC_TERRAIN
993,IRON_JUGULIS,,1,FOCUS_ENERGY
993,IRON_JUGULIS,,1,TRI_ATTACK
993,IRON_JUGULIS,,1,AIR_CUTTER
993,IRON_JUGULIS,,1,WORK_UP
993,IRON_JUGULIS,,1,ELECTRIC_TERRAIN
993,IRON_JUGULIS,,7,ROAR
993,IRON_JUGULIS,,14,ASSURANCE
993,IRON_JUGULIS,,21,DRAGON_BREATH
993,IRON_JUGULIS,,28,SNARL
993,IRON_JUGULIS,,35,CRUNCH
993,IRON_JUGULIS,,42,HYPER_VOICE
993,IRON_JUGULIS,,56,AIR_SLASH
993,IRON_JUGULIS,,63,KNOCK_OFF
993,IRON_JUGULIS,,70,DARK_PULSE
993,IRON_JUGULIS,,77,OUTRAGE
993,IRON_JUGULIS,,84,DRAGON_PULSE
993,IRON_JUGULIS,,91,HYPER_BEAM
994,IRON_MOTH,,RELEARN_MOVE,ELECTRIC_TERRAIN
994,IRON_MOTH,,1,GUST
994,IRON_MOTH,,1,WHIRLWIND
994,IRON_MOTH,,1,EMBER
994,IRON_MOTH,,1,ACID_SPRAY
994,IRON_MOTH,,7,STRUGGLE_BUG
994,IRON_MOTH,,14,FIRE_SPIN
994,IRON_MOTH,,21,TAKE_DOWN
994,IRON_MOTH,,28,LUNGE
994,IRON_MOTH,,35,SCREECH
994,IRON_MOTH,,42,DISCHARGE
994,IRON_MOTH,,49,SLUDGE_WAVE
994,IRON_MOTH,,56,FIERY_DANCE
994,IRON_MOTH,,63,METAL_SOUND
994,IRON_MOTH,,70,MORNING_SUN
994,IRON_MOTH,,77,HURRICANE
994,IRON_MOTH,,84,BUG_BUZZ
994,IRON_MOTH,,91,OVERHEAT
995,IRON_THORNS,,RELEARN_MOVE,ELECTRIC_TERRAIN
995,IRON_THORNS,,1,ROCK_THROW
995,IRON_THORNS,,1,IRON_DEFENSE
995,IRON_THORNS,,1,THUNDER_FANG
995,IRON_THORNS,,1,ICE_FANG
995,IRON_THORNS,,1,FIRE_FANG
995,IRON_THORNS,,7,SCREECH
995,IRON_THORNS,,21,ROCK_TOMB
995,IRON_THORNS,,28,BITE
995,IRON_THORNS,,35,CHARGE
995,IRON_THORNS,,42,ROCK_SLIDE
995,IRON_THORNS,,49,SANDSTORM
995,IRON_THORNS,,56,WILD_CHARGE
995,IRON_THORNS,,63,PIN_MISSILE
995,IRON_THORNS,,70,EARTHQUAKE
995,IRON_THORNS,,77,STEALTH_ROCK
995,IRON_THORNS,,84,STONE_EDGE
995,IRON_THORNS,,91,GIGA_IMPACT
996,FRIGIBAX,,1,TACKLE
996,FRIGIBAX,,1,LEER
996,FRIGIBAX,,1,DRAGON_TAIL
996,FRIGIBAX,,6,ICY_WIND
996,FRIGIBAX,,12,DRAGON_BREATH
996,FRIGIBAX,,18,FOCUS_ENERGY
996,FRIGIBAX,,24,BITE
996,FRIGIBAX,,29,ICE_FANG
996,FRIGIBAX,,32,DRAGON_CLAW
996,FRIGIBAX,,36,TAKE_DOWN
996,FRIGIBAX,,40,ICE_BEAM
996,FRIGIBAX,,44,CRUNCH
996,FRIGIBAX,,48,ICICLE_CRASH
997,ARCTIBAX,,1,TACKLE
997,ARCTIBAX,,1,LEER
997,ARCTIBAX,,1,DRAGON_TAIL
997,ARCTIBAX,,6,ICY_WIND
997,ARCTIBAX,,12,DRAGON_BREATH
997,ARCTIBAX,,18,FOCUS_ENERGY
997,ARCTIBAX,,24,BITE
997,ARCTIBAX,,29,ICE_FANG
997,ARCTIBAX,,32,DRAGON_CLAW
997,ARCTIBAX,,40,TAKE_DOWN
997,ARCTIBAX,,45,ICE_BEAM
997,ARCTIBAX,,50,CRUNCH
997,ARCTIBAX,,55,ICICLE_CRASH
998,BAXCALIBUR,,EVOLVE_MOVE,GLAIVE_RUSH
998,BAXCALIBUR,,1,TACKLE
998,BAXCALIBUR,,1,LEER
998,BAXCALIBUR,,1,ICE_SHARD
998,BAXCALIBUR,,1,DRAGON_TAIL
998,BAXCALIBUR,,1,BREAKING_SWIPE
998,BAXCALIBUR,,1,SNOWSCAPE
998,BAXCALIBUR,,6,ICY_WIND
998,BAXCALIBUR,,12,DRAGON_BREATH
998,BAXCALIBUR,,18,FOCUS_ENERGY
998,BAXCALIBUR,,24,BITE
998,BAXCALIBUR,,29,ICE_FANG
998,BAXCALIBUR,,35,DRAGON_CLAW
998,BAXCALIBUR,,42,TAKE_DOWN
998,BAXCALIBUR,,48,ICE_BEAM
998,BAXCALIBUR,,55,CRUNCH
998,BAXCALIBUR,,62,ICICLE_CRASH
999,GIMMIGHOUL,,1,TACKLE
999,GIMMIGHOUL,,1,ASTONISH
1000,GHOLDENGO,,1,TACKLE
1000,GHOLDENGO,,1,ASTONISH
1000,GHOLDENGO,,7,NIGHT_SHADE
1000,GHOLDENGO,,14,CONFUSE_RAY
1000,GHOLDENGO,,21,SUBSTITUTE
1000,GHOLDENGO,,28,METAL_SOUND
1000,GHOLDENGO,,35,SHADOW_BALL
1000,GHOLDENGO,,42,RECOVER
1000,GHOLDENGO,,49,POWER_GEM
1000,GHOLDENGO,,56,MAKE_IT_RAIN
1000,GHOLDENGO,,63,NASTY_PLOT
1000,GHOLDENGO,,70,MEMENTO
1001,WO_CHIEN,,1,ABSORB
1001,WO_CHIEN,,1,SPITE
1001,WO_CHIEN,,1,MEAN_LOOK
1001,WO_CHIEN,,5,TICKLE
1001,WO_CHIEN,,10,PAYBACK
1001,WO_CHIEN,,15,POISON_POWDER
1001,WO_CHIEN,,15,STUN_SPORE
1001,WO_CHIEN,,20,MEGA_DRAIN
1001,WO_CHIEN,,25,LEECH_SEED
1001,WO_CHIEN,,30,GROWTH
1001,WO_CHIEN,,35,INGRAIN
1001,WO_CHIEN,,40,DARK_PULSE
1001,WO_CHIEN,,45,GIGA_DRAIN
1001,WO_CHIEN,,50,RUINATION
1001,WO_CHIEN,,55,FOUL_PLAY
1001,WO_CHIEN,,60,POWER_WHIP
1001,WO_CHIEN,,65,GRASSY_TERRAIN
1001,WO_CHIEN,,70,KNOCK_OFF
1001,WO_CHIEN,,75,LEAF_STORM
1002,CHIEN_PAO,,1,SPITE
1002,CHIEN_PAO,,1,POWDER_SNOW
1002,CHIEN_PAO,,1,MEAN_LOOK
1002,CHIEN_PAO,,5,ICY_WIND
1002,CHIEN_PAO,,10,PAYBACK
1002,CHIEN_PAO,,15,MIST
1002,CHIEN_PAO,,15,HAZE
1002,CHIEN_PAO,,20,ICE_SHARD
1002,CHIEN_PAO,,25,SWORDS_DANCE
1002,CHIEN_PAO,,30,SNOWSCAPE
1002,CHIEN_PAO,,35,NIGHT_SLASH
1002,CHIEN_PAO,,40,DARK_PULSE
1002,CHIEN_PAO,,45,ICICLE_CRASH
1002,CHIEN_PAO,,50,RUINATION
1002,CHIEN_PAO,,55,SUCKER_PUNCH
1002,CHIEN_PAO,,60,SACRED_SWORD
1002,CHIEN_PAO,,65,RECOVER
1002,CHIEN_PAO,,70,THROAT_CHOP
1002,CHIEN_PAO,,75,SHEER_COLD
1003,TING_LU,,1,SPITE
1003,TING_LU,,1,MEAN_LOOK
1003,TING_LU,,1,SAND_TOMB
1003,TING_LU,,5,SPIKES
1003,TING_LU,,10,PAYBACK
1003,TING_LU,,15,STOMP
1003,TING_LU,,20,BULLDOZE
1003,TING_LU,,25,WHIRLWIND
1003,TING_LU,,30,TAUNT
1003,TING_LU,,35,THRASH
1003,TING_LU,,40,DARK_PULSE
1003,TING_LU,,45,STOMPING_TANTRUM
1003,TING_LU,,50,RUINATION
1003,TING_LU,,55,THROAT_CHOP
1003,TING_LU,,60,ROCK_SLIDE
1003,TING_LU,,65,MEMENTO
1003,TING_LU,,70,EARTHQUAKE
1003,TING_LU,,75,FISSURE
1004,CHI_YU,,1,EMBER
1004,CHI_YU,,1,SPITE
1004,CHI_YU,,1,MEAN_LOOK
1004,CHI_YU,,5,FLAME_WHEEL
1004,CHI_YU,,10,PAYBACK
1004,CHI_YU,,15,WILL_O_WISP
1004,CHI_YU,,20,FLAME_CHARGE
1004,CHI_YU,,25,INCINERATE
1004,CHI_YU,,30,CONFUSE_RAY
1004,CHI_YU,,35,NASTY_PLOT
1004,CHI_YU,,40,DARK_PULSE
1004,CHI_YU,,45,LAVA_PLUME
1004,CHI_YU,,50,RUINATION
1004,CHI_YU,,55,BOUNCE
1004,CHI_YU,,60,SWAGGER
1004,CHI_YU,,65,INFERNO
1004,CHI_YU,,70,MEMENTO
1004,CHI_YU,,75,OVERHEAT
1005,ROARING_MOON,,RELEARN_MOVE,SUNNY_DAY
1005,ROARING_MOON,,RELEARN_MOVE,JAW_LOCK
1005,ROARING_MOON,,RELEARN_MOVE,BREAKING_SWIPE
1005,ROARING_MOON,,RELEARN_MOVE,SCALE_SHOT
1005,ROARING_MOON,,1,LEER
1005,ROARING_MOON,,1,BITE
1005,ROARING_MOON,,1,FOCUS_ENERGY
1005,ROARING_MOON,,1,DRAGON_BREATH
1005,ROARING_MOON,,7,INCINERATE
1005,ROARING_MOON,,14,HEADBUTT
1005,ROARING_MOON,,21,SCARY_FACE
1005,ROARING_MOON,,28,DRAGON_CLAW
1005,ROARING_MOON,,35,ZEN_HEADBUTT
1005,ROARING_MOON,,42,FLAMETHROWER
1005,ROARING_MOON,,49,NIGHT_SLASH
1005,ROARING_MOON,,56,DRAGON_DANCE
1005,ROARING_MOON,,63,DRAGON_RUSH
1005,ROARING_MOON,,70,FLY
1005,ROARING_MOON,,77,THROAT_CHOP
1005,ROARING_MOON,,84,ROOST
1005,ROARING_MOON,,91,DOUBLE_EDGE
1006,IRON_VALIANT,,RELEARN_MOVE,ELECTRIC_TERRAIN
1006,IRON_VALIANT,,1,DISABLE
1006,IRON_VALIANT,,1,DOUBLE_TEAM
1006,IRON_VALIANT,,1,FURY_CUTTER
1006,IRON_VALIANT,,1,SHADOW_SNEAK
1006,IRON_VALIANT,,7,HYPNOSIS
1006,IRON_VALIANT,,14,FEINT
1006,IRON_VALIANT,,21,FUTURE_SIGHT
1006,IRON_VALIANT,,28,DAZZLING_GLEAM
1006,IRON_VALIANT,,35,PSYCHO_CUT
1006,IRON_VALIANT,,42,NIGHT_SLASH
1006,IRON_VALIANT,,49,LEAF_BLADE
1006,IRON_VALIANT,,56,MOONBLAST
1006,IRON_VALIANT,,63,CLOSE_COMBAT
1006,IRON_VALIANT,,70,KNOCK_OFF
1006,IRON_VALIANT,,77,DESTINY_BOND
1006,IRON_VALIANT,,84,WIDE_GUARD
1006,IRON_VALIANT,,84,QUICK_GUARD
1006,IRON_VALIANT,,91,SPIRIT_BREAK
1007,KORAIDON,,1,SUNNY_DAY
1007,KORAIDON,,1,BREAKING_SWIPE
1007,KORAIDON,,7,ROCK_SMASH
1007,KORAIDON,,14,ANCIENT_POWER
1007,KORAIDON,,21,DRAIN_PUNCH
1007,KORAIDON,,28,BRICK_BREAK
1007,KORAIDON,,35,AGILITY
1007,KORAIDON,,42,DRAGON_CLAW
1007,KORAIDON,,49,FLAMETHROWER
1007,KORAIDON,,56,COLLISION_COURSE
1007,KORAIDON,,63,SCREECH
1007,KORAIDON,,70,COUNTER
1007,KORAIDON,,77,OUTRAGE
1007,KORAIDON,,84,CLOSE_COMBAT
1007,KORAIDON,,91,FLARE_BLITZ
1007,KORAIDON,,98,GIGA_IMPACT
1008,MIRAIDON,,1,THUNDER_SHOCK
1008,MIRAIDON,,1,DRAGON_BREATH
1008,MIRAIDON,,1,ELECTRIC_TERRAIN
1008,MIRAIDON,,7,SHOCK_WAVE
1008,MIRAIDON,,14,CHARGE
1008,MIRAIDON,,21,PARABOLIC_CHARGE
1008,MIRAIDON,,28,DISCHARGE
1008,MIRAIDON,,35,AGILITY
1008,MIRAIDON,,42,DRAGON_PULSE
1008,MIRAIDON,,56,ELECTRO_DRIFT
1008,MIRAIDON,,63,METAL_SOUND
1008,MIRAIDON,,70,MIRROR_COAT
1008,MIRAIDON,,77,OUTRAGE
1008,MIRAIDON,,84,THUNDER
1008,MIRAIDON,,91,OVERHEAT
1008,MIRAIDON,,98,HYPER_BEAM
1009,WALKING_WAKE,,RELEARN_MOVE,SUNNY_DAY
1009,WALKING_WAKE,,RELEARN_MOVE,HONE_CLAWS
1009,WALKING_WAKE,,1,LEER
1009,WALKING_WAKE,,1,ROAR
1009,WALKING_WAKE,,1,TWISTER
1009,WALKING_WAKE,,1,AQUA_JET
1009,WALKING_WAKE,,7,BITE
1009,WALKING_WAKE,,14,WATER_PULSE
1009,WALKING_WAKE,,21,NOBLE_ROAR
1009,WALKING_WAKE,,28,DRAGON_BREATH
1009,WALKING_WAKE,,35,BREAKING_SWIPE
1009,WALKING_WAKE,,42,DRAGON_RUSH
1009,WALKING_WAKE,,56,HYDRO_STEAM
1009,WALKING_WAKE,,63,DRAGON_PULSE
1009,WALKING_WAKE,,70,OUTRAGE
1009,WALKING_WAKE,,77,FLAMETHROWER
1009,WALKING_WAKE,,84,HYDRO_PUMP
1010,IRON_LEAVES,,RELEARN_MOVE,ELECTRIC_TERRAIN
1010,IRON_LEAVES,,RELEARN_MOVE,QUASH
1010,IRON_LEAVES,,1,LEER
1010,IRON_LEAVES,,1,QUICK_ATTACK
1010,IRON_LEAVES,,1,HELPING_HAND
1010,IRON_LEAVES,,1,WORK_UP
1010,IRON_LEAVES,,7,MAGICAL_LEAF
1010,IRON_LEAVES,,14,RETALIATE
1010,IRON_LEAVES,,21,QUICK_GUARD
1010,IRON_LEAVES,,28,NIGHT_SLASH
1010,IRON_LEAVES,,35,SWORDS_DANCE
1010,IRON_LEAVES,,42,SACRED_SWORD
1010,IRON_LEAVES,,49,LEAF_BLADE
1010,IRON_LEAVES,,56,PSYBLADE
1010,IRON_LEAVES,,63,CLOSE_COMBAT
1010,IRON_LEAVES,,70,IMPRISON
1010,IRON_LEAVES,,77,MEGAHORN
1010,IRON_LEAVES,,84,ALLY_SWITCH
1010,IRON_LEAVES,,91,SOLAR_BLADE
1011,DIPPLIN,,EVOLVE_MOVE,DOUBLE_HIT
1011,DIPPLIN,,RELEARN_MOVE,DRAGON_CHEER
1011,DIPPLIN,,1,LEAFAGE
1011,DIPPLIN,,1,WITHDRAW
1011,DIPPLIN,,1,SWEET_SCENT
1011,DIPPLIN,,1,RECYCLE
1011,DIPPLIN,,1,ASTONISH
1011,DIPPLIN,,4,DRAGON_TAIL
1011,DIPPLIN,,8,GROWTH
1011,DIPPLIN,,12,DRAGON_BREATH
1011,DIPPLIN,,16,PROTECT
1011,DIPPLIN,,20,BULLET_SEED
1011,DIPPLIN,,28,SYRUP_BOMB
1011,DIPPLIN,,32,DRAGON_PULSE
1011,DIPPLIN,,36,RECOVER
1011,DIPPLIN,,40,ENERGY_BALL
1011,DIPPLIN,,44,SUBSTITUTE
1012,POLTCHAGEIST,,1,STUN_SPORE
1012,POLTCHAGEIST,,1,WITHDRAW
1012,POLTCHAGEIST,,1,ASTONISH
1012,POLTCHAGEIST,,5,ABSORB
1012,POLTCHAGEIST,,12,LIFE_DEW
1012,POLTCHAGEIST,,18,FOUL_PLAY
1012,POLTCHAGEIST,,24,MEGA_DRAIN
1012,POLTCHAGEIST,,30,HEX
1012,POLTCHAGEIST,,36,RAGE_POWDER
1012,POLTCHAGEIST,,42,GIGA_DRAIN
1012,POLTCHAGEIST,,48,SHADOW_BALL
1012,POLTCHAGEIST,,54,MEMENTO
1012,POLTCHAGEIST,,60,LEAF_STORM
1013,SINISTCHA,,EVOLVE_MOVE,MATCHA_GOTCHA
1013,SINISTCHA,,RELEARN_MOVE,GIGA_DRAIN
1013,SINISTCHA,,1,STUN_SPORE
1013,SINISTCHA,,1,WITHDRAW
1013,SINISTCHA,,1,ASTONISH
1013,SINISTCHA,,6,ABSORB
1013,SINISTCHA,,12,LIFE_DEW
1013,SINISTCHA,,18,FOUL_PLAY
1013,SINISTCHA,,24,MEGA_DRAIN
1013,SINISTCHA,,30,HEX
1013,SINISTCHA,,36,RAGE_POWDER
1013,SINISTCHA,,42,STRENGTH_SAP
1013,SINISTCHA,,48,SHADOW_BALL
1013,SINISTCHA,,54,MEMENTO
1013,SINISTCHA,,60,LEAF_STORM
1014,OKIDOGI,,1,BITE
1014,OKIDOGI,,1,LOW_KICK
1014,OKIDOGI,,1,BULK_UP
1014,OKIDOGI,,8,HOWL
1014,OKIDOGI,,16,POISON_FANG
1014,OKIDOGI,,24,FORCE_PALM
1014,OKIDOGI,,32,COUNTER
1014,OKIDOGI,,40,POISON_JAB
1014,OKIDOGI,,48,BRUTAL_SWING
1014,OKIDOGI,,56,CRUNCH
1014,OKIDOGI,,64,SUPERPOWER
1014,OKIDOGI,,72,GIGA_IMPACT
1015,MUNKIDORI,,1,SCRATCH
1015,MUNKIDORI,,1,CONFUSION
1015,MUNKIDORI,,1,FAKE_OUT
1015,MUNKIDORI,,1,FLATTER
1015,MUNKIDORI,,8,HELPING_HAND
1015,MUNKIDORI,,16,PSYBEAM
1015,MUNKIDORI,,24,CLEAR_SMOG
1015,MUNKIDORI,,32,POISON_JAB
1015,MUNKIDORI,,40,PSYCHIC
1015,MUNKIDORI,,48,SLUDGE_WAVE
1015,MUNKIDORI,,56,NASTY_PLOT
1015,MUNKIDORI,,64,FUTURE_SIGHT
1015,MUNKIDORI,,72,PARTING_SHOT
1016,FEZANDIPITI,,1,DOUBLE_KICK
1016,FEZANDIPITI,,1,PECK
1016,FEZANDIPITI,,1,POISON_GAS
1016,FEZANDIPITI,,1,DISARMING_VOICE
1016,FEZANDIPITI,,8,QUICK_ATTACK
1016,FEZANDIPITI,,16,ATTRACT
1016,FEZANDIPITI,,24,WING_ATTACK
1016,FEZANDIPITI,,32,CROSS_POISON
1016,FEZANDIPITI,,40,TAIL_SLAP
1016,FEZANDIPITI,,48,BEAT_UP
1016,FEZANDIPITI,,56,SWAGGER
1016,FEZANDIPITI,,56,FLATTER
1016,FEZANDIPITI,,64,ROOST
1016,FEZANDIPITI,,72,MOONBLAST
1017,OGERPON,,RELEARN_MOVE,DOUBLE_KICK
1017,OGERPON,,RELEARN_MOVE,COUNTER
1017,OGERPON,,RELEARN_MOVE,RETALIATE
1017,OGERPON,,RELEARN_MOVE,HORN_LEECH
1017,OGERPON,,1,VINE_WHIP
1017,OGERPON,,1,LEECH_SEED
1017,OGERPON,,1,QUICK_ATTACK
1017,OGERPON,,1,FOLLOW_ME
1017,OGERPON,,6,FOCUS_ENERGY
1017,OGERPON,,12,GROWTH
1017,OGERPON,,18,SLAM
1017,OGERPON,,24,LOW_SWEEP
1017,OGERPON,,30,IVY_CUDGEL
1017,OGERPON,,36,THROAT_CHOP
1017,OGERPON,,42,SYNTHESIS
1017,OGERPON,,48,SPIKY_SHIELD
1017,OGERPON,,54,POWER_WHIP
1017,OGERPON,,60,SUPERPOWER
1017,OGERPON,,66,WOOD_HAMMER
1018,ARCHALUDON,,EVOLVE_MOVE,ELECTRO_SHOT
1018,ARCHALUDON,,RELEARN_MOVE,LASER_FOCUS
1018,ARCHALUDON,,1,LEER
1018,ARCHALUDON,,1,METAL_CLAW
1018,ARCHALUDON,,6,ROCK_SMASH
1018,ARCHALUDON,,12,HONE_CLAWS
1018,ARCHALUDON,,18,METAL_SOUND
1018,ARCHALUDON,,24,BREAKING_SWIPE
1018,ARCHALUDON,,30,DRAGON_TAIL
1018,ARCHALUDON,,36,IRON_DEFENSE
1018,ARCHALUDON,,42,FOCUS_ENERGY
1018,ARCHALUDON,,48,DRAGON_CLAW
1018,ARCHALUDON,,54,FLASH_CANNON
1018,ARCHALUDON,,60,METAL_BURST
1018,ARCHALUDON,,66,HYPER_BEAM
1019,HYDRAPPLE,,EVOLVE_MOVE,FICKLE_BEAM
1019,HYDRAPPLE,,RELEARN_MOVE,YAWN
1019,HYDRAPPLE,,RELEARN_MOVE,DOUBLE_HIT
1019,HYDRAPPLE,,RELEARN_MOVE,INFESTATION
1019,HYDRAPPLE,,RELEARN_MOVE,DRAGON_CHEER
1019,HYDRAPPLE,,1,LEAFAGE
1019,HYDRAPPLE,,1,WITHDRAW
1019,HYDRAPPLE,,1,SWEET_SCENT
1019,HYDRAPPLE,,1,RECYCLE
1019,HYDRAPPLE,,1,ASTONISH
1019,HYDRAPPLE,,4,DRAGON_TAIL
1019,HYDRAPPLE,,8,GROWTH
1019,HYDRAPPLE,,12,DRAGON_BREATH
1019,HYDRAPPLE,,16,PROTECT
1019,HYDRAPPLE,,20,BULLET_SEED
1019,HYDRAPPLE,,28,SYRUP_BOMB
1019,HYDRAPPLE,,32,DRAGON_PULSE
1019,HYDRAPPLE,,36,RECOVER
1019,HYDRAPPLE,,40,ENERGY_BALL
1019,HYDRAPPLE,,44,SUBSTITUTE
1019,HYDRAPPLE,,54,POWER_WHIP
1020,GOUGING_FIRE,,RELEARN_MOVE,DOUBLE_KICK
1020,GOUGING_FIRE,,RELEARN_MOVE,ANCIENT_POWER
1020,GOUGING_FIRE,,RELEARN_MOVE,NOBLE_ROAR
1020,GOUGING_FIRE,,1,STOMP
1020,GOUGING_FIRE,,1,LEER
1020,GOUGING_FIRE,,1,INCINERATE
1020,GOUGING_FIRE,,1,SUNNY_DAY
1020,GOUGING_FIRE,,7,FIRE_FANG
1020,GOUGING_FIRE,,14,HOWL
1020,GOUGING_FIRE,,21,BITE
1020,GOUGING_FIRE,,28,DRAGON_CLAW
1020,GOUGING_FIRE,,35,CRUSH_CLAW
1020,GOUGING_FIRE,,42,MORNING_SUN
1020,GOUGING_FIRE,,49,BURNING_BULWARK
1020,GOUGING_FIRE,,56,DRAGON_RUSH
1020,GOUGING_FIRE,,63,FIRE_BLAST
1020,GOUGING_FIRE,,70,LAVA_PLUME
1020,GOUGING_FIRE,,77,OUTRAGE
1020,GOUGING_FIRE,,84,FLARE_BLITZ
1020,GOUGING_FIRE,,91,RAGING_FURY
1021,RAGING_BOLT,,RELEARN_MOVE,ANCIENT_POWER
1021,RAGING_BOLT,,1,TWISTER
1021,RAGING_BOLT,,1,SUNNY_DAY
1021,RAGING_BOLT,,1,SHOCK_WAVE
1021,RAGING_BOLT,,1,STOMP
1021,RAGING_BOLT,,7,CHARGE
1021,RAGING_BOLT,,14,DRAGON_BREATH
1021,RAGING_BOLT,,21,ELECTRIC_TERRAIN
1021,RAGING_BOLT,,28,DISCHARGE
1021,RAGING_BOLT,,35,DRAGON_TAIL
1021,RAGING_BOLT,,42,CALM_MIND
1021,RAGING_BOLT,,49,THUNDERCLAP
1021,RAGING_BOLT,,56,DRAGON_HAMMER
1021,RAGING_BOLT,,63,RISING_VOLTAGE
1021,RAGING_BOLT,,70,DRAGON_PULSE
1021,RAGING_BOLT,,77,ZAP_CANNON
1021,RAGING_BOLT,,84,BODY_PRESS
1021,RAGING_BOLT,,91,THUNDER
1022,IRON_BOULDER,,1,HORN_ATTACK
1022,IRON_BOULDER,,1,LEER
1022,IRON_BOULDER,,1,ROCK_THROW
1022,IRON_BOULDER,,1,ELECTRIC_TERRAIN
1022,IRON_BOULDER,,7,QUICK_ATTACK
1022,IRON_BOULDER,,14,SLASH
1022,IRON_BOULDER,,21,AGILITY
1022,IRON_BOULDER,,28,PSYCHO_CUT
1022,IRON_BOULDER,,35,COUNTER
1022,IRON_BOULDER,,42,ROCK_TOMB
1022,IRON_BOULDER,,49,SACRED_SWORD
1022,IRON_BOULDER,,56,MIGHTY_CLEAVE
1022,IRON_BOULDER,,63,SWORDS_DANCE
1022,IRON_BOULDER,,70,MEGAHORN
1022,IRON_BOULDER,,77,QUICK_GUARD
1022,IRON_BOULDER,,84,STONE_EDGE
1022,IRON_BOULDER,,91,GIGA_IMPACT
1023,IRON_CROWN,,1,LEER
1023,IRON_CROWN,,1,ELECTRIC_TERRAIN
1023,IRON_CROWN,,1,CONFUSION
1023,IRON_CROWN,,1,METAL_CLAW
1023,IRON_CROWN,,7,SMART_STRIKE
1023,IRON_CROWN,,14,SLASH
1023,IRON_CROWN,,21,IRON_DEFENSE
1023,IRON_CROWN,,28,PSYSHOCK
1023,IRON_CROWN,,35,PSYCHO_CUT
1023,IRON_CROWN,,42,FLASH_CANNON
1023,IRON_CROWN,,49,SACRED_SWORD
1023,IRON_CROWN,,56,TACHYON_CUTTER
1023,IRON_CROWN,,63,FUTURE_SIGHT
1023,IRON_CROWN,,70,VOLT_SWITCH
1023,IRON_CROWN,,77,QUICK_GUARD
1023,IRON_CROWN,,84,METAL_BURST
1023,IRON_CROWN,,91,HYPER_BEAM
1024,TERAPAGOS,,1,WITHDRAW
1024,TERAPAGOS,,1,TRI_ATTACK
1024,TERAPAGOS,,1,RAPID_SPIN
1024,TERAPAGOS,,10,ANCIENT_POWER
1024,TERAPAGOS,,20,HEADBUTT
1024,TERAPAGOS,,30,PROTECT
1024,TERAPAGOS,,40,EARTH_POWER
1024,TERAPAGOS,,50,HEAVY_SLAM
1024,TERAPAGOS,,60,TERA_STARSTORM
1024,TERAPAGOS,,70,DOUBLE_EDGE
1024,TERAPAGOS,,80,ROCK_POLISH
1024,TERAPAGOS,,90,GYRO_BALL
1025,PECHARUNT,,RELEARN_MOVE,DEFENSE_CURL
1025,PECHARUNT,,RELEARN_MOVE,ROLLOUT
1025,PECHARUNT,,RELEARN_MOVE,MEAN_LOOK
1025,PECHARUNT,,1,SMOG
1025,PECHARUNT,,1,POISON_GAS
1025,PECHARUNT,,1,MEMENTO
1025,PECHARUNT,,1,ASTONISH
1025,PECHARUNT,,8,WITHDRAW
1025,PECHARUNT,,16,DESTINY_BOND
1025,PECHARUNT,,24,FAKE_TEARS
1025,PECHARUNT,,32,PARTING_SHOT
1025,PECHARUNT,,40,SHADOW_BALL
1025,PECHARUNT,,48,MALIGNANT_CHAIN
1025,PECHARUNT,,56,TOXIC
1025,PECHARUNT,,64,NASTY_PLOT
1025,PECHARUNT,,72,RECOVER
2019,ALOLA_RATTATA,,1,TACKLE
2019,ALOLA_RATTATA,,1,TAIL_WHIP
2019,ALOLA_RATTATA,,4,QUICK_ATTACK
2019,ALOLA_RATTATA,,7,FOCUS_ENERGY
2019,ALOLA_RATTATA,,10,BITE
2019,ALOLA_RATTATA,,13,PURSUIT
2019,ALOLA_RATTATA,,16,HYPER_FANG
2019,ALOLA_RATTATA,,19,ASSURANCE
2019,ALOLA_RATTATA,,22,CRUNCH
2019,ALOLA_RATTATA,,25,SUCKER_PUNCH
2019,ALOLA_RATTATA,,28,SUPER_FANG
2019,ALOLA_RATTATA,,31,DOUBLE_EDGE
2019,ALOLA_RATTATA,,34,ENDEAVOR
2020,ALOLA_RATICATE,,EVOLVE_MOVE,SCARY_FACE
2020,ALOLA_RATICATE,,1,SWORDS_DANCE
2020,ALOLA_RATICATE,,1,TACKLE
2020,ALOLA_RATICATE,,1,TAIL_WHIP
2020,ALOLA_RATICATE,,1,QUICK_ATTACK
2020,ALOLA_RATICATE,,1,FOCUS_ENERGY
2020,ALOLA_RATICATE,,10,BITE
2020,ALOLA_RATICATE,,13,PURSUIT
2020,ALOLA_RATICATE,,16,HYPER_FANG
2020,ALOLA_RATICATE,,19,ASSURANCE
2020,ALOLA_RATICATE,,24,CRUNCH
2020,ALOLA_RATICATE,,29,SUCKER_PUNCH
2020,ALOLA_RATICATE,,34,SUPER_FANG
2020,ALOLA_RATICATE,,39,DOUBLE_EDGE
2020,ALOLA_RATICATE,,44,ENDEAVOR
2026,ALOLA_RAICHU,,EVOLVE_MOVE,PSYCHIC
2026,ALOLA_RAICHU,,EVOLVE_MOVE,ZIPPY_ZAP
2026,ALOLA_RAICHU,,1,TAIL_WHIP
2026,ALOLA_RAICHU,,1,GROWL
2026,ALOLA_RAICHU,,1,THUNDER_SHOCK
2026,ALOLA_RAICHU,,1,THUNDER_WAVE
2026,ALOLA_RAICHU,,1,THUNDER
2026,ALOLA_RAICHU,,1,AGILITY
2026,ALOLA_RAICHU,,1,QUICK_ATTACK
2026,ALOLA_RAICHU,,1,DOUBLE_TEAM
2026,ALOLA_RAICHU,,1,LIGHT_SCREEN
2026,ALOLA_RAICHU,,1,SWEET_KISS
2026,ALOLA_RAICHU,,1,CHARM
2026,ALOLA_RAICHU,,1,SPARK
2026,ALOLA_RAICHU,,1,IRON_TAIL
2026,ALOLA_RAICHU,,1,FEINT
2026,ALOLA_RAICHU,,1,NASTY_PLOT
2026,ALOLA_RAICHU,,1,DISCHARGE
2026,ALOLA_RAICHU,,1,ELECTRO_BALL
2026,ALOLA_RAICHU,,1,PLAY_NICE
2026,ALOLA_RAICHU,,1,NUZZLE
2026,ALOLA_RAICHU,,5,THUNDERBOLT
2026,ALOLA_RAICHU,,50,PIKA_PAPOW
2027,ALOLA_SANDSHREW,,1,SCRATCH
2027,ALOLA_SANDSHREW,,1,DEFENSE_CURL
2027,ALOLA_SANDSHREW,,3,MIST
2027,ALOLA_SANDSHREW,,6,POWDER_SNOW
2027,ALOLA_SANDSHREW,,9,ROLLOUT
2027,ALOLA_SANDSHREW,,12,FURY_CUTTER
2027,ALOLA_SANDSHREW,,15,RAPID_SPIN
2027,ALOLA_SANDSHREW,,18,METAL_CLAW
2027,ALOLA_SANDSHREW,,21,SWIFT
2027,ALOLA_SANDSHREW,,24,FURY_SWIPES
2027,ALOLA_SANDSHREW,,27,IRON_DEFENSE
2027,ALOLA_SANDSHREW,,30,SLASH
2027,ALOLA_SANDSHREW,,33,IRON_HEAD
2027,ALOLA_SANDSHREW,,36,GYRO_BALL
2027,ALOLA_SANDSHREW,,39,SWORDS_DANCE
2027,ALOLA_SANDSHREW,,42,SNOWSCAPE
2027,ALOLA_SANDSHREW,,45,BLIZZARD
2028,ALOLA_SANDSLASH,,EVOLVE_MOVE,ICICLE_SPEAR
2028,ALOLA_SANDSLASH,,RELEARN_MOVE,SCRATCH
2028,ALOLA_SANDSLASH,,RELEARN_MOVE,MIST
2028,ALOLA_SANDSLASH,,RELEARN_MOVE,BLIZZARD
2028,ALOLA_SANDSLASH,,RELEARN_MOVE,DEFENSE_CURL
2028,ALOLA_SANDSLASH,,RELEARN_MOVE,SWIFT
2028,ALOLA_SANDSLASH,,RELEARN_MOVE,FURY_SWIPES
2028,ALOLA_SANDSLASH,,RELEARN_MOVE,POWDER_SNOW
2028,ALOLA_SANDSLASH,,RELEARN_MOVE,ROLLOUT
2028,ALOLA_SANDSLASH,,RELEARN_MOVE,FURY_CUTTER
2028,ALOLA_SANDSLASH,,RELEARN_MOVE,RAPID_SPIN
2028,ALOLA_SANDSLASH,,RELEARN_MOVE,IRON_DEFENSE
2028,ALOLA_SANDSLASH,,RELEARN_MOVE,GYRO_BALL
2028,ALOLA_SANDSLASH,,RELEARN_MOVE,METAL_BURST
2028,ALOLA_SANDSLASH,,RELEARN_MOVE,IRON_HEAD
2028,ALOLA_SANDSLASH,,RELEARN_MOVE,SNOWSCAPE
2028,ALOLA_SANDSLASH,,1,ICICLE_CRASH
2028,ALOLA_SANDSLASH,,1,METAL_CLAW
2028,ALOLA_SANDSLASH,,1,SLASH
2028,ALOLA_SANDSLASH,,1,SWORDS_DANCE
2028,ALOLA_SANDSLASH,,1,ICE_BALL
2037,ALOLA_VULPIX,,1,TAIL_WHIP
2037,ALOLA_VULPIX,,1,POWDER_SNOW
2037,ALOLA_VULPIX,,4,DISABLE
2037,ALOLA_VULPIX,,8,ICE_SHARD
2037,ALOLA_VULPIX,,12,SPITE
2037,ALOLA_VULPIX,,16,ICY_WIND
2037,ALOLA_VULPIX,,20,CONFUSE_RAY
2037,ALOLA_VULPIX,,24,AURORA_BEAM
2037,ALOLA_VULPIX,,28,EXTRASENSORY
2037,ALOLA_VULPIX,,32,ICE_BEAM
2037,ALOLA_VULPIX,,36,IMPRISON
2037,ALOLA_VULPIX,,40,MIST
2037,ALOLA_VULPIX,,44,AURORA_VEIL
2037,ALOLA_VULPIX,,48,FREEZE_DRY
2037,ALOLA_VULPIX,,52,BLIZZARD
2038,ALOLA_NINETALES,,EVOLVE_MOVE,DAZZLING_GLEAM
2038,ALOLA_NINETALES,,RELEARN_MOVE,DISABLE
2038,ALOLA_NINETALES,,RELEARN_MOVE,MIST
2038,ALOLA_NINETALES,,RELEARN_MOVE,ICE_BEAM
2038,ALOLA_NINETALES,,RELEARN_MOVE,AURORA_BEAM
2038,ALOLA_NINETALES,,RELEARN_MOVE,CONFUSE_RAY
2038,ALOLA_NINETALES,,RELEARN_MOVE,SPITE
2038,ALOLA_NINETALES,,RELEARN_MOVE,POWDER_SNOW
2038,ALOLA_NINETALES,,RELEARN_MOVE,EXTRASENSORY
2038,ALOLA_NINETALES,,RELEARN_MOVE,NASTY_PLOT
2038,ALOLA_NINETALES,,RELEARN_MOVE,ICE_SHARD
2038,ALOLA_NINETALES,,RELEARN_MOVE,FREEZE_DRY
2038,ALOLA_NINETALES,,RELEARN_MOVE,AURORA_VEIL
2038,ALOLA_NINETALES,,1,ICY_WIND
2038,ALOLA_NINETALES,,1,IMPRISON
2038,ALOLA_NINETALES,,1,BLIZZARD
2038,ALOLA_NINETALES,,1,TAIL_WHIP
2050,ALOLA_DIGLETT,,1,SAND_ATTACK
2050,ALOLA_DIGLETT,,1,METAL_CLAW
2050,ALOLA_DIGLETT,,4,GROWL
2050,ALOLA_DIGLETT,,8,ASTONISH
2050,ALOLA_DIGLETT,,12,MUD_SLAP
2050,ALOLA_DIGLETT,,16,BULLDOZE
2050,ALOLA_DIGLETT,,20,SUCKER_PUNCH
2050,ALOLA_DIGLETT,,24,IRON_HEAD
2050,ALOLA_DIGLETT,,28,SANDSTORM
2050,ALOLA_DIGLETT,,32,DIG
2050,ALOLA_DIGLETT,,36,EARTH_POWER
2050,ALOLA_DIGLETT,,40,EARTHQUAKE
2050,ALOLA_DIGLETT,,44,FISSURE
2051,ALOLA_DUGTRIO,,EVOLVE_MOVE,SAND_TOMB
2051,ALOLA_DUGTRIO,,1,SAND_ATTACK
2051,ALOLA_DUGTRIO,,1,GROWL
2051,ALOLA_DUGTRIO,,1,TRI_ATTACK
2051,ALOLA_DUGTRIO,,1,METAL_CLAW
2051,ALOLA_DUGTRIO,,1,ASTONISH
2051,ALOLA_DUGTRIO,,1,NIGHT_SLASH
2051,ALOLA_DUGTRIO,,1,ROTOTILLER
2051,ALOLA_DUGTRIO,,12,MUD_SLAP
2051,ALOLA_DUGTRIO,,16,BULLDOZE
2051,ALOLA_DUGTRIO,,20,SUCKER_PUNCH
2051,ALOLA_DUGTRIO,,24,IRON_HEAD
2051,ALOLA_DUGTRIO,,30,SANDSTORM
2051,ALOLA_DUGTRIO,,36,DIG
2051,ALOLA_DUGTRIO,,42,EARTH_POWER
2051,ALOLA_DUGTRIO,,48,EARTHQUAKE
2051,ALOLA_DUGTRIO,,54,FISSURE
2052,ALOLA_MEOWTH,,1,GROWL
2052,ALOLA_MEOWTH,,1,FAKE_OUT
2052,ALOLA_MEOWTH,,4,FEINT
2052,ALOLA_MEOWTH,,8,SCRATCH
2052,ALOLA_MEOWTH,,12,PAY_DAY
2052,ALOLA_MEOWTH,,16,BITE
2052,ALOLA_MEOWTH,,20,TAUNT
2052,ALOLA_MEOWTH,,24,ASSURANCE
2052,ALOLA_MEOWTH,,29,FURY_SWIPES
2052,ALOLA_MEOWTH,,32,SCREECH
2052,ALOLA_MEOWTH,,36,NIGHT_SLASH
2052,ALOLA_MEOWTH,,40,NASTY_PLOT
2052,ALOLA_MEOWTH,,44,PLAY_ROUGH
2053,ALOLA_PERSIAN,,EVOLVE_MOVE,POWER_GEM
2053,ALOLA_PERSIAN,,1,SCRATCH
2053,ALOLA_PERSIAN,,1,GROWL
2053,ALOLA_PERSIAN,,1,FAKE_OUT
2053,ALOLA_PERSIAN,,1,FEINT
2053,ALOLA_PERSIAN,,1,SWITCHEROO
2053,ALOLA_PERSIAN,,1,QUASH
2053,ALOLA_PERSIAN,,12,PAY_DAY
2053,ALOLA_PERSIAN,,16,BITE
2053,ALOLA_PERSIAN,,20,TAUNT
2053,ALOLA_PERSIAN,,24,ASSURANCE
2053,ALOLA_PERSIAN,,31,FURY_SWIPES
2053,ALOLA_PERSIAN,,36,SCREECH
2053,ALOLA_PERSIAN,,42,NIGHT_SLASH
2053,ALOLA_PERSIAN,,48,NASTY_PLOT
2053,ALOLA_PERSIAN,,54,PLAY_ROUGH
2074,ALOLA_GEODUDE,,1,TACKLE
2074,ALOLA_GEODUDE,,1,DEFENSE_CURL
2074,ALOLA_GEODUDE,,4,CHARGE
2074,ALOLA_GEODUDE,,6,ROCK_POLISH
2074,ALOLA_GEODUDE,,10,ROLLOUT
2074,ALOLA_GEODUDE,,12,SPARK
2074,ALOLA_GEODUDE,,16,ROCK_THROW
2074,ALOLA_GEODUDE,,18,SMACK_DOWN
2074,ALOLA_GEODUDE,,22,THUNDER_PUNCH
2074,ALOLA_GEODUDE,,24,SELF_DESTRUCT
2074,ALOLA_GEODUDE,,28,STEALTH_ROCK
2074,ALOLA_GEODUDE,,30,ROCK_BLAST
2074,ALOLA_GEODUDE,,34,DISCHARGE
2074,ALOLA_GEODUDE,,36,EXPLOSION
2074,ALOLA_GEODUDE,,40,DOUBLE_EDGE
2074,ALOLA_GEODUDE,,42,STONE_EDGE
2075,ALOLA_GRAVELER,,1,TACKLE
2075,ALOLA_GRAVELER,,1,DEFENSE_CURL
2075,ALOLA_GRAVELER,,1,CHARGE
2075,ALOLA_GRAVELER,,1,ROCK_POLISH
2075,ALOLA_GRAVELER,,10,ROLLOUT
2075,ALOLA_GRAVELER,,12,SPARK
2075,ALOLA_GRAVELER,,16,ROCK_THROW
2075,ALOLA_GRAVELER,,18,SMACK_DOWN
2075,ALOLA_GRAVELER,,22,THUNDER_PUNCH
2075,ALOLA_GRAVELER,,24,SELF_DESTRUCT
2075,ALOLA_GRAVELER,,30,STEALTH_ROCK
2075,ALOLA_GRAVELER,,34,ROCK_BLAST
2075,ALOLA_GRAVELER,,40,DISCHARGE
2075,ALOLA_GRAVELER,,44,EXPLOSION
2075,ALOLA_GRAVELER,,50,DOUBLE_EDGE
2075,ALOLA_GRAVELER,,54,STONE_EDGE
2076,ALOLA_GOLEM,,1,TACKLE
2076,ALOLA_GOLEM,,1,DEFENSE_CURL
2076,ALOLA_GOLEM,,1,CHARGE
2076,ALOLA_GOLEM,,1,ROCK_POLISH
2076,ALOLA_GOLEM,,1,ROLLOUT
2076,ALOLA_GOLEM,,1,HEAVY_SLAM
2076,ALOLA_GOLEM,,12,SPARK
2076,ALOLA_GOLEM,,16,ROCK_THROW
2076,ALOLA_GOLEM,,18,SMACK_DOWN
2076,ALOLA_GOLEM,,22,THUNDER_PUNCH
2076,ALOLA_GOLEM,,24,SELF_DESTRUCT
2076,ALOLA_GOLEM,,30,STEALTH_ROCK
2076,ALOLA_GOLEM,,34,ROCK_BLAST
2076,ALOLA_GOLEM,,40,DISCHARGE
2076,ALOLA_GOLEM,,44,EXPLOSION
2076,ALOLA_GOLEM,,50,DOUBLE_EDGE
2076,ALOLA_GOLEM,,54,STONE_EDGE
2088,ALOLA_GRIMER,,1,POUND
2088,ALOLA_GRIMER,,1,POISON_GAS
2088,ALOLA_GRIMER,,4,HARDEN
2088,ALOLA_GRIMER,,7,BITE
2088,ALOLA_GRIMER,,12,DISABLE
2088,ALOLA_GRIMER,,15,ACID_SPRAY
2088,ALOLA_GRIMER,,18,POISON_FANG
2088,ALOLA_GRIMER,,21,MINIMIZE
2088,ALOLA_GRIMER,,26,TOXIC
2088,ALOLA_GRIMER,,29,KNOCK_OFF
2088,ALOLA_GRIMER,,32,CRUNCH
2088,ALOLA_GRIMER,,37,SCREECH
2088,ALOLA_GRIMER,,40,GUNK_SHOT
2088,ALOLA_GRIMER,,43,ACID_ARMOR
2088,ALOLA_GRIMER,,46,BELCH
2088,ALOLA_GRIMER,,48,MEMENTO
2089,ALOLA_MUK,,1,POUND
2089,ALOLA_MUK,,1,BITE
2089,ALOLA_MUK,,1,HARDEN
2089,ALOLA_MUK,,1,POISON_GAS
2089,ALOLA_MUK,,12,DISABLE
2089,ALOLA_MUK,,15,ACID_SPRAY
2089,ALOLA_MUK,,18,POISON_FANG
2089,ALOLA_MUK,,21,MINIMIZE
2089,ALOLA_MUK,,26,TOXIC
2089,ALOLA_MUK,,29,KNOCK_OFF
2089,ALOLA_MUK,,32,CRUNCH
2089,ALOLA_MUK,,37,SCREECH
2089,ALOLA_MUK,,40,GUNK_SHOT
2089,ALOLA_MUK,,46,ACID_ARMOR
2089,ALOLA_MUK,,52,BELCH
2089,ALOLA_MUK,,57,MEMENTO
2103,ALOLA_EXEGGUTOR,,EVOLVE_MOVE,DRAGON_HAMMER
2103,ALOLA_EXEGGUTOR,,RELEARN_MOVE,GROWTH
2103,ALOLA_EXEGGUTOR,,1,BARRAGE
2103,ALOLA_EXEGGUTOR,,1,SEED_BOMB
2103,ALOLA_EXEGGUTOR,,1,PSYSHOCK
2103,ALOLA_EXEGGUTOR,,1,WOOD_HAMMER
2103,ALOLA_EXEGGUTOR,,1,LEAF_STORM
2103,ALOLA_EXEGGUTOR,,1,MEGA_DRAIN
2103,ALOLA_EXEGGUTOR,,1,CONFUSION
2103,ALOLA_EXEGGUTOR,,1,SYNTHESIS
2103,ALOLA_EXEGGUTOR,,1,BULLET_SEED
2103,ALOLA_EXEGGUTOR,,1,GIGA_DRAIN
2103,ALOLA_EXEGGUTOR,,1,EXTRASENSORY
2103,ALOLA_EXEGGUTOR,,1,UPROAR
2103,ALOLA_EXEGGUTOR,,1,WORRY_SEED
2103,ALOLA_EXEGGUTOR,,1,SOLAR_BEAM
2103,ALOLA_EXEGGUTOR,,1,ABSORB
2103,ALOLA_EXEGGUTOR,,1,HYPNOSIS
2103,ALOLA_EXEGGUTOR,,1,REFLECT
2103,ALOLA_EXEGGUTOR,,1,LEECH_SEED
2105,ALOLA_MAROWAK,,EVOLVE_MOVE,SHADOW_BONE
2105,ALOLA_MAROWAK,,1,BONE_CLUB
2105,ALOLA_MAROWAK,,1,HEADBUTT
2105,ALOLA_MAROWAK,,1,DOUBLE_EDGE
2105,ALOLA_MAROWAK,,1,TAIL_WHIP
2105,ALOLA_MAROWAK,,1,GROWL
2105,ALOLA_MAROWAK,,1,FIRE_SPIN
2105,ALOLA_MAROWAK,,1,FOCUS_ENERGY
2105,ALOLA_MAROWAK,,1,MUD_SLAP
2105,ALOLA_MAROWAK,,1,FALSE_SWIPE
2105,ALOLA_MAROWAK,,1,RETALIATE
2105,ALOLA_MAROWAK,,12,FLAME_WHEEL
2105,ALOLA_MAROWAK,,16,HEX
2105,ALOLA_MAROWAK,,20,FLING
2105,ALOLA_MAROWAK,,24,STOMPING_TANTRUM
2105,ALOLA_MAROWAK,,31,BONE_RUSH
2105,ALOLA_MAROWAK,,36,WILL_O_WISP
2105,ALOLA_MAROWAK,,42,ENDEAVOR
2105,ALOLA_MAROWAK,,48,BONEMERANG
2105,ALOLA_MAROWAK,,54,THRASH
2105,ALOLA_MAROWAK,,60,FLARE_BLITZ
2670,ETERNAL_FLOETTE,,1,VINE_WHIP
2670,ETERNAL_FLOETTE,,1,TACKLE
2670,ETERNAL_FLOETTE,,1,FAIRY_WIND
2670,ETERNAL_FLOETTE,,10,LUCKY_CHANT
2670,ETERNAL_FLOETTE,,15,RAZOR_LEAF
2670,ETERNAL_FLOETTE,,20,WISH
2670,ETERNAL_FLOETTE,,25,MAGICAL_LEAF
2670,ETERNAL_FLOETTE,,27,GRASSY_TERRAIN
2670,ETERNAL_FLOETTE,,33,PETAL_BLIZZARD
2670,ETERNAL_FLOETTE,,38,AROMATHERAPY
2670,ETERNAL_FLOETTE,,43,MISTY_TERRAIN
2670,ETERNAL_FLOETTE,,46,MOONBLAST
2670,ETERNAL_FLOETTE,,50,LIGHT_OF_RUIN
2670,ETERNAL_FLOETTE,,51,PETAL_DANCE
2670,ETERNAL_FLOETTE,,58,SOLAR_BEAM
4052,GALAR_MEOWTH,,1,GROWL
4052,GALAR_MEOWTH,,1,FAKE_OUT
4052,GALAR_MEOWTH,,4,HONE_CLAWS
4052,GALAR_MEOWTH,,8,SCRATCH
4052,GALAR_MEOWTH,,12,PAY_DAY
4052,GALAR_MEOWTH,,16,METAL_CLAW
4052,GALAR_MEOWTH,,20,TAUNT
4052,GALAR_MEOWTH,,24,SWAGGER
4052,GALAR_MEOWTH,,29,FURY_SWIPES
4052,GALAR_MEOWTH,,32,SCREECH
4052,GALAR_MEOWTH,,36,SLASH
4052,GALAR_MEOWTH,,40,METAL_SOUND
4052,GALAR_MEOWTH,,44,THRASH
4077,GALAR_PONYTA,,1,TACKLE
4077,GALAR_PONYTA,,1,GROWL
4077,GALAR_PONYTA,,5,TAIL_WHIP
4077,GALAR_PONYTA,,10,CONFUSION
4077,GALAR_PONYTA,,15,FAIRY_WIND
4077,GALAR_PONYTA,,20,AGILITY
4077,GALAR_PONYTA,,25,PSYBEAM
4077,GALAR_PONYTA,,30,STOMP
4077,GALAR_PONYTA,,35,HEAL_PULSE
4077,GALAR_PONYTA,,41,TAKE_DOWN
4077,GALAR_PONYTA,,45,DAZZLING_GLEAM
4077,GALAR_PONYTA,,50,PSYCHIC
4077,GALAR_PONYTA,,55,HEALING_WISH
4078,GALAR_RAPIDASH,,EVOLVE_MOVE,PSYCHO_CUT
4078,GALAR_RAPIDASH,,1,TACKLE
4078,GALAR_RAPIDASH,,1,TAIL_WHIP
4078,GALAR_RAPIDASH,,1,GROWL
4078,GALAR_RAPIDASH,,1,CONFUSION
4078,GALAR_RAPIDASH,,1,QUICK_ATTACK
4078,GALAR_RAPIDASH,,1,MEGAHORN
4078,GALAR_RAPIDASH,,15,FAIRY_WIND
4078,GALAR_RAPIDASH,,20,AGILITY
4078,GALAR_RAPIDASH,,25,PSYBEAM
4078,GALAR_RAPIDASH,,30,STOMP
4078,GALAR_RAPIDASH,,35,HEAL_PULSE
4078,GALAR_RAPIDASH,,43,TAKE_DOWN
4078,GALAR_RAPIDASH,,49,DAZZLING_GLEAM
4078,GALAR_RAPIDASH,,56,PSYCHIC
4078,GALAR_RAPIDASH,,63,HEALING_WISH
4079,GALAR_SLOWPOKE,,1,TACKLE
4079,GALAR_SLOWPOKE,,1,CURSE
4079,GALAR_SLOWPOKE,,3,GROWL
4079,GALAR_SLOWPOKE,,6,ACID
4079,GALAR_SLOWPOKE,,9,YAWN
4079,GALAR_SLOWPOKE,,12,CONFUSION
4079,GALAR_SLOWPOKE,,15,DISABLE
4079,GALAR_SLOWPOKE,,18,WATER_PULSE
4079,GALAR_SLOWPOKE,,21,HEADBUTT
4079,GALAR_SLOWPOKE,,24,ZEN_HEADBUTT
4079,GALAR_SLOWPOKE,,27,AMNESIA
4079,GALAR_SLOWPOKE,,30,SURF
4079,GALAR_SLOWPOKE,,33,SLACK_OFF
4079,GALAR_SLOWPOKE,,36,PSYCHIC
4079,GALAR_SLOWPOKE,,39,PSYCH_UP
4079,GALAR_SLOWPOKE,,42,RAIN_DANCE
4079,GALAR_SLOWPOKE,,45,HEAL_PULSE
4080,GALAR_SLOWBRO,,EVOLVE_MOVE,SHELL_SIDE_ARM
4080,GALAR_SLOWBRO,,1,TACKLE
4080,GALAR_SLOWBRO,,1,GROWL
4080,GALAR_SLOWBRO,,1,ACID
4080,GALAR_SLOWBRO,,1,WITHDRAW
4080,GALAR_SLOWBRO,,1,CURSE
4080,GALAR_SLOWBRO,,9,YAWN
4080,GALAR_SLOWBRO,,12,CONFUSION
4080,GALAR_SLOWBRO,,15,DISABLE
4080,GALAR_SLOWBRO,,18,WATER_PULSE
4080,GALAR_SLOWBRO,,21,HEADBUTT
4080,GALAR_SLOWBRO,,24,ZEN_HEADBUTT
4080,GALAR_SLOWBRO,,27,AMNESIA
4080,GALAR_SLOWBRO,,30,SURF
4080,GALAR_SLOWBRO,,33,SLACK_OFF
4080,GALAR_SLOWBRO,,36,PSYCHIC
4080,GALAR_SLOWBRO,,39,PSYCH_UP
4080,GALAR_SLOWBRO,,42,RAIN_DANCE
4080,GALAR_SLOWBRO,,45,HEAL_PULSE
4083,GALAR_FARFETCHD,,1,SAND_ATTACK
4083,GALAR_FARFETCHD,,1,PECK
4083,GALAR_FARFETCHD,,5,LEER
4083,GALAR_FARFETCHD,,10,FURY_CUTTER
4083,GALAR_FARFETCHD,,15,ROCK_SMASH
4083,GALAR_FARFETCHD,,20,BRUTAL_SWING
4083,GALAR_FARFETCHD,,25,DETECT
4083,GALAR_FARFETCHD,,30,KNOCK_OFF
4083,GALAR_FARFETCHD,,35,DEFOG
4083,GALAR_FARFETCHD,,40,BRICK_BREAK
4083,GALAR_FARFETCHD,,45,SWORDS_DANCE
4083,GALAR_FARFETCHD,,50,SLAM
4083,GALAR_FARFETCHD,,55,LEAF_BLADE
4083,GALAR_FARFETCHD,,60,FINAL_GAMBIT
4083,GALAR_FARFETCHD,,65,BRAVE_BIRD
4110,GALAR_WEEZING,,EVOLVE_MOVE,DOUBLE_HIT
4110,GALAR_WEEZING,,1,TACKLE
4110,GALAR_WEEZING,,1,SMOKESCREEN
4110,GALAR_WEEZING,,1,HAZE
4110,GALAR_WEEZING,,1,SMOG
4110,GALAR_WEEZING,,1,POISON_GAS
4110,GALAR_WEEZING,,1,HEAT_WAVE
4110,GALAR_WEEZING,,1,DEFOG
4110,GALAR_WEEZING,,1,AROMATIC_MIST
4110,GALAR_WEEZING,,1,STRANGE_STEAM
4110,GALAR_WEEZING,,12,CLEAR_SMOG
4110,GALAR_WEEZING,,16,ASSURANCE
4110,GALAR_WEEZING,,20,SLUDGE
4110,GALAR_WEEZING,,24,FAIRY_WIND
4110,GALAR_WEEZING,,28,SELF_DESTRUCT
4110,GALAR_WEEZING,,32,SLUDGE_BOMB
4110,GALAR_WEEZING,,38,TOXIC
4110,GALAR_WEEZING,,44,BELCH
4110,GALAR_WEEZING,,50,EXPLOSION
4110,GALAR_WEEZING,,56,MEMENTO
4110,GALAR_WEEZING,,62,DESTINY_BOND
4110,GALAR_WEEZING,,68,MISTY_TERRAIN
4122,GALAR_MR_MIME,,1,POUND
4122,GALAR_MR_MIME,,1,BARRIER
4122,GALAR_MR_MIME,,1,TICKLE
4122,GALAR_MR_MIME,,1,MIMIC
4122,GALAR_MR_MIME,,1,LIGHT_SCREEN
4122,GALAR_MR_MIME,,1,REFLECT
4122,GALAR_MR_MIME,,1,PROTECT
4122,GALAR_MR_MIME,,1,SAFEGUARD
4122,GALAR_MR_MIME,,1,BATON_PASS
4122,GALAR_MR_MIME,,1,ENCORE
4122,GALAR_MR_MIME,,1,RAPID_SPIN
4122,GALAR_MR_MIME,,1,ROLE_PLAY
4122,GALAR_MR_MIME,,1,RECYCLE
4122,GALAR_MR_MIME,,1,COPYCAT
4122,GALAR_MR_MIME,,1,ICE_SHARD
4122,GALAR_MR_MIME,,1,MISTY_TERRAIN
4122,GALAR_MR_MIME,,1,DAZZLING_GLEAM
4122,GALAR_MR_MIME,,12,CONFUSION
4122,GALAR_MR_MIME,,16,ALLY_SWITCH
4122,GALAR_MR_MIME,,20,ICY_WIND
4122,GALAR_MR_MIME,,24,DOUBLE_KICK
4122,GALAR_MR_MIME,,28,PSYBEAM
4122,GALAR_MR_MIME,,32,HYPNOSIS
4122,GALAR_MR_MIME,,36,MIRROR_COAT
4122,GALAR_MR_MIME,,40,SUCKER_PUNCH
4122,GALAR_MR_MIME,,44,FREEZE_DRY
4122,GALAR_MR_MIME,,48,PSYCHIC
4122,GALAR_MR_MIME,,52,TEETER_DANCE
4144,GALAR_ARTICUNO,,1,GUST
4144,GALAR_ARTICUNO,,5,CONFUSION
4144,GALAR_ARTICUNO,,10,REFLECT
4144,GALAR_ARTICUNO,,15,HYPNOSIS
4144,GALAR_ARTICUNO,,20,AGILITY
4144,GALAR_ARTICUNO,,25,ANCIENT_POWER
4144,GALAR_ARTICUNO,,30,TAILWIND
4144,GALAR_ARTICUNO,,35,PSYCHO_CUT
4144,GALAR_ARTICUNO,,40,RECOVER
4144,GALAR_ARTICUNO,,45,FREEZING_GLARE
4144,GALAR_ARTICUNO,,50,DREAM_EATER
4144,GALAR_ARTICUNO,,55,HURRICANE
4144,GALAR_ARTICUNO,,60,DOUBLE_TEAM
4144,GALAR_ARTICUNO,,65,FUTURE_SIGHT
4144,GALAR_ARTICUNO,,70,TRICK_ROOM
4145,GALAR_ZAPDOS,,1,PECK
4145,GALAR_ZAPDOS,,1,FOCUS_ENERGY
4145,GALAR_ZAPDOS,,5,ROCK_SMASH
4145,GALAR_ZAPDOS,,10,LIGHT_SCREEN
4145,GALAR_ZAPDOS,,15,PLUCK
4145,GALAR_ZAPDOS,,20,AGILITY
4145,GALAR_ZAPDOS,,25,ANCIENT_POWER
4145,GALAR_ZAPDOS,,30,BRICK_BREAK
4145,GALAR_ZAPDOS,,35,DRILL_PECK
4145,GALAR_ZAPDOS,,40,QUICK_GUARD
4145,GALAR_ZAPDOS,,45,THUNDEROUS_KICK
4145,GALAR_ZAPDOS,,50,BULK_UP
4145,GALAR_ZAPDOS,,55,COUNTER
4145,GALAR_ZAPDOS,,60,DETECT
4145,GALAR_ZAPDOS,,65,CLOSE_COMBAT
4145,GALAR_ZAPDOS,,70,REVERSAL
4146,GALAR_MOLTRES,,1,GUST
4146,GALAR_MOLTRES,,1,LEER
4146,GALAR_MOLTRES,,5,PAYBACK
4146,GALAR_MOLTRES,,10,SAFEGUARD
4146,GALAR_MOLTRES,,15,WING_ATTACK
4146,GALAR_MOLTRES,,20,AGILITY
4146,GALAR_MOLTRES,,25,ANCIENT_POWER
4146,GALAR_MOLTRES,,30,SUCKER_PUNCH
4146,GALAR_MOLTRES,,35,AIR_SLASH
4146,GALAR_MOLTRES,,40,AFTER_YOU
4146,GALAR_MOLTRES,,45,FIERY_WRATH
4146,GALAR_MOLTRES,,50,NASTY_PLOT
4146,GALAR_MOLTRES,,55,HURRICANE
4146,GALAR_MOLTRES,,60,ENDURE
4146,GALAR_MOLTRES,,65,MEMENTO
4146,GALAR_MOLTRES,,70,SKY_ATTACK
4199,GALAR_SLOWKING,,EVOLVE_MOVE,EERIE_SPELL
4199,GALAR_SLOWKING,,RELEARN_MOVE,FUTURE_SIGHT
4199,GALAR_SLOWKING,,RELEARN_MOVE,CHILLY_RECEPTION
4199,GALAR_SLOWKING,,RELEARN_MOVE,TOXIC
4199,GALAR_SLOWKING,,1,POWER_GEM
4199,GALAR_SLOWKING,,1,NASTY_PLOT
4199,GALAR_SLOWKING,,1,SWAGGER
4199,GALAR_SLOWKING,,1,TACKLE
4199,GALAR_SLOWKING,,1,CURSE
4199,GALAR_SLOWKING,,1,GROWL
4199,GALAR_SLOWKING,,1,ACID
4199,GALAR_SLOWKING,,9,YAWN
4199,GALAR_SLOWKING,,12,CONFUSION
4199,GALAR_SLOWKING,,15,DISABLE
4199,GALAR_SLOWKING,,18,WATER_PULSE
4199,GALAR_SLOWKING,,21,HEADBUTT
4199,GALAR_SLOWKING,,24,ZEN_HEADBUTT
4199,GALAR_SLOWKING,,27,AMNESIA
4199,GALAR_SLOWKING,,30,SURF
4199,GALAR_SLOWKING,,33,SLACK_OFF
4199,GALAR_SLOWKING,,36,PSYCHIC
4199,GALAR_SLOWKING,,39,PSYCH_UP
4199,GALAR_SLOWKING,,42,RAIN_DANCE
4199,GALAR_SLOWKING,,45,HEAL_PULSE
4222,GALAR_CORSOLA,,1,TACKLE
4222,GALAR_CORSOLA,,1,HARDEN
4222,GALAR_CORSOLA,,5,ASTONISH
4222,GALAR_CORSOLA,,10,DISABLE
4222,GALAR_CORSOLA,,15,SPITE
4222,GALAR_CORSOLA,,20,ANCIENT_POWER
4222,GALAR_CORSOLA,,25,HEX
4222,GALAR_CORSOLA,,30,CURSE
4222,GALAR_CORSOLA,,35,STRENGTH_SAP
4222,GALAR_CORSOLA,,40,POWER_GEM
4222,GALAR_CORSOLA,,45,NIGHT_SHADE
4222,GALAR_CORSOLA,,50,GRUDGE
4222,GALAR_CORSOLA,,55,MIRROR_COAT
4263,GALAR_ZIGZAGOON,,1,TACKLE
4263,GALAR_ZIGZAGOON,,1,LEER
4263,GALAR_ZIGZAGOON,,3,SAND_ATTACK
4263,GALAR_ZIGZAGOON,,6,LICK
4263,GALAR_ZIGZAGOON,,9,SNARL
4263,GALAR_ZIGZAGOON,,12,HEADBUTT
4263,GALAR_ZIGZAGOON,,15,BABY_DOLL_EYES
4263,GALAR_ZIGZAGOON,,18,PIN_MISSILE
4263,GALAR_ZIGZAGOON,,21,REST
4263,GALAR_ZIGZAGOON,,24,TAKE_DOWN
4263,GALAR_ZIGZAGOON,,27,SCARY_FACE
4263,GALAR_ZIGZAGOON,,30,COUNTER
4263,GALAR_ZIGZAGOON,,33,TAUNT
4263,GALAR_ZIGZAGOON,,36,DOUBLE_EDGE
4264,GALAR_LINOONE,,EVOLVE_MOVE,NIGHT_SLASH
4264,GALAR_LINOONE,,1,SAND_ATTACK
4264,GALAR_LINOONE,,1,TACKLE
4264,GALAR_LINOONE,,1,PIN_MISSILE
4264,GALAR_LINOONE,,1,LEER
4264,GALAR_LINOONE,,1,LICK
4264,GALAR_LINOONE,,1,SWITCHEROO
4264,GALAR_LINOONE,,1,BABY_DOLL_EYES
4264,GALAR_LINOONE,,9,SNARL
4264,GALAR_LINOONE,,12,HEADBUTT
4264,GALAR_LINOONE,,15,HONE_CLAWS
4264,GALAR_LINOONE,,18,FURY_SWIPES
4264,GALAR_LINOONE,,23,REST
4264,GALAR_LINOONE,,28,TAKE_DOWN
4264,GALAR_LINOONE,,33,SCARY_FACE
4264,GALAR_LINOONE,,38,COUNTER
4264,GALAR_LINOONE,,43,TAUNT
4264,GALAR_LINOONE,,48,DOUBLE_EDGE
4554,GALAR_DARUMAKA,,1,TACKLE
4554,GALAR_DARUMAKA,,1,POWDER_SNOW
4554,GALAR_DARUMAKA,,4,TAUNT
4554,GALAR_DARUMAKA,,8,BITE
4554,GALAR_DARUMAKA,,12,AVALANCHE
4554,GALAR_DARUMAKA,,16,WORK_UP
4554,GALAR_DARUMAKA,,20,ICE_FANG
4554,GALAR_DARUMAKA,,24,HEADBUTT
4554,GALAR_DARUMAKA,,28,ICE_PUNCH
4554,GALAR_DARUMAKA,,32,UPROAR
4554,GALAR_DARUMAKA,,36,BELLY_DRUM
4554,GALAR_DARUMAKA,,40,BLIZZARD
4554,GALAR_DARUMAKA,,44,THRASH
4554,GALAR_DARUMAKA,,48,SUPERPOWER
4555,GALAR_DARMANITAN,,EVOLVE_MOVE,ICICLE_CRASH
4555,GALAR_DARMANITAN,,1,TACKLE
4555,GALAR_DARMANITAN,,1,BITE
4555,GALAR_DARMANITAN,,1,POWDER_SNOW
4555,GALAR_DARMANITAN,,1,TAUNT
4555,GALAR_DARMANITAN,,12,AVALANCHE
4555,GALAR_DARMANITAN,,16,WORK_UP
4555,GALAR_DARMANITAN,,20,ICE_FANG
4555,GALAR_DARMANITAN,,24,HEADBUTT
4555,GALAR_DARMANITAN,,28,ICE_PUNCH
4555,GALAR_DARMANITAN,,32,UPROAR
4555,GALAR_DARMANITAN,,38,BELLY_DRUM
4555,GALAR_DARMANITAN,,44,BLIZZARD
4555,GALAR_DARMANITAN,,50,THRASH
4555,GALAR_DARMANITAN,,56,SUPERPOWER
4562,GALAR_YAMASK,,1,PROTECT
4562,GALAR_YAMASK,,1,ASTONISH
4562,GALAR_YAMASK,,4,HAZE
4562,GALAR_YAMASK,,8,NIGHT_SHADE
4562,GALAR_YAMASK,,12,DISABLE
4562,GALAR_YAMASK,,16,BRUTAL_SWING
4562,GALAR_YAMASK,,20,CRAFTY_SHIELD
4562,GALAR_YAMASK,,24,HEX
4562,GALAR_YAMASK,,28,MEAN_LOOK
4562,GALAR_YAMASK,,32,SLAM
4562,GALAR_YAMASK,,36,CURSE
4562,GALAR_YAMASK,,40,SHADOW_BALL
4562,GALAR_YAMASK,,44,EARTHQUAKE
4562,GALAR_YAMASK,,48,GUARD_SPLIT
4562,GALAR_YAMASK,,48,POWER_SPLIT
4562,GALAR_YAMASK,,52,DESTINY_BOND
4618,GALAR_STUNFISK,,1,TACKLE
4618,GALAR_STUNFISK,,1,WATER_GUN
4618,GALAR_STUNFISK,,1,MUD_SLAP
4618,GALAR_STUNFISK,,1,METAL_CLAW
4618,GALAR_STUNFISK,,5,ENDURE
4618,GALAR_STUNFISK,,10,MUD_SHOT
4618,GALAR_STUNFISK,,15,REVENGE
4618,GALAR_STUNFISK,,20,METAL_SOUND
4618,GALAR_STUNFISK,,25,SUCKER_PUNCH
4618,GALAR_STUNFISK,,30,IRON_DEFENSE
4618,GALAR_STUNFISK,,35,BOUNCE
4618,GALAR_STUNFISK,,40,MUDDY_WATER
4618,GALAR_STUNFISK,,45,SNAP_TRAP
4618,GALAR_STUNFISK,,50,FLAIL
4618,GALAR_STUNFISK,,55,FISSURE
6058,HISUI_GROWLITHE,,1,LEER
6058,HISUI_GROWLITHE,,1,EMBER
6058,HISUI_GROWLITHE,,4,HOWL
6058,HISUI_GROWLITHE,,8,BITE
6058,HISUI_GROWLITHE,,12,FLAME_WHEEL
6058,HISUI_GROWLITHE,,16,HELPING_HAND
6058,HISUI_GROWLITHE,,24,FIRE_FANG
6058,HISUI_GROWLITHE,,28,RETALIATE
6058,HISUI_GROWLITHE,,32,CRUNCH
6058,HISUI_GROWLITHE,,36,TAKE_DOWN
6058,HISUI_GROWLITHE,,40,FLAMETHROWER
6058,HISUI_GROWLITHE,,44,ROAR
6058,HISUI_GROWLITHE,,48,ROCK_SLIDE
6058,HISUI_GROWLITHE,,52,REVERSAL
6058,HISUI_GROWLITHE,,56,FLARE_BLITZ
6059,HISUI_ARCANINE,,EVOLVE_MOVE,EXTREME_SPEED
6059,HISUI_ARCANINE,,1,TAKE_DOWN
6059,HISUI_ARCANINE,,1,LEER
6059,HISUI_ARCANINE,,1,BITE
6059,HISUI_ARCANINE,,1,ROAR
6059,HISUI_ARCANINE,,1,EMBER
6059,HISUI_ARCANINE,,1,ROCK_THROW
6059,HISUI_ARCANINE,,1,AGILITY
6059,HISUI_ARCANINE,,1,ROCK_SLIDE
6059,HISUI_ARCANINE,,1,FLAME_WHEEL
6059,HISUI_ARCANINE,,1,REVERSAL
6059,HISUI_ARCANINE,,1,CRUNCH
6059,HISUI_ARCANINE,,1,HELPING_HAND
6059,HISUI_ARCANINE,,1,HOWL
6059,HISUI_ARCANINE,,1,FLARE_BLITZ
6059,HISUI_ARCANINE,,1,FIRE_FANG
6059,HISUI_ARCANINE,,1,RETALIATE
6059,HISUI_ARCANINE,,5,FLAMETHROWER
6059,HISUI_ARCANINE,,64,RAGING_FURY
6100,HISUI_VOLTORB,,1,TACKLE
6100,HISUI_VOLTORB,,1,CHARGE
6100,HISUI_VOLTORB,,4,THUNDER_SHOCK
6100,HISUI_VOLTORB,,6,STUN_SPORE
6100,HISUI_VOLTORB,,9,BULLET_SEED
6100,HISUI_VOLTORB,,11,ROLLOUT
6100,HISUI_VOLTORB,,13,SCREECH
6100,HISUI_VOLTORB,,16,CHARGE_BEAM
6100,HISUI_VOLTORB,,20,SWIFT
6100,HISUI_VOLTORB,,22,ELECTRO_BALL
6100,HISUI_VOLTORB,,26,SELF_DESTRUCT
6100,HISUI_VOLTORB,,29,ENERGY_BALL
6100,HISUI_VOLTORB,,34,SEED_BOMB
6100,HISUI_VOLTORB,,34,DISCHARGE
6100,HISUI_VOLTORB,,41,EXPLOSION
6100,HISUI_VOLTORB,,46,GYRO_BALL
6100,HISUI_VOLTORB,,50,GRASSY_TERRAIN
6101,HISUI_ELECTRODE,,EVOLVE_MOVE,CHLOROBLAST
6101,HISUI_ELECTRODE,,1,TACKLE
6101,HISUI_ELECTRODE,,1,CHARGE
6101,HISUI_ELECTRODE,,4,THUNDER_SHOCK
6101,HISUI_ELECTRODE,,6,STUN_SPORE
6101,HISUI_ELECTRODE,,9,BULLET_SEED
6101,HISUI_ELECTRODE,,11,ROLLOUT
6101,HISUI_ELECTRODE,,13,SCREECH
6101,HISUI_ELECTRODE,,16,CHARGE_BEAM
6101,HISUI_ELECTRODE,,20,SWIFT
6101,HISUI_ELECTRODE,,22,ELECTRO_BALL
6101,HISUI_ELECTRODE,,26,SELF_DESTRUCT
6101,HISUI_ELECTRODE,,29,ENERGY_BALL
6101,HISUI_ELECTRODE,,34,SEED_BOMB
6101,HISUI_ELECTRODE,,34,DISCHARGE
6101,HISUI_ELECTRODE,,41,EXPLOSION
6101,HISUI_ELECTRODE,,46,GYRO_BALL
6101,HISUI_ELECTRODE,,50,GRASSY_TERRAIN
6157,HISUI_TYPHLOSION,,EVOLVE_MOVE,INFERNAL_PARADE
6157,HISUI_TYPHLOSION,,1,TACKLE
6157,HISUI_TYPHLOSION,,1,DOUBLE_EDGE
6157,HISUI_TYPHLOSION,,1,LEER
6157,HISUI_TYPHLOSION,,1,EMBER
6157,HISUI_TYPHLOSION,,1,SMOKESCREEN
6157,HISUI_TYPHLOSION,,1,ERUPTION
6157,HISUI_TYPHLOSION,,1,GYRO_BALL
6157,HISUI_TYPHLOSION,,13,QUICK_ATTACK
6157,HISUI_TYPHLOSION,,20,FLAME_WHEEL
6157,HISUI_TYPHLOSION,,24,DEFENSE_CURL
6157,HISUI_TYPHLOSION,,31,SWIFT
6157,HISUI_TYPHLOSION,,35,FLAME_CHARGE
6157,HISUI_TYPHLOSION,,43,LAVA_PLUME
6157,HISUI_TYPHLOSION,,48,FLAMETHROWER
6157,HISUI_TYPHLOSION,,56,INFERNO
6157,HISUI_TYPHLOSION,,61,ROLLOUT
6157,HISUI_TYPHLOSION,,74,OVERHEAT
6211,HISUI_QWILFISH,,1,TACKLE
6211,HISUI_QWILFISH,,1,POISON_STING
6211,HISUI_QWILFISH,,4,HARDEN
6211,HISUI_QWILFISH,,8,BITE
6211,HISUI_QWILFISH,,12,FELL_STINGER
6211,HISUI_QWILFISH,,16,MINIMIZE
6211,HISUI_QWILFISH,,20,SPIKES
6211,HISUI_QWILFISH,,24,BRINE
6211,HISUI_QWILFISH,,28,BARB_BARRAGE
6211,HISUI_QWILFISH,,32,PIN_MISSILE
6211,HISUI_QWILFISH,,36,TOXIC_SPIKES
6211,HISUI_QWILFISH,,40,STOCKPILE
6211,HISUI_QWILFISH,,40,SPIT_UP
6211,HISUI_QWILFISH,,44,TOXIC
6211,HISUI_QWILFISH,,48,CRUNCH
6211,HISUI_QWILFISH,,52,ACUPRESSURE
6211,HISUI_QWILFISH,,56,DESTINY_BOND
6215,HISUI_SNEASEL,,1,SCRATCH
6215,HISUI_SNEASEL,,1,LEER
6215,HISUI_SNEASEL,,1,ROCK_SMASH
6215,HISUI_SNEASEL,,6,TAUNT
6215,HISUI_SNEASEL,,12,QUICK_ATTACK
6215,HISUI_SNEASEL,,18,METAL_CLAW
6215,HISUI_SNEASEL,,24,POISON_JAB
6215,HISUI_SNEASEL,,30,BRICK_BREAK
6215,HISUI_SNEASEL,,36,HONE_CLAWS
6215,HISUI_SNEASEL,,42,SLASH
6215,HISUI_SNEASEL,,48,AGILITY
6215,HISUI_SNEASEL,,54,SCREECH
6215,HISUI_SNEASEL,,60,CLOSE_COMBAT
6503,HISUI_SAMUROTT,,EVOLVE_MOVE,CEASELESS_EDGE
6503,HISUI_SAMUROTT,,1,TACKLE
6503,HISUI_SAMUROTT,,1,TAIL_WHIP
6503,HISUI_SAMUROTT,,1,WATER_GUN
6503,HISUI_SAMUROTT,,1,SOAK
6503,HISUI_SAMUROTT,,1,SLASH
6503,HISUI_SAMUROTT,,1,MEGAHORN
6503,HISUI_SAMUROTT,,1,SUCKER_PUNCH
6503,HISUI_SAMUROTT,,13,FOCUS_ENERGY
6503,HISUI_SAMUROTT,,18,RAZOR_SHELL
6503,HISUI_SAMUROTT,,21,FURY_CUTTER
6503,HISUI_SAMUROTT,,25,WATER_PULSE
6503,HISUI_SAMUROTT,,29,AERIAL_ACE
6503,HISUI_SAMUROTT,,34,AQUA_JET
6503,HISUI_SAMUROTT,,39,ENCORE
6503,HISUI_SAMUROTT,,46,AQUA_TAIL
6503,HISUI_SAMUROTT,,51,RETALIATE
6503,HISUI_SAMUROTT,,58,SWORDS_DANCE
6503,HISUI_SAMUROTT,,63,HYDRO_PUMP
6549,HISUI_LILLIGANT,,EVOLVE_MOVE,VICTORY_DANCE
6549,HISUI_LILLIGANT,,1,MEGA_KICK
6549,HISUI_LILLIGANT,,1,ABSORB
6549,HISUI_LILLIGANT,,1,MEGA_DRAIN
6549,HISUI_LILLIGANT,,1,LEECH_SEED
6549,HISUI_LILLIGANT,,1,GROWTH
6549,HISUI_LILLIGANT,,1,STUN_SPORE
6549,HISUI_LILLIGANT,,1,SLEEP_POWDER
6549,HISUI_LILLIGANT,,1,GIGA_DRAIN
6549,HISUI_LILLIGANT,,1,CHARM
6549,HISUI_LILLIGANT,,1,SYNTHESIS
6549,HISUI_LILLIGANT,,1,SUNNY_DAY
6549,HISUI_LILLIGANT,,1,HELPING_HAND
6549,HISUI_LILLIGANT,,1,TEETER_DANCE
6549,HISUI_LILLIGANT,,1,MAGICAL_LEAF
6549,HISUI_LILLIGANT,,1,LEAF_BLADE
6549,HISUI_LILLIGANT,,1,ENERGY_BALL
6549,HISUI_LILLIGANT,,1,DEFOG
6549,HISUI_LILLIGANT,,1,LEAF_STORM
6549,HISUI_LILLIGANT,,1,ENTRAINMENT
6549,HISUI_LILLIGANT,,1,AFTER_YOU
6549,HISUI_LILLIGANT,,1,PETAL_BLIZZARD
6549,HISUI_LILLIGANT,,1,SOLAR_BLADE
6549,HISUI_LILLIGANT,,5,AXE_KICK
6570,HISUI_ZORUA,,1,SCRATCH
6570,HISUI_ZORUA,,1,LEER
6570,HISUI_ZORUA,,4,TORMENT
6570,HISUI_ZORUA,,8,HONE_CLAWS
6570,HISUI_ZORUA,,12,SHADOW_SNEAK
6570,HISUI_ZORUA,,16,CURSE
6570,HISUI_ZORUA,,20,TAUNT
6570,HISUI_ZORUA,,24,KNOCK_OFF
6570,HISUI_ZORUA,,28,SPITE
6570,HISUI_ZORUA,,32,AGILITY
6570,HISUI_ZORUA,,36,SHADOW_BALL
6570,HISUI_ZORUA,,40,BITTER_MALICE
6570,HISUI_ZORUA,,44,NASTY_PLOT
6570,HISUI_ZORUA,,48,FOUL_PLAY
6571,HISUI_ZOROARK,,EVOLVE_MOVE,SHADOW_CLAW
6571,HISUI_ZOROARK,,1,SCRATCH
6571,HISUI_ZOROARK,,1,LEER
6571,HISUI_ZOROARK,,1,TORMENT
6571,HISUI_ZOROARK,,1,U_TURN
6571,HISUI_ZOROARK,,1,HONE_CLAWS
6571,HISUI_ZOROARK,,12,SHADOW_SNEAK
6571,HISUI_ZOROARK,,16,CURSE
6571,HISUI_ZOROARK,,20,TAUNT
6571,HISUI_ZOROARK,,24,KNOCK_OFF
6571,HISUI_ZOROARK,,28,SPITE
6571,HISUI_ZOROARK,,34,AGILITY
6571,HISUI_ZOROARK,,40,SHADOW_BALL
6571,HISUI_ZOROARK,,46,BITTER_MALICE
6571,HISUI_ZOROARK,,52,NASTY_PLOT
6571,HISUI_ZOROARK,,58,FOUL_PLAY
6628,HISUI_BRAVIARY,,EVOLVE_MOVE,ESPER_WING
6628,HISUI_BRAVIARY,,RELEARN_MOVE,BRAVE_BIRD
6628,HISUI_BRAVIARY,,1,WING_ATTACK
6628,HISUI_BRAVIARY,,1,LEER
6628,HISUI_BRAVIARY,,1,PECK
6628,HISUI_BRAVIARY,,1,SKY_ATTACK
6628,HISUI_BRAVIARY,,1,SUPERPOWER
6628,HISUI_BRAVIARY,,1,HONE_CLAWS
6628,HISUI_BRAVIARY,,18,TAILWIND
6628,HISUI_BRAVIARY,,24,SCARY_FACE
6628,HISUI_BRAVIARY,,30,AERIAL_ACE
6628,HISUI_BRAVIARY,,36,SLASH
6628,HISUI_BRAVIARY,,42,WHIRLWIND
6628,HISUI_BRAVIARY,,48,CRUSH_CLAW
6628,HISUI_BRAVIARY,,57,AIR_SLASH
6628,HISUI_BRAVIARY,,64,DEFOG
6628,HISUI_BRAVIARY,,72,THRASH
6628,HISUI_BRAVIARY,,80,HURRICANE
6705,HISUI_SLIGGOO,,EVOLVE_MOVE,SHELTER
6705,HISUI_SLIGGOO,,1,TACKLE
6705,HISUI_SLIGGOO,,1,WATER_GUN
6705,HISUI_SLIGGOO,,1,ABSORB
6705,HISUI_SLIGGOO,,1,ACID_ARMOR
6705,HISUI_SLIGGOO,,1,DRAGON_BREATH
6705,HISUI_SLIGGOO,,1,BODY_SLAM
6705,HISUI_SLIGGOO,,15,PROTECT
6705,HISUI_SLIGGOO,,20,FLAIL
6705,HISUI_SLIGGOO,,25,WATER_PULSE
6705,HISUI_SLIGGOO,,30,RAIN_DANCE
6705,HISUI_SLIGGOO,,35,DRAGON_PULSE
6705,HISUI_SLIGGOO,,43,CURSE
6705,HISUI_SLIGGOO,,49,IRON_HEAD
6705,HISUI_SLIGGOO,,56,MUDDY_WATER
6706,HISUI_GOODRA,,EVOLVE_MOVE,IRON_TAIL
6706,HISUI_GOODRA,,1,TACKLE
6706,HISUI_GOODRA,,1,WATER_GUN
6706,HISUI_GOODRA,,1,ABSORB
6706,HISUI_GOODRA,,1,ACID_ARMOR
6706,HISUI_GOODRA,,1,DRAGON_BREATH
6706,HISUI_GOODRA,,1,FEINT
6706,HISUI_GOODRA,,1,ACID_SPRAY
6706,HISUI_GOODRA,,1,TEARFUL_LOOK
6706,HISUI_GOODRA,,1,SHELTER
6706,HISUI_GOODRA,,15,PROTECT
6706,HISUI_GOODRA,,20,FLAIL
6706,HISUI_GOODRA,,25,WATER_PULSE
6706,HISUI_GOODRA,,30,RAIN_DANCE
6706,HISUI_GOODRA,,35,DRAGON_PULSE
6706,HISUI_GOODRA,,43,CURSE
6706,HISUI_GOODRA,,49,BODY_SLAM
6706,HISUI_GOODRA,,49,IRON_HEAD
6706,HISUI_GOODRA,,58,MUDDY_WATER
6706,HISUI_GOODRA,,67,HEAVY_SLAM
6713,HISUI_AVALUGG,,EVOLVE_MOVE,ROCK_SLIDE
6713,HISUI_AVALUGG,,1,TACKLE
6713,HISUI_AVALUGG,,1,HARDEN
6713,HISUI_AVALUGG,,1,POWDER_SNOW
6713,HISUI_AVALUGG,,1,RAPID_SPIN
6713,HISUI_AVALUGG,,1,WIDE_GUARD
6713,HISUI_AVALUGG,,9,CURSE
6713,HISUI_AVALUGG,,12,ICY_WIND
6713,HISUI_AVALUGG,,15,PROTECT
6713,HISUI_AVALUGG,,18,AVALANCHE
6713,HISUI_AVALUGG,,21,BITE
6713,HISUI_AVALUGG,,24,ICE_FANG
6713,HISUI_AVALUGG,,27,IRON_DEFENSE
6713,HISUI_AVALUGG,,30,RECOVER
6713,HISUI_AVALUGG,,33,CRUNCH
6713,HISUI_AVALUGG,,36,TAKE_DOWN
6713,HISUI_AVALUGG,,41,BLIZZARD
6713,HISUI_AVALUGG,,46,DOUBLE_EDGE
6713,HISUI_AVALUGG,,51,STONE_EDGE
6713,HISUI_AVALUGG,,61,MOUNTAIN_GALE
6724,HISUI_DECIDUEYE,,EVOLVE_MOVE,TRIPLE_ARROWS
6724,HISUI_DECIDUEYE,,RELEARN_MOVE,NASTY_PLOT
6724,HISUI_DECIDUEYE,,1,TACKLE
6724,HISUI_DECIDUEYE,,1,GROWL
6724,HISUI_DECIDUEYE,,1,U_TURN
6724,HISUI_DECIDUEYE,,1,ASTONISH
6724,HISUI_DECIDUEYE,,1,LEAF_STORM
6724,HISUI_DECIDUEYE,,1,LEAFAGE
6724,HISUI_DECIDUEYE,,9,PECK
6724,HISUI_DECIDUEYE,,12,SHADOW_SNEAK
6724,HISUI_DECIDUEYE,,15,RAZOR_LEAF
6724,HISUI_DECIDUEYE,,20,SYNTHESIS
6724,HISUI_DECIDUEYE,,25,PLUCK
6724,HISUI_DECIDUEYE,,30,BULK_UP
6724,HISUI_DECIDUEYE,,37,SUCKER_PUNCH
6724,HISUI_DECIDUEYE,,44,LEAF_BLADE
6724,HISUI_DECIDUEYE,,51,FEATHER_DANCE
6724,HISUI_DECIDUEYE,,58,BRAVE_BIRD
8128,PALDEA_TAUROS,,1,TACKLE
8128,PALDEA_TAUROS,,1,TAIL_WHIP
8128,PALDEA_TAUROS,,5,WORK_UP
8128,PALDEA_TAUROS,,10,DOUBLE_KICK
8128,PALDEA_TAUROS,,20,HEADBUTT
8128,PALDEA_TAUROS,,25,SCARY_FACE
8128,PALDEA_TAUROS,,30,ZEN_HEADBUTT
8128,PALDEA_TAUROS,,35,RAGING_BULL
8128,PALDEA_TAUROS,,40,REST
8128,PALDEA_TAUROS,,45,SWAGGER
8128,PALDEA_TAUROS,,50,THRASH
8128,PALDEA_TAUROS,,60,CLOSE_COMBAT
8128,PALDEA_TAUROS,combat,15,ASSURANCE
8128,PALDEA_TAUROS,combat,55,DOUBLE_EDGE
8128,PALDEA_TAUROS,blaze,15,FLAME_CHARGE
8128,PALDEA_TAUROS,blaze,55,FLARE_BLITZ
8128,PALDEA_TAUROS,aqua,15,AQUA_JET
8128,PALDEA_TAUROS,aqua,55,WAVE_CRASH
8194,PALDEA_WOOPER,,1,TAIL_WHIP
8194,PALDEA_WOOPER,,1,MUD_SHOT
8194,PALDEA_WOOPER,,4,TACKLE
8194,PALDEA_WOOPER,,8,POISON_TAIL
8194,PALDEA_WOOPER,,12,TOXIC_SPIKES
8194,PALDEA_WOOPER,,16,SLAM
8194,PALDEA_WOOPER,,21,YAWN
8194,PALDEA_WOOPER,,24,POISON_JAB
8194,PALDEA_WOOPER,,28,SLUDGE_WAVE
8194,PALDEA_WOOPER,,32,AMNESIA
8194,PALDEA_WOOPER,,36,TOXIC
8194,PALDEA_WOOPER,,40,EARTHQUAKE
8901,BLOODMOON_URSALUNA,,RELEARN_MOVE,MOONLIGHT
8901,BLOODMOON_URSALUNA,,1,HEADLONG_RUSH
8901,BLOODMOON_URSALUNA,,1,SCRATCH
8901,BLOODMOON_URSALUNA,,1,LEER
8901,BLOODMOON_URSALUNA,,1,LICK
8901,BLOODMOON_URSALUNA,,8,FURY_SWIPES
8901,BLOODMOON_URSALUNA,,13,PAYBACK
8901,BLOODMOON_URSALUNA,,17,HARDEN
8901,BLOODMOON_URSALUNA,,22,SLASH
8901,BLOODMOON_URSALUNA,,25,PLAY_NICE
8901,BLOODMOON_URSALUNA,,35,SCARY_FACE
8901,BLOODMOON_URSALUNA,,41,REST
8901,BLOODMOON_URSALUNA,,41,SNORE
8901,BLOODMOON_URSALUNA,,48,EARTH_POWER
8901,BLOODMOON_URSALUNA,,56,MOONBLAST
8901,BLOODMOON_URSALUNA,,64,HAMMER_ARM
8901,BLOODMOON_URSALUNA,,70,BLOOD_MOON